#,question_id,pubmed_id,answer,question_body,exact_answer
0,1,67fc20ee18b1e36f2e00012a,"No, glioblastoma tumors exhibit low lymphocyte infiltration.",Do glioblastoma tumors have a high degree of lymphocyte infiltration?,no
1,2,67ed650c18b1e36f2e0000fe,"No, no single infectious agent has been definitively identified as the cause of IBS.",Has any single infectious agent been identified as the cause of irritable bowel syndrome?,no
2,3,67daf71018b1e36f2e000057,"Yes, pollinosis is the term for allergic reactions to pollen, most commonly from trees or grasses.",Is pollinosis another name for allergies to tree or grass pollen?,yes
3,4,67d4903418b1e36f2e000018,"Yes, SATB1.",Which gene shapes the 3D enhancer network of the developing T cell genome?,[['SATB1']]
4,5,67f6f14118b1e36f2e000100,"Yes, mesenchymal-like glioblastoma cells exhibit increased immune evasion, with higher TAM infiltration, PD‑1/PD‑L1 expression, and epigenetic immunoediting reshaping the tumor microenvironment.",Do mesenchymal-like glioblastoma cells show increased immune evasion?,yes
5,6,67fc546c18b1e36f2e000130,"Yes, several antibiotics (e.g., azithromycin, moxifloxacin, doxycycline, cefotaxime) have been reported to induce hiccups.",Has Antibiotic use induced hiccups?,yes
6,7,67d6c10618b1e36f2e000027,"No, surfactant is also used in adults (e.g., aerosol therapy for SARS‑CoV‑2 hypoxemia) and in other clinical contexts beyond neonatology.",Is the use of surfactant restricted to neonatology?,no
7,8,67d497c418b1e36f2e00001a,"Yes, liver RBFOX2 regulates cholesterol homeostasis by modulating Scarb1 alternative splicing, influencing lipid metabolism and protecting against lipotoxicity.",What's the effect of liver RBFOX2?,[['Liver RBFOX2 regulates cholesterol homeostasis via Scarb1 alternative splicing in mice.']]
8,9,67da131f18b1e36f2e000053,"Yes, glioblastoma shifts toward a mesenchymal phenotype during recurrence, reflecting proneural‑to‑mesenchymal transition and altered cell‑state composition.",Is there a shift in the cell states of glioblastoma during recurrence?,yes
9,10,67f8ea8318b1e36f2e000107,"Yes, formoterol is a full β₂‑agonist with a rapid onset of bronchodilation, whereas salmeterol is a partial agonist that acts more slowly and has a longer duration but lower intrinsic efficacy.",What is the difference in action between fomoterol and salmeterol?,"[['Formoterol has a faster onset of action compared with salmeterol', 'formoterol is a full beta2-adrenergic agonist, whereas salmeterol is a partial agonist at the beta2-adrenoceptor']]"
10,11,67d7fe1718b1e36f2e000043,"Yes, Aedes aegypti and Aedes albopictus.",Vector of dengue infection.,"[['Aedes aegypti mosquitos', 'Aedes albopictus', 'Mosquitos']]"
11,12,67dedd6818b1e36f2e000061,"Yes, MILTON.",Which ensemble machine-learning framework has been developed harnessing UK biobank data?,"[['MILTON', 'Machine learning with phenotype associations']]"
12,13,67fd5d6e18b1e36f2e000139,"Yes, chromosome 10q (especially the 10q24‑q26 region, including the PTEN locus) is frequently lost in secondary glioblastoma.",What is a frequently lost chromosomal region in secondary glioblastoma?,"[['Chromosome 10q', '10q', 'loss of chromosome 10q', 'LOH on 10q']]"
13,14,67fc2f7818b1e36f2e00012c,"Yes, PTEN loss in GBM drives immune exclusion, reduces T‑cell infiltration, and diminishes response to checkpoint inhibitors, contributing to immunotherapy resistance.",Does PTEN loss in GBM contribute to resistance against immunotherapy?,yes
14,15,67cf221a81b1027333000022,"Yes, Wharton's jelly from the umbilical cord.",What tissue would be used to derive  Wharton's Jelly Mesenchymal Stem Cells?,[['Human umbilical cord (hUC)']]
15,16,67e5557c18b1e36f2e0000ac,"Yes, the target of fezolinetant is the neurokinin 3 receptor (NK3R).",What is the target of fezolinetant?,[['neurokinin 3 receptor']]
16,17,67cdc78381b102733300001a,"Yes, biliary atresia commonly affects newborns, presenting in the first weeks of life.",What age group is commonly affected by biliary atresia?,"[['infants', 'neonates', 'newborns', 'babies']]"
17,18,680a078618b1e36f2e000146,"No, microglia arise from yolk‑sac progenitors and are ontogenetically distinct from peripheral macrophages.",Are microglia derived from the same lineage as peripheral macrophages?,no
18,19,680a21eb18b1e36f2e000150,"Yes, oligodendrocytes are the glial cells that myelinate CNS axons.",What glial cells are responsible for myelination in the CNS?,"[['Oligodendrocytes', 'Oligodendrocytes (OLs)', 'OLs', 'oligodendrocyte lineage cells', 'Oligodendroglial cells']]"
19,20,67e270d318b1e36f2e000075,"Yes, congenital cytomegalovirus infection is the most common infectious cause of congenital deafness.",Most common infectious cause of congenital deafness.,"[['CMV infection during pregnancy', 'rubella']]"
20,21,67fe5f0918b1e36f2e000144,"Yes, NAFLD.",What is the previous acronym for Metabolic Dysfunction-Associated Steatotic Liver Diasease  (MASLD)?,"[['NAFLD', 'NASH', 'MASH']]"
21,22,6810c27b353a4a2e6b000010,"Yes, sertraline is approved for use in children as young as 6 years old, including those under 10, but it requires careful dosing, monitoring for side effects, and regular follow‑up.",Can sertraline be used in children under 10?,yes
22,23,67e1356018b1e36f2e000070,"Yes, in the cerebral cortex of the brain.",Where in the body would the  sublci and gyri be found?,[['brain']]
23,24,67fce47a18b1e36f2e000136,"Yes, neuroblastoma shares mesenchymal-like transcriptional programs with TNBC.",Does neuroblastoma share mesenchymal-like transcriptional programs with triple-negative breast cancer (TNBC)?,yes
24,25,67e7df6118b1e36f2e0000d8,"Yes, MiDAS 4.",Which database serves as a catalogue of full-length 16S rRNA gene sequences from bacteria in wastewater treatment plants?,[['MiDAS 4']]
25,26,67e7db2918b1e36f2e0000d6,"Yes, 14.",What is currently the number of germline associations with clonal hematopoiesis in European-ancestry populations?,[['14']]
26,27,67c9e7ee81b1027333000007,"Yes, it refers to the unexpected lack of correlation between body size/lifespan and cancer incidence across species.",Is Peto's Paradox associated with cancer rates?,yes
27,28,67fbe2ab18b1e36f2e000116,"Yes, hyaluronic acid injections can reduce knee pain and improve function, though benefits vary by patient and dosing regimen.",Do hyaluronic acid injections improve knee pain?,yes
28,29,67eb822e18b1e36f2e0000f1,"Yes, the TET family of enzymes (Ten‑eleven translocation proteins) are the characteristic enzymes responsible for DNA demethylation.",What is a characteristic family of enzymes that are responsible for DNA demethylation?,"[['Ten-eleven translocation (TET) family enzymes', 'TET enzymes', 'ten-eleven translocation', 'Ten-eleven translocation (Tet) proteins', 'TET1/2/3', 'TETs 1, 2 and 3', 'ten-eleven translocation (TET) family of enzymes', 'TET']]"
29,30,67df1a1d18b1e36f2e000065,"Yes, the missense variant is NM_017785.5:g.169588475 G>A, resulting in p.Arg20Gln.",Which missense variant in SPDL1 is associated with IPF?,[['NM_017785.5:g.169588475\u2009G\u2009>\u2009A p.Arg20Gln']]
30,31,680fe1e3353a4a2e6b00000f,"No, an SNP is a common single‑base variant (>1 % of the population), whereas a mutation is a rarer change (<1 %).",Is a single-nucleotide polymorphism (SNP) the same as a mutation?,no
31,32,680a07f918b1e36f2e00014a,"Yes, mitochondria produce ATP.",What organelle is responsible for ATP production?,"[['Mitochondria', 'Mitochondrion']]"
32,33,67e6d06918b1e36f2e0000d2,"Yes, galcanezumab has shown efficacy for vestibular migraine, with significant reductions in vertigo frequency, VM‑PATHI, and DHI scores in a placebo‑controlled RCT and high response rates in an observational cohort.",Can Galcanezumab be used for Vestibular Migraine?,yes
33,34,67d4161318b1e36f2e00000a,"Yes, nucleosomal DNA retains topological memory, as its DNA topology is imprinted by its native chromatin context and persists when relocated.",Does nucleosomal DNA have topological memory?,yes
34,35,67c7708481b1027333000002,"No, MPS‑PS is autosomal recessive, not X‑linked.",Is mucopolysaccharidosis-plus syndrome (MPSPS) a X-linked disease?,no
35,36,6810fef8353a4a2e6b000016,"Yes, it was used to treat threatened abortion (prevent miscarriage).",What complication of pregnancy was treated with  Diethylstilbestrol,"[['preventing miscarriage', 'prevention of miscarriage', 'miscarriage prevention']]"
36,37,67e56b5418b1e36f2e0000ad,"Yes, Abelacimab targets Factor XI (FXI) and its activated form FXIa.",What is the target of Abelacimab?,[['factor XI']]
37,38,67e014c918b1e36f2e000068,"Yes, it is a liver‑activated prodrug that inhibits ATP‑citrate lyase, blocking cholesterol synthesis and up‑regulating LDL receptors; it also activates AMPK, reducing lipogenesis and inflammation.",What is the mode of action of Bempedoic acid?,[['adenosine triphosphate (ATP)-citrate lyase inhibitor']]
38,39,67e6ce6e18b1e36f2e0000cf,"Yes, 14,287 primary genetic associations were identified.",How many primary genetic associations were identified through pQTL mapping within the Pharma Proteomics Project?,"[['14,287 primary genetic associations']]"
39,40,67cc9bef81b1027333000013,"Yes, DRESS is a severe drug‑induced hypersensitivity reaction—Drug Reaction with Eosinophilia and Systemic Symptoms—manifesting as rash, fever, eosinophilia, and multi‑organ involvement, necessitating immediate cessation of the culprit drug and corticosteroid treatment.",What is DRESS in the context of drug therapy?,[['Drug reaction with eosinophilia and systemic symptoms']]
40,41,67e6cd6a18b1e36f2e0000ce,"No, it did not show efficacy for Friedreich's Ataxia.",Is Luvadaxistat effective for Friedreich's Ataxia?,no
41,42,67eb817c18b1e36f2e0000f0,"Yes, about 14.6 months.",What is the median survival time for glioblastoma patients with standard treatment?,"[['15 months', '12-15 months', '12 to 15 months', '14-16 months', '14 to 15 months', '14-15 months', '14.5 months', '14.6 months']]"
42,43,67c9e84181b1027333000008,"Yes, Listeriolysin O is associated with phagosomal escape via pore‑forming activity that disrupts host vacuolar membranes.",What cellular process is Listeriolysin associated with?,[['membrane pore forming']]
43,44,67cde99581b102733300001f,"Yes, stem‑cell therapies can be used to treat xerostomia.",Can stem cell therapies be used to treat xerostomia,yes
44,45,67d45d5818b1e36f2e000012,"Yes, in the Greek population.",In which population has it been described an association between the CUBN gene and T2DM genetic susceptibility?,[['Greek']]
45,46,67cdbdb981b1027333000018,"Yes, adnexal masses arise from ovarian, fallopian‑tube, or adjacent connective tissues.",What tissue is the origin of adnexal masses.,"[['ovaries, fallopian tubes or nearby tissue.']]"
46,47,67d41b8518b1e36f2e00000d,"Yes, AGRN has been identified as a risk locus for myasthenia gravis in genome‑wide association studies.",Is there any role between AGRN and Myasthenia gravis?,yes
47,48,67fb064318b1e36f2e00010d,"Yes, aptamers are made of single‑stranded DNA or RNA oligonucleotides.",What are aptamers made of?,[['nucleic acid']]
48,49,67d7228818b1e36f2e000034,"Yes, roughly 22 years for men and 28 years for women after diagnosis.",Mean survival after a diagnosis of multiple sclerosis.,[['Survival shorter than the general population by 7-9 years']]
49,50,67e6bf8818b1e36f2e0000c5,"Yes, ANGPTL3.",What is the target of Zodasiran?,[['ANGPTL3']]
50,51,680f4c63353a4a2e6b00000d,"Yes, the standard pharmacological treatment of urinary schistosomiasis is praziquantel (40 mg /kg single oral dose). Historically metrifonate (3 × 7.5‑10 mg /kg fortnightly) was used, and artemisinin derivatives (e.g., artesunate) have shown activity. Combination regimens such as praziquantel plus artesunate can improve cure rates and reduce morbidity.",What is the pharmacological treatment of urinary schistosomiasis?,"[['Praziquantel', 'oxamquinine']]"
51,52,680a083218b1e36f2e00014d,"Yes, microglia are actively involved in synaptic pruning during development, engulfing excess synapses in an activity‑ and complement‑dependent manner.",Are microglia involved in synaptic pruning during development?,yes
52,53,67e133f118b1e36f2e00006f,"Yes, pregnant women consume Calabash chalk as a traditional remedy to relieve morning sickness.",Why is Calabash chalk consumed by pregnant women?,[['antiemetic']]
53,54,6810f6f0353a4a2e6b000015,"No, GLP‑1 receptor agonists are approved for obesity only in children older than 12 years; use in those under 10 years is not currently authorized.",Can GLP-1 receptor agonists be used for obesity in children under 10 years of age?,no
54,55,67e4165d18b1e36f2e0000a6,"Yes, anti‑TNF agents and most biologics show no increased risk of malformations and are considered safe in pregnancy, though late‑trimester exposure may raise infection risk and data for newer biologics remain limited.",Are biologicals safe during pregnancy?,no
55,56,67e6b34318b1e36f2e0000b9,"Yes, Ebola virus disease.",rVSV-ZEBOV-GP is used for which disease?,[['Ebola virus']]
56,57,67d496ed18b1e36f2e000019,"Yes, 20% increase.",What's the increase in CORE profiles in JASPAR 2024 compared to the previous version?,[['20%']]
57,58,67cc826c81b102733300000b,"No, GA is a retinal condition affecting the eye, not the hand or foot.",Is Geographic Atrophy(GA) found in the hand or foot?,no
58,59,67dede2918b1e36f2e000062,"Yes, DrugnomeAI.",Which ensemble machine-learning framework has been developed for predicting druggability?,[['DrugnomeAI']]
59,60,67fc323818b1e36f2e00012d,"Yes, enhancer hijacking.",What is the term for when a structural rearrangement places an oncogene under the control of a foreign enhancer?,"[['Enhancer hijacking', 'Enhancer miswiring', 'Super-enhancer hijacking', 'ectopic enhancer hijacking', 'Hijacked enhancer-promoter loops']]"
60,61,680d5e47353a4a2e6b000005,"Yes, bronchiectasis is chronic.",Is bronchiectasis a chronic or acute condition?,[['Chronic']]
61,62,67e6c0f618b1e36f2e0000c7,"Yes, fasudil is approved for treating subarachnoid haemorrhage, particularly to prevent and treat vasospasm.",Can Fasudil be used for subarachnoid haemorrhage?,yes
62,63,67d6be8a18b1e36f2e000022,"Yes, newborns can develop primary congenital glaucoma, a rare but recognized condition.",Can newborns have glaucoma?,yes
63,64,67e94f4418b1e36f2e0000dc,"No, ameloblastoma is usually a benign odontogenic tumor, though rare variants can metastasize or transform into malignant ameloblastic carcinoma.",Is Ameloblastoma a malignant type of cancer?,no
64,65,67eb6ea518b1e36f2e0000e9,"Yes, melanomas can arise on non‑sun‑exposed sites such as mucosal, acral, and uveal areas.",Can melanoma occur in areas not exposed to sunlight?,yes
65,66,662fc277187cba990d000013,"Maybe. CMS shows predictive promise for therapy selection and prognosis, but routine clinical adoption remains limited pending prospective validation.",Does the consensus molecular subtype (CMS) classification for colorectal cancer any use in routine clinical practice?,no
66,67,67c9e75881b1027333000006,"Yes, CD47 functions as a “don’t eat me” signal that inhibits macrophage phagocytosis and regulates cell adhesion, migration, and immune homeostasis.",What is the function of CD47,"[['prevents phagocyttosis, regulation of cellular processes']]"
67,68,67fbe25118b1e36f2e000115,"Yes, obesity shows strong familial aggregation and heritability (40‑80 %), indicating it is a familial syndrome.",Is obesity a familial syndrome?,yes
68,69,67ded64018b1e36f2e000060,"Yes, in drug delivery the payload is the active therapeutic or cytotoxic compound that is carried by a carrier (antibody, peptide, etc.) to the target site, where it is released to exert its effect.",What is a payload in the context of a drug?,"[['Active/cytotoxic component of ADC,']]"
69,70,67fbee9818b1e36f2e000124,"Yes, up to about 30 % of GBM cells are macrophages/microglia.",What proportion of the cells in GBM are typically macrophages/microglia?,"[['30-50%', '40%', 'up to 50%', '30-40%']]"
70,71,67e26d6218b1e36f2e000074,"Yes, typically 20–50 years old.",Typical age range of onset of systemic scleroderma.,[['50+-16 years']]
71,72,67cde41a81b102733300001d,"Yes, urolithiasis is the medical term for kidney stones.",Is urolithiasis the same thing as kidney stones?,yes
72,73,67e6c9d518b1e36f2e0000cd,"Yes, 9,950 individuals.",How many individuals were selected for generation of whole-genome sequencing data in the Mexico City Prospective Study?,"[['9,950']]"
73,74,67dc41a618b1e36f2e000059,"No, loss of LKB1/STK11 does not promote resistance; it reveals a leptin‑mediated sensitivity to mitochondrial uncouplers, making tumors more vulnerable to targeted therapy.",Does loss of the tumour suppressor LKB1/STK11 contribute to cancer resistance?,no
74,75,67e2cd8b18b1e36f2e000097,"Yes, the main treatment is N‑acetylcysteine (acetylcysteine) given IV or orally within 8 h of ingestion, often combined with gastric lavage, activated charcoal, fluid and dextrose support, and monitoring of liver/renal function.",What is the treatment for paracetamol intoxication?,"[['N-acetylcysteine', 'Activated charcoal', 'gastric lavage', 'Liver transplantation']]"
75,76,67ded55318b1e36f2e00005f,"Yes, botulinum toxin A is used for treating arthritis pain, including knee osteoarthritis and inflammatory arthritis, as shown in multiple studies.",Is botulism toxin A used to treat arthritis?,yes
76,77,67fbe7b818b1e36f2e00011f,"Yes, physicians have a higher suicide risk than the general population.",Are physicians at higher risk of suicide than the general population?,yes
77,78,67cc9d4c81b1027333000015,"Yes, ameloglyphics (tooth prints) are reliable for forensic identification, especially in adverse conditions such as burns or acid exposure.",Are ameleographics (AKA tooth prints) useful for forensic identification?,yes
78,79,6810cb23353a4a2e6b000012,"Yes, palivizumab is the only approved biopharmaceutical for high‑risk infants with bronchiolitis; other monoclonal antibodies and antiviral agents are in development but not yet standard care.",Biopharmaceuticals for pediatric bronchiolitis.,"[['the monoclonal antibody palivizumab', 'nirsevimab']]"
79,80,67eb70ee18b1e36f2e0000eb,"No, extracranial metastasis of glioblastoma is rare, occurring in less than 2 % of cases.",Does glioblastoma commonly metastasize outside the central nervous system (CNS)?,no
80,81,6810ff8f353a4a2e6b000017,"No, laparoscopic salpingectomy is not used to treat testicular cancer.",Is Laparoscopic salpingectomy used to treat testicular cancer?,no
81,82,67e0906c18b1e36f2e00006b,"Yes, a seroma is a localized collection of serous fluid that accumulates in dead spaces created by surgical dissection, commonly after procedures such as mastectomy, abdominal surgery, or implant placement.",What is a seroma?,[['Serous fluid filled lump']]
82,83,67d751e418b1e36f2e000040,"Yes, POLR2M.",Which protein is silencing MIR139 in order to promote AML oncogenesis?,"[['POLR2M', 'RNA Polymerase 2 Subunit M']]"
83,84,67e090be18b1e36f2e00006c,"Yes, Bacillus clausii is a probiotic.",Is Bacillus Clausii a probiotic?,yes
84,85,67d03a2581b1027333000028,"No, Anopheles is a mosquito genus, not a parasitic fly.",is Anopheles the genus of a parasitic fly?,no
85,86,67e2b0a018b1e36f2e00008b,"Yes, Escherichia coli.",Bacteria that most commonly causes urinary tract infection.,[['Escherichia coli']]
86,87,67fbd58c18b1e36f2e00010e,"Yes, misfolded and aggregated proteins accumulate in neurodegenerative illnesses, leading to neuronal dysfunction and ultimately neuronal death.","Do misfolded and aggregated proteins build up in neurodegenerative illnesses, which causes neuronal dysfunction and ultimately neuronal death?",yes
87,88,67d3434d18b1e36f2e000002,"Yes, the BioASQ Synergy challenge.",Which biomedical challenge has been designed to facilitate interaction between biomedical experts and automated question-answering systems in order to promote COVID-19 research?,[['BioASQ Synergy']]
88,89,67d34ad518b1e36f2e000005,"Yes, high WEE1 expression is linked to PARP inhibition resistance.",Is high WEE1 expression linked to PARP inhibition resistance?,yes
89,90,67d48f6c18b1e36f2e000017,"Yes, SEGCOND.",Which computational method exists for prediction of transcriptional condensate-associated genomic regions?,"[['SEGCOND', 'CondSigDetector', 'condsigdetector']]"
90,91,67e2958018b1e36f2e000084,"Yes, numerous family, twin, candidate‑gene, GWAS, and epigenetic studies investigate suicide genetics.",Are there any studies on the genetics of suicide?,yes
91,92,6810db0a353a4a2e6b000014,"No, the cause of fibromyalgia is unknown.",What is the cause of Fibromyalgia?,[['unknown']]
92,93,680f4a68353a4a2e6b000007,"Yes, biologics such as TNF‑α inhibitors (etanercept, infliximab, adalimumab) and IL inhibitors (ustekinumab) are increasingly used to treat depression, with evidence of symptom improvement.",Do biopharmaceuticals have a role in the treatment of depression?,yes
93,94,67e2944218b1e36f2e000083,"Yes, BioPAXViz.",Which cytoscape application has been developed for the study of metabolic pathway evolution?,[['BioPAXViz']]
94,95,67faf34018b1e36f2e00010a,"No, high values of blood pressure, BMI, and non‑HDL cholesterol are not linked to increased late‑life dementia risk; low values of these factors have been associated with higher risk.","Have high values of blood pressure, body mass index (BMI), and non-high-density lipoprotein (HDL) cholesterol been associated with increased dementia risk in late life?",no
95,96,67cc97c481b1027333000012,"Yes, it is performed on the heart, redirecting venous blood to the pulmonary arteries in patients with single‑ventricle physiology.",On what part of the body is Fontan Palliation(AKA Fontan proceedure) performed?,[['heart vena cava and pulmoary artery']]
96,97,67e6bdc618b1e36f2e0000c2,"Yes, it targets TL1A.",What is the target of Tulisokibart?,[['tumor necrosis factor-like cytokine 1A']]
97,98,67fd734e18b1e36f2e00013f,"Yes, both CD8+ T cells and NK cells express perforin and granzyme B.",Do CD8+ T cells and NK cells both express cytotoxic granules like perforin and granzyme B?,yes
98,99,67e5712e18b1e36f2e0000b2,"Yes, secondary syphilis.",Plaques en Prairie Fauchée are specific to which disease?,[['secondary syphilis']]
99,100,67e26b0b18b1e36f2e000073,"No, it is more common in women, especially post‑menopausal.",Is takotsubo cardiomyopathy more common in men?,no
100,101,662154f0b9f8b89d7e000009,"Yes, a triplet regimen such as FOLFOXIRI combined with bevacizumab (or an anti‑EGFR agent for RAS‑wild‑type tumors) is the preferred conversion therapy for potentially resectable liver metastases.",What is the most appropriate systemic treatment for conversion therapy in colorectal cancer with potentially resectable liver metastasis?,"[['mFOLFOXIRI and Bevacizumab', 'FOLFIRINOX plus Bevacizumab', 'FOLFOXIRI plus bevacizumab', 'FOLFOXIRI+bevacizumab', 'FOLFOXIRI chemotherapy regimen', 'FOLFOXIRI-Bev regimen']]"
101,102,67fbe49218b1e36f2e00011b,"Yes, schizophrenia can be diagnosed after 50, as late‑onset and very‑late‑onset schizophrenia‑like psychosis occur in older adults.",Can schizophrenia be diagnosed after 50?,yes
102,103,67eb86d618b1e36f2e0000f2,"Yes, a single gene can be regulated by multiple enhancers.",Can a single gene be regulated by multiple enhancers?,yes
103,104,68110110353a4a2e6b000018,"Yes, N‑acetylcysteine improves survival in acute liver failure from paracetamol overdose (48% vs 20%, p = 0.037).",In patients with acute liver failure associated with  paracetamol overdose does  N‐acetylcysteine treatment improve survival?.,yes
104,105,67e28ded18b1e36f2e000080,"Yes, varicocele.",Most common reversible cause of infertility in men.,[['Varicocele']]
105,106,67e5530418b1e36f2e0000aa,"Yes, plozasiran lowers pancreatitis risk, showing a significant reduction in acute pancreatitis incidence in trials.",Does Plozasiran reduce the risk of pancreatitis?,yes
106,107,67f857eb18b1e36f2e000105,"Yes, delirium is a frequent complication after cardiac surgery.",Is delirium a frequent complication after cardiac surgery?,yes
107,108,67eaf29c18b1e36f2e0000e0,"Yes, BRAF V600E.",What mutation is found in about 50% of melanomas?,"[['BRAF V600E', 'BRAF V600', 'BRAF c.1799T>A (p.V600E) mutation', 'BRAF c.1799T>A', 'BRAFV600E mutation', 'V600E mutation in the BRAF gene', '(V600E)B-RAF mutation']]"
108,109,67d6bda918b1e36f2e000021,"Yes, African trypanosomiasis is caused by the protozoan parasite *Trypanosoma brucei*, transmitted to humans by bites of tsetse flies.",What is the cause of African trypanosomiasis?,"[['Trypanosoma brucei', 'Trypanosoma brucei gambiense', 'Trypanosoma brucei rhodesiense', 'Trypanosoma species transmitted by tsetse flies']]"
109,110,67e2d99318b1e36f2e00009e,"Yes, CNVs contribute to the genetic architecture of familial generalized and focal epilepsies.",Do CNVs contribute to the genetic architecture of familial generalized and focal epilepsies?,yes
110,111,67e2b8a818b1e36f2e000091,"Yes, biologics are used in pancreatic cancer, most notably the EGFR‑targeting tyrosine‑kinase inhibitor erlotinib, which is combined with gemcitabine for a modest survival benefit.",Are biologics used in pancreatic cancer?,yes
111,112,67fb046e18b1e36f2e00010c,"Yes, HER2 (ERBB2).",What is the gene target for  Zanidatamab?,[['HER-2']]
112,113,67e40c0f18b1e36f2e0000a2,"Yes, maternal CMV transmission can be reduced by routine first‑trimester serological screening and early antiviral prophylaxis with oral valaciclovir, which has shown up to 71 % reduction in vertical transmission in primary infections.",Prevention of maternal transmission of CMV infection.,"[['Valganciclovir and Valaciclovir', 'Hyperimmunoglobulin administration']]"
113,114,67fbe68c18b1e36f2e00011e,"Yes, men should begin screening at age 50 for average‑risk men, and at age 45 (or earlier, e.g., 40) for high‑risk groups.",At which age should men start prostate cancer screening?,"[['Family history of PCa, race/ethnicity, pathogenic variants (particularly BRCA2, MSH2, and HOXB13), and PRS are associated with increased PCa risk and should be considered in shared decision-making to determine PCa screening regimens.', 'between 50-70 years of age', 'Age 45 for high-risk men']]"
114,115,67da0c0f18b1e36f2e000052,"Yes, EGFRvIII.",What is the most common EGFR mutation in glioblastoma multiforme?,"[['EGFRvIII', 'Epidermal growth factor receptor variant type III', 'EGFRvIII mutation', 'EGFR variant III', 'egfrviii', 'EGFR type III', 'EGFR variant type III (EGFRvIII)', 'epidermal growth factor receptor variant type III (EGFRvIII)', 'EGFR variant III (vIII)', 'EGFR variant type III']]"
115,116,67d7203018b1e36f2e00002d,"Yes, roughly 1–2 cases per 1,000 births.",Estimated prevalence of postpartum psychosis.,"[['0.89-2.6 per 1,000 births']]"
116,117,67d721d118b1e36f2e000031,"Yes, systemic beta‑lactams can disrupt the human microbiome, leading to dysbiosis and opportunistic infections.",Are systemic beta lactams considered harmful to the human microbiome?,yes
117,118,67e6d1b518b1e36f2e0000d3,"Yes, TET2‑CH is associated with increased FLT3 levels.",Which association in clonal haematopoiesis has been identified in the UK biobank proteogenomics study?,[['Association between TET2-CH and increased FLT3 levels.']]
118,119,67f6f18918b1e36f2e000101,"Yes, infiltrating macrophages in GBM derive from bone‑marrow‑derived monocytes.",Where do infiltrating macrophages in GBM derive from?,"[['Bone marrow', 'bone marrow-derived monocytes', 'Bone marrow-derived macrophages']]"
119,120,67d74a9b18b1e36f2e00003a,"Yes, GATA transcription factors (e.g., GATA‑4, GATA‑6) are expressed in the brain, localizing to neurons, astrocytes, endothelial cells, and choroid plexus epithelium.",Are transcription factors of the GATA family found in the brain?,yes
120,121,67e573f418b1e36f2e0000b4,"Yes, preliminary data from PROPEL 2 show increased annualized height velocity, improved height z‑scores and reduced upper‑to‑lower body segment ratio in children, indicating efficacy of infigratinib for achondroplasia.",Is Infigratinib effective for Achondroplasia?,yes
121,122,67e08afd18b1e36f2e00006a,"Yes, it targets calcitonin gene‑related peptide (CGRP).",Eptinezumab is a monclonal antibody direct againest what protein?,[['calcitonin gene-related peptide (CGRP )']]
122,123,67fbe2f318b1e36f2e000117,"Yes, Pilates reduces pelvic pain.",Does pilates reduce pelvic pain?,yes
123,124,67e2bde318b1e36f2e000093,"Yes, obesity is a risk factor for sleep apnea.",Is obesity a risk factor for sleep apnea?,yes
124,125,67c847f581b1027333000003,"Yes, age is the principal risk factor for AMD.",Is age an underlying factor in the eye disease AMD?,yes
125,126,680a079718b1e36f2e000147,"No, NK cells can kill cancer cells without antigen presentation.",Do natural killer (NK) cells require antigen presentation to eliminate cancer cells?,no
126,127,67eb55f418b1e36f2e0000e7,"Yes, EGFR amplification is the most common genetic alteration in primary glioblastoma.",What is the most common genetic alteration in primary glioblastoma?,"[['EGFR amplification', 'EGFR overexpression', 'Epidermal growth factor receptor amplification', 'overexpression/amplification of the EGF receptor', 'Overexpression of EGFR', 'EGFR gene amplification']]"
127,128,67d34fb318b1e36f2e000007,"Yes, large AAAGG repeat expansions are pathogenic in RFC1 repeat expansions.",Which role does AAAGG have in RFC1 repeat expansions?,"[['Pathogenic', 'pathogenic', 'pathogenic when large (>500 repeats)']]"
128,129,67e288d518b1e36f2e00007c,"Yes, Democratic Republic of Congo.",Country with the highest incidence of African Trypanosomiasis (sleeping sickness).,[['Democratic Republic of the Congo']]
129,130,67fbe3cf18b1e36f2e00011a,"Yes, several potential biomarkers have been reported, including plasma 8‑OH‑DG, inflammatory/oxidative clusters, reduced hippocampal NAA/CRE ratio, altered hair testosterone, miR‑124‑3p expression, and OPRK1 methylation.",Is there any biomarker for borderline personality disorder?,no
130,131,67cc89fa81b102733300000c,"Yes, skewed X‑chromosome inactivation is associated with altered gray‑matter volumes and has been linked to differences in IQ and cognitive performance in Klinefelter syndrome.",Is the inactivation of the X chromsome linked to cognition?,yes
131,132,67e4571218b1e36f2e0000a7,"Yes, perampanel is associated with homicidal ideation.",Is perampanel associated with homicidal ideation?,yes
132,133,67d6b4e218b1e36f2e00001e,"Yes, childhood asthma is more common in highly polluted areas, with higher odds ratios for asthma in children exposed to heavy air pollution.",Is childhood asthma more common in highly polluted areas?,yes
133,134,67fc555a18b1e36f2e000131,"Yes, the uterus and fallopian tubes.",What organ is evaluated by Hysterosalpingography (HSG)?,[['fallopian tubes']]
134,135,67e2849218b1e36f2e00007a,"Yes, the most common variant is ΔF508 (deletion of phenylalanine at position 508) in the CFTR gene.",What is the most common genetic variant of cystic fibrosis?,"[['CFTR F508del (c.1521_1523delCTT, p.Phe508delPhe)']]"
135,136,67d3518718b1e36f2e000008,"Yes, heterozygous UCHL1 loss‑of‑function variants cause an autosomal‑dominant spastic ataxia (spasticity, ataxia, neuropathy, optic atrophy).",Which disease is caused by heterozygous UCHL1 loss-of-function variants?,"[['A neurodegenerative disorder with spasticity, ataxia, neuropathy, and optic atrophy', 'Neurodegenerative disorder with spasticity, ataxia, neuropathy, and optic atrophy', 'neurodegenerative disorder with spasticity, ataxia, neuropathy, and optic atrophy', 'Neurodegenerative disorder characterized by spasticity, ataxia, neuropathy, and optic atrophy']]"
136,137,67d7fe2618b1e36f2e000044,"Yes, Aedes aegypti and Aedes albopictus are the primary vectors of Zika virus.",Vector of zika virus.,"[['mosquitoes', 'Aedes aegypti', 'Aedes albopictus']]"
137,138,67e6d27518b1e36f2e0000d4,"Yes, it targets the tight‑junction protein Claudin‑18.2 (CLDN18.2).",What is the target of Zolbetuximab?,[['Claudin18.2']]
138,139,67d4354518b1e36f2e000010,"Yes, about 5‑8 % of reproductive‑age women experience PMDD.",Prevalence of Premenstrual Dysphoric Disorder,[['2-8%']]
139,140,680a07ed18b1e36f2e000149,"Yes, acetylcholine.",What neurotransmitter is most associated with muscle activation?,"[['Acetylcholine', 'ACh', 'Acetylcholine (ACh)']]"
140,141,67fd5d6518b1e36f2e000138,"Yes, gain of chromosome 7.",What is a common chromosome-level gain in glioblastoma?,"[['Chromosome 7', 'Gain of chromosome 7', 'Trisomy 7', 'Chromosome 7 gain']]"
141,142,65f7741fc4010b4d78000027,"Yes, roughly 10% of colorectal cancer cases are not assignable to any of the CMS groups.",What proportion of colorectal cancer cases are not assignable to any of the consensus molecular subtype (CMS) groups?,"[['13%', '13% mixed feature cases', 'about 13%']]"
142,143,67e0053118b1e36f2e000067,"Yes, OxiSperm measures ROS via NBT‑reactivity, while MiOXSYS measures static oxidation‑reduction potential (sORP), an oxidative‑stress marker rather than ROS directly.",Do MiOXSYS and OxiSperm measure ROS(Reactive Oxygen Species) in sperm?,no
143,144,67e2b5fb18b1e36f2e00008e,"Yes, a hepatitis B–positive mother can breastfeed if the infant receives hepatitis B vaccine and HBIG at birth; breastfeeding is not a risk factor for transmission.",Can a mother positive for Hepatitis B breastfeed?,yes
144,145,680f4ae9353a4a2e6b000009,"Yes, ECT is used for refractory epilepsy, including intractable seizures and status epilepticus when other treatments fail.",Is Electroconvulsive Therapy used for any type of epilepsy?,yes
145,146,66301d1d187cba990d000026,"Yes, forced vital capacity, total lung capacity, transcutaneous CO₂, and FVC% correlate with clinical severity, ambulation status, scoliosis, and ventilation use in Duchenne muscular dystrophy.",Are respiratory measurements correlated with disease severity in Duchenne Muscular Dystrophy?,yes
146,147,67ca061181b102733300000a,"Yes, XIST mediates X‑chromosome inactivation.",XIST proteins mediate what cellular process?,[['X-Inactivation']]
147,148,67e6bd0e18b1e36f2e0000c1,"Yes, Lenacapavir is tested in HIV‑1 infection, specifically for multidrug‑resistant HIV‑1.",Lenacapavir is tested in which disease?,[['HIV']]
148,149,67e12bc718b1e36f2e00006e,"Yes, the temporomandibular joint can be successfully replaced with alloplastic prostheses, yielding predictable outcomes, improved function, and pain relief.",Can the temporomandibular joint be successfully replaced?,yes
149,150,67e69e7918b1e36f2e0000b7,"Yes, inebilizumab has shown efficacy in phase‑3 trials for IgG4‑related disease, reducing disease flares compared with placebo.",Is Inebilizumab effective for the IgG4-Related Disease?,yes
150,151,67fc1a3818b1e36f2e000129,"Yes, a surgical wrap of the gastric fundus around the lower esophagus to prevent reflux.",What is Nissen fundoplication,[['surgical proceedure for hiatal hernia']]
151,152,67cc960381b102733300000f,"Yes, desflurane and sevoflurane are volatile inhaled anesthetics used for induction and maintenance of general anesthesia.",What are desflurane and sevoflurane?,[['anesthetics']]
152,153,67e6c2fa18b1e36f2e0000c8,"No, gepotidacin is not indicated for meningitis.",Can gepotidacin be used for meningitis?,no
153,154,67d7506e18b1e36f2e00003f,"Yes, TEAD transcription factors bind the MCAT motif, typically 5′‑CATTCCT‑3′.",What is the consensus binding site of the TEAD transcription factors?,"[['CATTCCT', ""5'-CATTCCT-3'"", 'MCAT element', ""5'-CATTCCA/T-3'"", 'GGAATG', '5′-GGAATG-3′', ""MCAT element (5'-CATTCCT-3')"", ""M-CAT 5'-CATTCCT-3'"", 'CATTCC']]"
154,155,67fa3c5818b1e36f2e000109,"Yes, BIONDA is a biomedical data integration platform that aggregates, annotates, and provides access to diverse biological and clinical datasets to support research and translational studies.",What is BIONDA,[['Biomarker database']]
155,156,67df18f518b1e36f2e000064,"No, MAP3K15 has not been linked to obesity; it is mainly associated with diabetes risk.",Is MAP3K15 associated with obesity?,no
156,157,680a07a418b1e36f2e000148,"Yes, dendritic cells.",Which cells are the primary antigen-presenting cells?,"[['Dendritic cells', 'DCs', 'Dendritic', 'dendritic cells (DC)']]"
157,158,67d71d8f18b1e36f2e00002b,"Yes, it is an obligate anaerobe.",Is Clostridioides difficile an aerobe or a anaerobe bacterium?,[['strict anaerobe']]
158,159,67e6cf2618b1e36f2e0000d0,"Yes, Zotiraciclib has shown efficacy in preclinical and clinical glioblastoma studies, indicating potential therapeutic benefit.",Should Zotiraciclib be used for glioblastoma?,no
159,160,67dc452018b1e36f2e00005a,"Yes, CYLD functions as an extracellular matrix regulator.",Is CYLD an extracellular matrix regulator?,yes
160,161,67ed4c9018b1e36f2e0000f5,"No, none have been approved for human use.",Is there any DNA vaccine approved for use in humans?,no
161,162,67cec6e781b1027333000021,"No, creatinine is not usually elevated in drug‑induced intestinal neuropathy.",Is creatinine usually elevated in Drug-induced intestinal neuropathy(DAIN)?,no
162,163,67e6be3118b1e36f2e0000c3,"Yes, haemophilia B.",What disease can be treated with Fidanacogene elaparvovec?,[['haemophilia B']]
