question_id,pubmed_id,dataset,answer,short answer,vector_distances_a,vector_scores_a,bm25_scores_a,rerank_sentiments_a,question,vector_scores_question,bm25_scores_raw,bm25_scores_question,reranked_score,ranks,ground_truth,correctness,vector_distances_a_min,vector_distances_a_max,bm25_scores_a_min,bm25_scores_a_max,vector_distances_question_min,vector_distances_question_max,bm25_scores_raw_min,bm25_scores_raw_max,reranked_score_min,reranked_score_max
1,21645374,PubmedQA,"Yes, mitochondria actively remodel lace plant leaves during PCD, shown by their dynamic redistribution, clustering with chloroplasts around the nucleus, and altered membrane potential.",yes,"[94.559, 101.198, 123.31]","[0.734, 0.712, 0.639]","[2.91, 1.531, 1.011]","[['neutral'], ['neutral'], ['neutral']]",Do mitochondria play a role in remodelling lace plant leaves during programmed cell death?,"[153.808, 48.806, 20.132]","[0.746, 0.961, 1.019]","[0, 28.47, 29.29]","[0, 1.424, 1.465]","[0.764, 0.96, 0.221]",yes,correct,94.559,123.31,1.011,2.91,20.132,153.808,0,29.29,0.221,0.96
12,19054501,PubmedQA,"Yes, studies suggest motion perception deficits in schizophrenia arise from impaired extraretinal motion processing linked to abnormal smooth pursuit, indicating the deficits are largely a consequence of eye‚Äëtracking abnormalities.",yes,"[57.205, 59.303, 68.099, 68.22, 72.2, 81.278, 83.79, 101.632]","[0.856, 0.849, 0.821, 0.82, 0.807, 0.777, 0.769, 0.71]","[3.355, 3.355, 3.355, 2.813, 2.813, 2.813, 2.784, 2.784, 2.784, 2.022, 2.022, 2.022, 1.775, 1.775, 1.775, 1.414, 1.414, 1.414, 1.258, 1.258, 1.258, 0.975, 0.975, 0.975]","[['neutral'], ['neutral'], ['neutral'], ['neutral'], ['neutral'], ['contradiction'], ['neutral'], ['contradiction'], ['neutral'], ['neutral'], ['neutral'], ['neutral'], ['neutral'], ['contradiction'], ['neutral'], ['contradiction'], ['neutral'], ['neutral'], ['neutral'], ['neutral'], ['neutral'], ['contradiction'], ['neutral'], ['contradiction']]",Is motion perception deficit in schizophrenia a consequence of eye-tracking abnormality?,"[93.955, 98.787, 105.824, 112.868, 83.626, 105.611, 100.571, 75.655]","[0.868, 0.859, 0.844, 0.83, 0.89, 0.845, 0.855, 0.906]","[0, 0, 0, 0, 0, 0, 17.7, 21.84]","[0, 0, 0, 0, 0, 0, 0.885, 1.092]","[0.935, 0.855, 0.355, 0.335, 0.125, 0.117, 0.993, 0.991]",yes,correct,57.205,101.632,0.975,3.355,75.655,112.868,0,21.84,0.117,0.993
38,23497210,PubmedQA,"Yes, women with major depression in pregnancy can be identified in population health data, but identification is incomplete. Only about 13.6‚ÄØ% of cases appear in both PBS dispensing and HMDS hospital records, and capture‚Äërecapture estimates suggest ~15‚ÄØ% prevalence, indicating many cases are missed in either dataset alone.",yes,"[55.92, 90.524, 90.903, 96.311, 107.723, 118.49, 130.996, 135.528, 136.561]","[0.861, 0.747, 0.746, 0.728, 0.69, 0.655, 0.614, 0.599, 0.596]","[6.799, 4.502, 4.266, 3.163, 2.503, 2.491, 2.456, 1.831, 1.381]","[['contradiction'], ['neutral'], ['neutral'], ['neutral'], ['contradiction'], ['neutral'], ['neutral'], ['neutral'], ['neutral']]",Are women with major depression in pregnancy identifiable in population health data?,"[181.591, 183.31, 197.722, 183.12, 147.594, 146.355, 67.941, 174.747, 0]","[0.689, 0.686, 0.656, 0.686, 0.759, 0.761, 0.922, 0.703, 0]","[0, 0, 0, 0, 0, 0, 13.48, 11.03, 11.46]","[0, 0, 0, 0, 0, 0, 0.674, 0.551, 0.573]","[0.985, 0.863, 0.78, 0.378, 0.174, 0.173, 0.974, 0.849, 0.117]",no,incorrect,55.92,136.561,1.381,6.799,0,197.722,0,13.48,0.117,0.985
45,28127977,PubmedQA,"No, serum leptin levels are not a prognostic factor in advanced lung cancer.",no,"[60.869, 61.375, 78.583, 79.613, 84.348, 103.826, 124.188, 148.311, 155.857]","[0.844, 0.843, 0.786, 0.783, 0.767, 0.703, 0.636, 0.557, 0.532]","[0.966, 0.887, 0.876, 0.839, 0.811, 0.725, 0.484, 0.421, 0.299]","[['contradiction'], ['neutral'], ['neutral'], ['neutral'], ['contradiction'], ['neutral'], ['neutral'], ['neutral'], ['neutral']]",Are serum leptin levels a prognostic factor in advanced lung cancer?,"[135.095, 78.788, 55.691, 142.883, 108.661, 146.502, 121.524, 93.338, 70.905, 100.04]","[0.784, 0.899, 0.947, 0.768, 0.838, 0.761, 0.812, 0.87, 0.916, 0.856]","[0, 0, 0, 0, 0, 0, 0, 17.1, 18.06, 16.81]","[0, 0, 0, 0, 0, 0, 0, 0.855, 0.903, 0.841]","[0.995, 0.993, 0.99, 0.987, 0.885, 0.649, 0.183, 0.988, 0.979, 0.52]",no,correct,60.869,155.857,0.299,0.966,55.691,146.502,0,18.06,0.183,0.995
46,22428608,PubmedQA,"Yes, QTcD predicts LVH in hypertensives.",yes,"[188.404, 224.34, 252.058, 281.018, 285.45]","[0.425, 0.307, 0.216, 0.121, 0.106]","[0.893, 0.518, 0.517, 0.319, 0.22]","[['neutral'], ['neutral'], ['neutral'], ['neutral'], ['neutral']]",Would corrected QT dispersion predict left ventricular hypertrophy in hypertensive patients?,"[126.065, 166.577, 174.852, 83.662, 57.683]","[0.803, 0.72, 0.703, 0.89, 0.943]","[0, 0, 0, 23.74, 23.96]","[0, 0, 0, 1.187, 1.198]","[0.993, 0.914, 0.798, 0.984, 0.94]",yes,correct,188.404,285.45,0.22,0.893,57.683,174.852,0,23.96,0.798,0.993
48,22758782,PubmedQA,"No, regional anesthesia does not reduce morbidity, mortality, or healthcare costs compared with general anesthesia in geriatric hip‚Äëfracture surgery.",no,"[121.08, 134.289, 134.431, 165.403, 172.456, 175.385, 208.658]","[0.646, 0.603, 0.603, 0.501, 0.478, 0.468, 0.359]","[3.143, 2.05, 1.838, 1.622, 1.078, 0.81, 0.726]","[['contradiction'], ['neutral'], ['neutral'], ['neutral'], ['neutral'], ['neutral'], ['neutral']]","Regional anesthesia as compared with general anesthesia for surgery in geriatric patients with hip fracture: does it decrease morbidity, mortality, and health care costs?","[138.923, 142.92, 169.592, 120.106, 96.68, 40.315, 86.281]","[0.777, 0.768, 0.714, 0.815, 0.863, 0.978, 0.884]","[0, 0, 0, 0, 0, 26.07, 26.36]","[0, 0, 0, 0, 0, 1.304, 1.318]","[0.979, 0.955, 0.929, 0.539, 0.173, 0.957, 0.956]",no,correct,121.08,208.658,0.726,3.143,40.315,169.592,0,26.36,0.173,0.979
68,9767546,PubmedQA,"Yes, the elevated pentosidine, MDA‚Äëlysine and CML in uremic plasma show increased oxidative stress, reflecting a broad derangement in non‚Äëenzymatic carbohydrate and lipid autoxidation.",yes,"[122.081, 126.018, 131.063, 143.12, 173.743, 178.312]","[0.643, 0.63, 0.614, 0.574, 0.473, 0.458]","[3.241, 3.131, 3.007, 2.832, 2.125, 1.905]","[['contradiction'], ['neutral'], ['neutral'], ['neutral'], ['neutral'], ['neutral']]",Autoxidation products of both carbohydrates and lipids are increased in uremic plasma: is there oxidative stress in uremia?,"[170.677, 150.758, 184.191, 173.477, 53.676, 127.708]","[0.712, 0.752, 0.684, 0.706, 0.951, 0.799]","[0, 0, 0, 0, 33.55, 25.25]","[0, 0, 0, 0, 1.677, 1.263]","[0.982, 0.822, 0.821, 0.4, 0.865, 0.479]",yes,correct,122.081,178.312,1.905,3.241,53.676,184.191,0,33.55,0.4,0.982
70,24809662,PubmedQA,"No, concomitant anterior/apical repair does not provide additional improvement in the overactive bladder component beyond what is achieved with a midurethral sling alone.",no,"[92.183, 194.338, 207.859, 240.649]","[0.741, 0.406, 0.361, 0.254]","[3.135, 2.09, 1.472, 0.333]","[['neutral'], ['entailment'], ['contradiction'], ['neutral']]",Does concomitant anterior/apical repair during midurethral sling improve the overactive bladder component of mixed incontinence?,"[221.1, 192.772, 51.979, 193.338]","[0.609, 0.666, 0.954, 0.665]","[0, 29.78, 38.62, 20.02]","[0, 1.489, 1.931, 1.001]","[0.549, 0.978, 0.941, 0.42]",no,correct,92.183,240.649,0.333,3.135,51.979,221.1,0,38.62,0.42,0.978
73,20382292,PubmedQA,"Yes, knee extensor strength is positively correlated with dynamic stability, and dynamic stability is positively correlated with functional ambulation in Parkinson‚Äôs disease; however, knee extensor strength itself does not directly predict functional ambulation.",yes,"[59.076, 73.138, 75.964, 77.237, 83.827, 101.478, 101.966, 108.97, 109.218, 130.205]","[0.85, 0.804, 0.795, 0.791, 0.769, 0.711, 0.709, 0.686, 0.685, 0.617]","[3.858, 3.459, 2.562, 2.125, 1.776, 1.739, 1.169, 1.11, 0.732, 0.686]","[['neutral'], ['contradiction'], ['neutral'], ['neutral'], ['neutral'], ['neutral'], ['neutral'], ['neutral'], ['neutral'], ['neutral']]","Knee extensor strength, dynamic stability, and functional ambulation: are they related in Parkinson's disease?","[167.089, 130.699, 151.602, 118.337, 145.028, 133.573, 130.71, 163.179, 111.731, 118.793]","[0.719, 0.793, 0.751, 0.819, 0.764, 0.787, 0.793, 0.727, 0.832, 0.818]","[0, 0, 0, 0, 0, 0, 0, 0, 24.48, 25.02]","[0, 0, 0, 0, 0, 0, 0, 0, 1.224, 1.251]","[0.993, 0.986, 0.986, 0.962, 0.845, 0.578, 0.496, 0.324, 0.992, 0.99]",yes,correct,59.076,130.205,0.686,3.858,111.731,167.089,0,25.02,0.324,0.993
90,26113007,PubmedQA,"No, arch form is independent of sagittal molar relationship and Bolton tooth‚Äësize discrepancy.",no,"[78.279, 118.966, 127.061, 146.128, 146.247, 152.019, 167.722, 181.029, 181.653, 203.939]","[0.787, 0.653, 0.627, 0.564, 0.564, 0.545, 0.493, 0.45, 0.447, 0.374]","[1.418, 0.629, 0.541, 0.538, 0.519, 0.501, 0.489, 0.403, 0.343, 0.325]","[['neutral'], ['contradiction'], ['neutral'], ['neutral'], ['neutral'], ['neutral'], ['neutral'], ['neutral'], ['neutral'], ['neutral']]",Is arch form influenced by sagittal molar relationship or Bolton tooth-size discrepancy?,"[111.039, 156.201, 163.214, 112.226, 136.63, 148.488, 152.279, 104.734, 123.992, 53.866]","[0.834, 0.741, 0.727, 0.831, 0.781, 0.757, 0.749, 0.846, 0.807, 0.95]","[0, 0, 0, 0, 0, 0, 0, 28.78, 25.53, 30.85]","[0, 0, 0, 0, 0, 0, 0, 1.439, 1.277, 1.543]","[0.996, 0.993, 0.991, 0.976, 0.971, 0.91, 0.48, 0.988, 0.977, 0.921]",no,correct,78.279,203.939,0.325,1.418,53.866,163.214,0,30.85,0.48,0.996
123,25417760,PubmedQA,"Yes, they differ. Perimenopause/post‚Äëmenopause raises recurrence risk but not first‚Äëonset; hormone levels are not linked. Prior anxiety, life events, and other psychosocial factors predict first‚Äëonset.",yes,"[151.467, 191.447, 193.247, 222.156, 223.533, 227.49, 229.124]","[0.547, 0.415, 0.409, 0.314, 0.31, 0.297, 0.291]","[4.356, 2.392, 2.136, 1.623, 1.621, 1.442, 1.267]","[['neutral'], ['neutral'], ['contradiction'], ['neutral'], ['neutral'], ['neutral'], ['neutral']]",Risk factors for major depression during midlife among a community sample of women with and without prior major depression: are they the same or different?,"[133.6, 136.638, 164.546, 169.976, 157.377, 148.186, 51.63]","[0.787, 0.781, 0.724, 0.713, 0.739, 0.758, 0.955]","[0, 0, 0, 0, 0, 21.55, 27.25]","[0, 0, 0, 0, 0, 1.078, 1.363]","[0.965, 0.932, 0.808, 0.675, 0.11, 0.984, 0.975]",no,incorrect,151.467,229.124,1.267,4.356,51.63,169.976,0,27.25,0.11,0.984
134,23949294,PubmedQA,"Yes, the study shows >90% of patients had VL <200 copies/mL, half were suppressed on first‚Äëline ART, and only 16% required third‚Äëline drugs, indicating feasibility of long‚Äëterm viral load suppression in resource‚Äëlimited settings.",yes,"[120.775, 136.025, 140.149, 167.939, 172.103, 206.407, 206.515, 229.263]","[0.647, 0.597, 0.584, 0.493, 0.479, 0.366, 0.366, 0.291]","[11.611, 5.167, 4.289, 2.56, 1.866, 1.407, 0.295, 0.227]","[['neutral'], ['neutral'], ['neutral'], ['neutral'], ['neutral'], ['neutral'], ['neutral'], ['neutral']]",Treatment as prevention in resource-limited settings: is it feasible to maintain HIV viral load suppression over time?,"[181.814, 240.334, 172.798, 211.996, 240.236, 134.016, 129.616, 57.984]","[0.689, 0.569, 0.707, 0.627, 0.569, 0.787, 0.796, 0.942]","[0, 0, 0, 0, 0, 22.33, 22.21, 26.77]","[0, 0, 0, 0, 0, 1.116, 1.11, 1.339]","[0.996, 0.996, 0.994, 0.921, 0.903, 0.998, 0.997, 0.982]",yes,correct,120.775,229.263,0.227,11.611,57.984,240.334,0,26.77,0.903,0.998
140,19142546,PubmedQA,"No, quantitative left‚Äëventricular regional wall motion does not change after fibrous tissue resection in endomyocardial fibrosis.",no,"[62.695, 68.454, 72.139, 81.559, 82.447, 87.517, 118.403, 125.758, 128.214, 137.194, 140.809, 160.23]","[0.838, 0.819, 0.807, 0.776, 0.773, 0.757, 0.655, 0.631, 0.623, 0.594, 0.582, 0.518]","[1.898, 1.794, 1.757, 1.59, 1.477, 1.274, 1.185, 0.791, 0.721, 0.592, 0.471, 0.419]","[['neutral'], ['contradiction'], ['neutral'], ['neutral'], ['neutral'], ['contradiction'], ['neutral'], ['entailment'], ['neutral'], ['neutral'], ['neutral'], ['neutral']]",Does quantitative left ventricular regional wall motion change after fibrous tissue resection in endomyocardial fibrosis?,"[65.119, 157.096, 147.836, 70.328, 59.525, 140.364, 137.595, 103.452, 106.163, 44.022, 40.354, 47.975]","[0.927, 0.739, 0.758, 0.917, 0.939, 0.774, 0.779, 0.849, 0.844, 0.971, 0.978, 0.962]","[0, 0, 0, 0, 0, 0, 0, 0, 0, 30.27, 32.16, 35.93]","[0, 0, 0, 0, 0, 0, 0, 0, 0, 1.513, 1.608, 1.796]","[0.993, 0.991, 0.99, 0.989, 0.988, 0.988, 0.983, 0.861, 0.577, 0.991, 0.981, 0.841]",no,correct,62.695,160.23,0.419,1.898,40.354,157.096,0,35.93,0.577,0.993
143,27050505,PubmedQA,"Yes, the ACE‚Äë1 DD genotype is linked to higher chronic kidney disease risk in hypertensive patients.",yes,"[83.136, 103.697, 121.18, 127.371, 128.399, 174.851, 187.754]","[0.771, 0.704, 0.646, 0.626, 0.622, 0.47, 0.427]","[1.925, 1.466, 1.382, 0.812, 0.677, 0.676, 0.498]","[['neutral'], ['neutral'], ['neutral'], ['contradiction'], ['neutral'], ['neutral'], ['neutral']]",Does angiotensin-converting enzyme-1 (ACE-1) gene polymorphism lead to chronic kidney disease among hypertensive patients?,"[124.938, 111.895, 147.604, 150.815, 134.039, 97.389, 40.279]","[0.805, 0.832, 0.759, 0.752, 0.787, 0.861, 0.978]","[0, 0, 0, 0, 0, 29.71, 25.24]","[0, 0, 0, 0, 0, 1.485, 1.262]","[0.994, 0.993, 0.979, 0.95, 0.576, 0.974, 0.935]",yes,correct,83.136,187.754,0.498,1.925,40.279,150.815,0,29.71,0.576,0.994
149,28056802,PubmedQA,"Yes, non‚ÄëHDL‚ÄëC predicts long‚Äëterm MACEs better than LDL‚ÄëC in post‚ÄëAMI patients.",yes,"[207.557, 216.399, 230.229, 235.231, 264.035, 266.552, 277.766, 336.899]","[0.362, 0.333, 0.288, 0.271, 0.177, 0.168, 0.132, -0.063]","[2.503, 1.154, 1.139, 1.089, 0.881, 0.861, 0.858, 0.44]","[['neutral'], ['neutral'], ['neutral'], ['neutral'], ['neutral'], ['contradiction'], ['neutral'], ['neutral']]",Is non-HDL-cholesterol a better predictor of long-term outcome in patients after acute myocardial infarction compared to LDL-cholesterol?,"[155.379, 199.312, 165.556, 176.559, 158.914, 199.725, 167.206, 46.845]","[0.743, 0.653, 0.722, 0.7, 0.736, 0.652, 0.719, 0.965]","[0, 0, 0, 0, 0, 0, 0, 33.25]","[0, 0, 0, 0, 0, 0, 0, 1.663]","[0.984, 0.959, 0.954, 0.942, 0.583, 0.172, 0.169, 0.986]",yes,correct,207.557,336.899,0.44,2.503,46.845,199.725,0,33.25,0.169,0.986
158,25885219,PubmedQA,"Yes, the observed shifts‚Äîlower plasma creatine, reduced urinary excretion, increased renal AGAT, altered hepatic GAMT, higher heart and kidney creatine, and tissue‚Äëspecific CrT1 changes‚Äîindicate a maternal metabolic adaptation to supply creatine for fetal growth and maternal tissue demands during gestation.",yes,"[105.786, 127.032, 130.329, 130.724, 144.734, 156.361]","[0.697, 0.627, 0.616, 0.615, 0.569, 0.531]","[6.329, 3.904, 3.657, 3.336, 3.213, 2.817]","[['neutral'], ['neutral'], ['neutral'], ['neutral'], ['neutral'], ['neutral']]",Maternal creatine homeostasis is altered during gestation in the spiny mouse: is this a metabolic adaptation to pregnancy?,"[85.034, 116.974, 92.351, 36.645, 99.34, 83.664]","[0.887, 0.821, 0.872, 0.986, 0.857, 0.89]","[0, 0, 0, 32.61, 22.52, 21.61]","[0, 0, 0, 1.63, 1.126, 1.08]","[0.986, 0.836, 0.793, 0.867, 0.794, 0.368]",yes,correct,105.786,156.361,2.817,6.329,36.645,116.974,0,32.61,0.368,0.986
161,12377809,PubmedQA,"Yes, linear anorectal endosonography is valuable in dyschesia, providing clear visualization of the anal sphincter and puborectalis, allowing accurate measurement of length and thickness at rest and during straining, and detecting paradoxical contraction or absent relaxation that characterizes pelvic‚Äëfloor dyssynergia.",yes,"[41.654, 65.783, 80.478, 88.381, 94.466, 114.086, 114.284, 119.448, 133.014, 134.482]","[0.907, 0.828, 0.78, 0.754, 0.734, 0.669, 0.669, 0.652, 0.607, 0.602]","[5.798, 5.697, 4.109, 3.427, 2.756, 2.343, 2.262, 1.634, 0.995, 0.444]","[['neutral'], ['neutral'], ['neutral'], ['contradiction'], ['neutral'], ['neutral'], ['neutral'], ['neutral'], ['neutral'], ['neutral']]",Is anorectal endosonography valuable in dyschesia?,"[104.979, 157.673, 194.27, 149.15, 196.862, 153.921, 172.378, 61.215, 125.875, 79.682]","[0.846, 0.738, 0.663, 0.756, 0.658, 0.746, 0.708, 0.935, 0.803, 0.898]","[0, 0, 0, 0, 0, 0, 0, 14.21, 13.43, 15.4]","[0, 0, 0, 0, 0, 0, 0, 0.711, 0.671, 0.77]","[0.995, 0.993, 0.993, 0.987, 0.984, 0.852, 0.789, 0.996, 0.995, 0.993]",yes,correct,41.654,134.482,0.444,5.798,61.215,196.862,0,15.4,0.789,0.996
166,17565137,PubmedQA,"Yes, the counter‚Äëindustry ad changed non‚Äësmokers‚Äô view of movie smoking and lowered their future smoking intent, but it had no effect on smokers‚Äô attitudes and actually increased the proportion of smokers who felt unlikely to quit.",yes,"[104.473, 123.427, 142.05, 143.691, 146.221, 153.378, 158.753, 166.355, 168.712, 184.263]","[0.701, 0.639, 0.578, 0.572, 0.564, 0.54, 0.523, 0.498, 0.49, 0.439]","[5.681, 3.693, 2.455, 2.194, 2.034, 1.956, 1.346, 1.288, 1.199, 0.741]","[['neutral'], ['neutral'], ['neutral'], ['neutral'], ['neutral'], ['neutral'], ['neutral'], ['neutral'], ['neutral'], ['neutral']]",Out of the smokescreen II: will an advertisement targeting the tobacco industry affect young people's perception of smoking in movies and their intention to smoke?,"[111.364, 106.261, 134.05, 122.419, 112.314, 119.843, 105.41, 110.416, 97.896, 59.611]","[0.833, 0.843, 0.787, 0.81, 0.831, 0.816, 0.845, 0.835, 0.86, 0.939]","[0, 0, 0, 0, 0, 0, 0, 0, 26.48, 35.58]","[0, 0, 0, 0, 0, 0, 0, 0, 1.324, 1.779]","[0.928, 0.885, 0.884, 0.868, 0.796, 0.473, 0.318, 0.209, 0.972, 0.17]",yes,correct,104.473,184.263,0.741,5.681,59.611,134.05,0,35.58,0.17,0.972
177,24684514,PubmedQA,"No, individualized targets based on ASA score and baseline Hb are recommended.",no,"[314.202, 319.054, 398.851, 400.344, 423.82]","[0.012, -0.004, -0.266, -0.271, -0.348]","[2.035, 1.651, 1.323, 0.289, 0.118]","[['neutral'], ['neutral'], ['contradiction'], ['neutral'], ['neutral']]",Should all patients be optimized to the same preoperative hemoglobin level to avoid transfusion in primary knee arthroplasty?,"[174.511, 112.906, 174.702, 50.308, 148.115]","[0.704, 0.83, 0.703, 0.958, 0.758]","[0, 0, 0, 23.59, 19.11]","[0, 0, 0, 1.18, 0.955]","[0.995, 0.901, 0.158, 0.982, 0.278]",no,correct,314.202,423.82,0.118,2.035,50.308,174.702,0,23.59,0.158,0.995
178,23360491,PubmedQA,"Yes, spatial attention modulates early ERP responses to affective prosody, but later processing is largely independent.",yes,"[75.949, 87.074, 100.368, 109.315, 111.717, 119.426, 124.18, 124.658, 126.015, 127.913, 133.815, 146.388, 167.138]","[0.795, 0.758, 0.715, 0.685, 0.677, 0.652, 0.636, 0.635, 0.63, 0.624, 0.605, 0.563, 0.495]","[2.018, 1.969, 1.834, 1.197, 1.112, 1.09, 1.06, 1.027, 0.963, 0.699, 0.579, 0.431, 0.182]","[['neutral'], ['neutral'], ['neutral'], ['neutral'], ['neutral'], ['neutral'], ['neutral'], ['neutral'], ['neutral'], ['neutral'], ['neutral'], ['neutral'], ['neutral']]",Is the processing of affective prosody influenced by spatial attention?,"[120.031, 155.953, 158.757, 159.133, 143.532, 136.588, 123.579, 131.278, 118.012, 134.242, 101.307, 55.959, 124.803]","[0.815, 0.742, 0.736, 0.735, 0.767, 0.781, 0.808, 0.792, 0.819, 0.786, 0.853, 0.946, 0.805]","[0, 0, 0, 0, 0, 0, 0, 0, 0, 0, 14.89, 16.88, 12.76]","[0, 0, 0, 0, 0, 0, 0, 0, 0, 0, 0.744, 0.844, 0.638]","[0.995, 0.992, 0.991, 0.99, 0.987, 0.961, 0.909, 0.846, 0.395, 0.346, 0.995, 0.992, 0.986]",maybe,incorrect,75.949,167.138,0.182,2.018,55.959,159.133,0,16.88,0.346,0.995
181,20497146,PubmedQA,"Yes, maximal healing occurs when intragastric pH‚ÄØ>‚ÄØ4 for about 12‚Äì17‚ÄØh (‚âà50‚Äì70‚ÄØ% of a 24‚Äëh period); beyond that no further benefit.",yes,"[168.038, 173.274, 177.596, 180.065, 181.153, 186.989, 190.412, 200.502]","[0.492, 0.475, 0.461, 0.453, 0.449, 0.43, 0.419, 0.386]","[5.047, 3.519, 1.291, 1.066, 0.603, 0.471, 0.291, 0.186]","[['neutral'], ['neutral'], ['neutral'], ['neutral'], ['neutral'], ['neutral'], ['neutral'], ['neutral']]",A model of healing of Los Angeles grades C and D reflux oesophagitis: is there an optimal time of acid suppression for maximal healing?,"[155.743, 204.475, 155.258, 164.062, 178.02, 122.084, 56.434, 109.242]","[0.742, 0.643, 0.743, 0.725, 0.697, 0.811, 0.945, 0.837]","[0, 0, 0, 0, 0, 24.67, 27.75, 30.34]","[0, 0, 0, 0, 0, 1.233, 1.388, 1.517]","[0.986, 0.837, 0.699, 0.152, 0.108, 0.981, 0.916, 0.811]",yes,correct,168.038,200.502,0.186,5.047,56.434,204.475,0,30.34,0.108,0.986
185,21394762,PubmedQA,"Yes, pelvic pain is associated with defecatory symptoms in women with pelvic organ prolapse, as shown by increased odds of pain with higher CRADI‚Äë8 scores and significant links to symptoms such as pain with bowel movements, fecal urgency, incomplete evacuation, and straining.",yes,"[42.286, 44.197, 65.436, 101.454, 105.331]","[0.905, 0.899, 0.829, 0.711, 0.698]","[5.467, 4.722, 2.896, 1.702, 0.916]","[['neutral'], ['neutral'], ['neutral'], ['neutral'], ['neutral']]",Is pelvic pain associated with defecatory symptoms in women with pelvic organ prolapse?,"[111.616, 73.468, 134.9, 135.733, 73.186]","[0.832, 0.91, 0.785, 0.783, 0.911]","[0, 0, 0, 0, 26.18]","[0, 0, 0, 0, 1.309]","[0.99, 0.949, 0.938, 0.412, 0.759]",yes,correct,42.286,105.331,0.916,5.467,73.186,135.733,0,26.18,0.412,0.99
193,16971978,PubmedQA,"Yes, complex coronary lesions (bifurcation and ostial) are significantly more frequent in patients with diabetes mellitus.",yes,"[57.403, 60.185, 75.167, 78.885, 88.716, 92.423, 141.522, 152.736]","[0.856, 0.847, 0.797, 0.785, 0.753, 0.741, 0.579, 0.542]","[1.488, 1.373, 1.289, 1.107, 1.055, 0.743, 0.673, 0.626]","[['neutral'], ['neutral'], ['neutral'], ['neutral'], ['neutral'], ['neutral'], ['neutral'], ['contradiction']]",Are complex coronary lesions more frequent in patients with diabetes mellitus?,"[63.732, 137.818, 222.023, 201.793, 132.796, 118.028, 97.589, 0]","[0.93, 0.779, 0.607, 0.648, 0.789, 0.819, 0.861, 0]","[0, 0, 0, 0, 0, 13.89, 16.44, 13.22]","[0, 0, 0, 0, 0, 0.694, 0.822, 0.661]","[0.99, 0.99, 0.986, 0.297, 0.207, 0.995, 0.992, 0.846]",yes,correct,57.403,152.736,0.626,1.488,0,222.023,0,16.44,0.207,0.995
198,21951591,PubmedQA,"Yes, pain‚Äërelated cognitions influence motor performance in chronic low back pain, as shown by worse reaction and movement times in patients, especially when pain expectations are provoked.",yes,"[54.501, 69.573, 91.658, 97.541, 98.191, 105.294, 106.749, 141.425, 148.041]","[0.865, 0.816, 0.743, 0.724, 0.722, 0.698, 0.694, 0.58, 0.558]","[4.794, 3.37, 2.469, 2.119, 2.052, 1.438, 1.185, 1.132, 0.702]","[['neutral'], ['contradiction'], ['neutral'], ['neutral'], ['neutral'], ['contradiction'], ['neutral'], ['neutral'], ['neutral']]",Motor performance in chronic low back pain: is there an influence of pain-related cognitions?,"[137.804, 153.85, 134.406, 159.601, 124.174, 151.981, 94.071, 119.895, 46.146]","[0.779, 0.746, 0.786, 0.734, 0.807, 0.75, 0.868, 0.815, 0.966]","[0, 0, 0, 0, 0, 0, 18.64, 22.3, 23.62]","[0, 0, 0, 0, 0, 0, 0.932, 1.115, 1.181]","[0.981, 0.981, 0.979, 0.968, 0.942, 0.214, 0.992, 0.873, 0.357]",yes,correct,54.501,148.041,0.702,4.794,46.146,159.601,0,23.62,0.214,0.992
203,22411435,PubmedQA,"Yes, the higher risk of serious infections with infliximab versus etanercept appears mainly in patients younger than 65‚ÄØyears; no clear variation was seen by sex, race/ethnicity, BMI, or smoking.",yes,"[75.889, 77.761, 84.577, 85.219, 113.891, 132.642, 148.716]","[0.795, 0.789, 0.766, 0.764, 0.67, 0.608, 0.556]","[5.849, 3.203, 2.569, 0.697, 0.399, 0.363, 0.258]","[['neutral'], ['entailment'], ['neutral'], ['neutral'], ['neutral'], ['neutral'], ['neutral']]",Comparative safety of infliximab and etanercept on the risk of serious infections: does the association vary by patient characteristics?,"[138.677, 123.219, 146.105, 47.573, 126.096, 101.737, 106.076]","[0.777, 0.809, 0.762, 0.963, 0.803, 0.853, 0.844]","[0, 0, 0, 0, 0, 17.36, 18.04]","[0, 0, 0, 0, 0, 0.868, 0.902]","[0.998, 0.995, 0.987, 0.986, 0.643, 0.995, 0.914]",yes,correct,75.889,148.716,0.258,5.849,47.573,146.105,0,18.04,0.643,0.998
221,26163474,PubmedQA,"Yes, sublingual varices are associated with hypertension (OR‚ÄØ‚âà‚ÄØ2.25, sensitivity‚ÄØ‚âà‚ÄØ0.48, specificity‚ÄØ‚âà‚ÄØ0.82).",yes,"[73.328, 88.519, 92.041, 92.299, 93.485, 98.201, 112.283, 113.093, 153.713, 153.848]","[0.803, 0.753, 0.742, 0.741, 0.737, 0.722, 0.675, 0.673, 0.539, 0.539]","[3.162, 2.449, 1.265, 0.868, 0.74, 0.32, 0.099, 0.098, 0.093, 0.082]","[['neutral'], ['neutral'], ['neutral'], ['neutral'], ['entailment'], ['neutral'], ['neutral'], ['contradiction'], ['neutral'], ['neutral']]",Is there a connection between sublingual varices and hypertension?,"[107.252, 107.649, 122.636, 106.051, 119.606, 172.5, 159.695, 80.516, 102.387, 59.118]","[0.841, 0.84, 0.81, 0.844, 0.816, 0.708, 0.734, 0.896, 0.851, 0.94]","[0, 0, 0, 0, 0, 0, 0, 15.12, 16.3, 14.44]","[0, 0, 0, 0, 0, 0, 0, 0.756, 0.815, 0.722]","[0.996, 0.995, 0.995, 0.993, 0.984, 0.98, 0.971, 0.995, 0.99, 0.989]",yes,correct,73.328,153.848,0.082,3.162,59.118,172.5,0,16.3,0.971,0.996
234,23149821,PubmedQA,"Maybe, screening HIV‚Äëinfected patients with gated myocardial perfusion SPECT could be considered for those at high cardiovascular risk, as the study found a low but notable prevalence of silent myocardial ischemia.",maybe,"[62.786, 116.407, 128.907, 157.093, 177.036, 203.946]","[0.838, 0.662, 0.621, 0.528, 0.463, 0.374]","[4.147, 3.384, 1.392, 1.248, 1.075, 0.437]","[['entailment'], ['neutral'], ['contradiction'], ['contradiction'], ['entailment'], ['neutral']]",Should HIV-infected patients be screened for silent myocardial ischaemia using gated myocardial perfusion SPECT?,"[169.892, 127.138, 191.216, 175.485, 80.84, 46.729]","[0.713, 0.801, 0.67, 0.702, 0.895, 0.965]","[0, 0, 0, 0, 27.33, 31.71]","[0, 0, 0, 0, 1.366, 1.586]","[0.835, 0.469, 0.265, 0.149, 0.886, 0.522]",maybe,correct,62.786,203.946,0.437,4.147,46.729,191.216,0,31.71,0.149,0.886
236,26209118,PubmedQA,"No, unenhanced fat‚Äësuppressed T1‚Äëweighted MRI does not reliably distinguish bone infarcts from acute osteomyelitis in children with sickle cell disease; high marrow signal appears in both, and other unenhanced MRI parameters are not discriminative.",no,"[64.192, 88.964, 94.003, 106.811, 121.72, 126.41, 129.107, 142.179]","[0.833, 0.752, 0.735, 0.693, 0.644, 0.629, 0.62, 0.577]","[3.368, 3.349, 3.215, 3.012, 2.643, 2.12, 1.584, 0.852]","[['neutral'], ['entailment'], ['neutral'], ['neutral'], ['neutral'], ['neutral'], ['neutral'], ['neutral']]",Utility of unenhanced fat-suppressed T1-weighted MRI in children with sickle cell disease -- can it differentiate bone infarcts from acute osteomyelitis?,"[129.371, 146.677, 140.844, 78.282, 78.596, 129.329, 39.482, 158.085]","[0.796, 0.761, 0.773, 0.901, 0.9, 0.796, 0.98, 0.737]","[0, 0, 0, 0, 0, 0, 43.54, 34.29]","[0, 0, 0, 0, 0, 0, 2.177, 1.714]","[0.986, 0.978, 0.768, 0.736, 0.696, 0.146, 0.912, 0.552]",no,correct,64.192,142.179,0.852,3.368,39.482,158.085,0,43.54,0.146,0.986
244,21368683,PubmedQA,"Yes, patients with serious mental illness are more likely to be admitted to nursing homes with higher deficiency citations for overall and health‚Äërelated care.",yes,"[59.806, 76.903, 118.802, 121.345, 125.775, 128.426, 135.452, 143.207, 153.831, 155.096, 159.734, 162.96]","[0.848, 0.792, 0.654, 0.646, 0.631, 0.622, 0.599, 0.574, 0.539, 0.535, 0.519, 0.509]","[3.649, 2.776, 2.547, 2.39, 2.291, 2.118, 1.744, 1.676, 1.543, 1.156, 1.111, 0.654]","[['neutral'], ['neutral'], ['neutral'], ['entailment'], ['neutral'], ['contradiction'], ['neutral'], ['neutral'], ['neutral'], ['neutral'], ['neutral'], ['neutral']]",Are patients with serious mental illness more likely to be admitted to nursing homes with more deficiencies in care?,"[142.985, 165.274, 130.811, 132.911, 121.323, 167.276, 146.756, 166.154, 159.441, 108.71, 134.168, 50.828]","[0.768, 0.723, 0.793, 0.789, 0.813, 0.719, 0.761, 0.721, 0.735, 0.838, 0.786, 0.957]","[0, 0, 0, 0, 0, 0, 0, 0, 0, 23.42, 20.42, 23.13]","[0, 0, 0, 0, 0, 0, 0, 0, 0, 1.171, 1.021, 1.157]","[0.996, 0.995, 0.994, 0.992, 0.991, 0.989, 0.983, 0.978, 0.126, 0.993, 0.97, 0.893]",yes,correct,59.806,162.96,0.654,3.649,50.828,167.276,0,23.42,0.126,0.996
246,24669960,PubmedQA,"No, sex does not influence rt‚ÄëPA effectiveness.",no,"[243.096, 261.435, 261.541, 268.694, 277.133, 297.786, 305.181, 325.078, 327.522, 343.895, 344.432, 346.969, 347.698, 366.702, 376.292]","[0.246, 0.185, 0.185, 0.161, 0.134, 0.066, 0.042, -0.024, -0.032, -0.086, -0.087, -0.096, -0.098, -0.161, -0.192]","[2.119, 1.923, 0.935, 0.847, 0.838, 0.817, 0.472, 0.399, 0.348, 0.312, 0.294, 0.232, 0.102, 0.099, 0.0]","[['neutral'], ['neutral'], ['contradiction'], ['contradiction'], ['neutral'], ['neutral'], ['neutral'], ['contradiction'], ['neutral'], ['neutral'], ['neutral'], ['contradiction'], ['contradiction'], ['neutral'], ['neutral']]",Does the sex of acute stroke patients influence the effectiveness of rt-PA?,"[183.535, 120.488, 173.114, 191.553, 128.89, 165.51, 189.836, 127.208, 181.131, 156.106, 177.523, 185.17, 150.408, 52.632, 138.772]","[0.685, 0.814, 0.707, 0.669, 0.797, 0.722, 0.672, 0.8, 0.69, 0.741, 0.698, 0.682, 0.753, 0.953, 0.777]","[0, 0, 0, 0, 0, 0, 0, 0, 0, 0, 0, 0, 12.56, 16.01, 12.45]","[0, 0, 0, 0, 0, 0, 0, 0, 0, 0, 0, 0, 0.628, 0.801, 0.623]","[0.997, 0.996, 0.995, 0.994, 0.993, 0.993, 0.991, 0.99, 0.987, 0.948, 0.936, 0.216, 0.993, 0.99, 0.985]",no,correct,243.096,376.292,0,2.119,52.632,191.553,0,16.01,0.216,0.997
257,25503376,PubmedQA,"Yes, airway surgery reduces serum lipid levels in OSA patients, especially those with pre‚Äëoperative dyslipidemia, improving TG, LDL, HDL and markedly lowering LP(a).",yes,"[126.831, 127.144, 129.25, 129.349, 141.388, 174.175, 174.642, 178.977, 207.655, 228.703, 236.243]","[0.628, 0.627, 0.62, 0.619, 0.58, 0.472, 0.47, 0.456, 0.362, 0.293, 0.268]","[5.381, 3.991, 2.88, 1.477, 1.297, 0.782, 0.495, 0.346, 0.309, 0.233, 0.224]","[['contradiction'], ['contradiction'], ['neutral'], ['neutral'], ['contradiction'], ['neutral'], ['neutral'], ['neutral'], ['contradiction'], ['neutral'], ['contradiction']]",Does airway surgery lower serum lipid levels in obstructive sleep apnea patients?,"[180.318, 142.709, 133.368, 117.962, 182.677, 165.192, 160.955, 170.787, 62.028, 161.32, 50.73]","[0.692, 0.769, 0.788, 0.819, 0.687, 0.723, 0.732, 0.711, 0.934, 0.731, 0.957]","[0, 0, 0, 0, 0, 0, 0, 0, 20.71, 20.84, 21.29]","[0, 0, 0, 0, 0, 0, 0, 0, 1.035, 1.042, 1.064]","[0.992, 0.991, 0.99, 0.987, 0.987, 0.95, 0.872, 0.745, 0.911, 0.783, 0.298]",yes,correct,126.831,236.243,0.224,5.381,50.73,182.677,0,21.29,0.298,0.992
266,16498158,PubmedQA,"Yes, atropine is recommended as an adjunct to intramuscular ketamine sedation in children because it significantly reduces hypersalivation and may lower post‚Äëprocedural vomiting, with no serious adverse events reported.",yes,"[51.343, 109.683, 109.925, 120.186, 128.577, 129.488, 161.284, 185.882, 203.303]","[0.876, 0.684, 0.683, 0.649, 0.622, 0.619, 0.514, 0.434, 0.376]","[5.855, 4.855, 2.513, 1.804, 1.687, 1.088, 1.069, 0.867, 0.098]","[['neutral'], ['neutral'], ['neutral'], ['neutral'], ['neutral'], ['neutral'], ['neutral'], ['neutral'], ['neutral']]",Is atropine needed with ketamine sedation?,"[165.715, 200.593, 212.444, 174.05, 183.05, 208.525, 177.662, 123.456, 0]","[0.722, 0.65, 0.626, 0.705, 0.686, 0.634, 0.697, 0.808, 0]","[0, 0, 0, 0, 0, 0, 12.39, 12.06, 12.96]","[0, 0, 0, 0, 0, 0, 0.62, 0.603, 0.648]","[0.982, 0.932, 0.912, 0.767, 0.491, 0.126, 0.956, 0.325, 0.263]",yes,correct,51.343,203.303,0.098,5.855,0,212.444,0,12.96,0.126,0.982
273,23359100,PubmedQA,"Yes, etoricoxib 90‚ÄØmg once daily for seven days effectively prevented heterotopic ossification after cemented primary total hip arthroplasty.",yes,"[57.319, 58.947, 64.263, 92.905, 105.852, 107.191, 116.697, 144.531]","[0.856, 0.851, 0.833, 0.739, 0.697, 0.692, 0.661, 0.569]","[2.993, 2.45, 2.247, 2.128, 1.907, 1.535, 1.043, 0.96]","[['neutral'], ['neutral'], ['neutral'], ['neutral'], ['neutral'], ['neutral'], ['neutral'], ['neutral']]",Is etoricoxib effective in preventing heterotopic ossification after primary total hip arthroplasty?,"[108.075, 67.878, 106.628, 139.17, 118.788, 146.117, 65.46, 47.908]","[0.84, 0.922, 0.843, 0.776, 0.818, 0.762, 0.927, 0.963]","[0, 0, 0, 0, 0, 0, 23.93, 26.05]","[0, 0, 0, 0, 0, 0, 1.196, 1.303]","[0.99, 0.986, 0.983, 0.818, 0.645, 0.34, 0.996, 0.145]",yes,correct,57.319,144.531,0.96,2.993,47.908,146.117,0,26.05,0.145,0.996
278,21592383,PubmedQA,"No, the CCB falls short of fully addressing caregiver burden; eligibility limits, low compensation, and short duration undermine its effectiveness as a public health response.",no,"[142.08, 156.168, 157.071, 157.594, 162.436, 174.893, 179.949, 180.295, 191.473, 207.969, 223.713]","[0.577, 0.531, 0.528, 0.527, 0.511, 0.47, 0.453, 0.452, 0.415, 0.361, 0.309]","[3.491, 1.614, 1.072, 1.017, 0.873, 0.43, 0.425, 0.352, 0.327, 0.261, 0.243]","[['neutral'], ['neutral'], ['neutral'], ['neutral'], ['neutral'], ['neutral'], ['neutral'], ['neutral'], ['neutral'], ['neutral'], ['neutral']]",Canada's Compassionate Care Benefit: is it an adequate public health response to addressing the issue of caregiver burden in end-of-life care?,"[167.36, 151.709, 133.288, 124.244, 162.695, 127.337, 156.159, 126.309, 149.689, 166.706, 56.876]","[0.718, 0.75, 0.788, 0.807, 0.728, 0.8, 0.741, 0.802, 0.755, 0.72, 0.944]","[0, 0, 0, 0, 0, 0, 0, 0, 0, 23.3, 33.41]","[0, 0, 0, 0, 0, 0, 0, 0, 0, 1.165, 1.671]","[0.995, 0.992, 0.985, 0.974, 0.971, 0.945, 0.911, 0.84, 0.376, 0.988, 0.314]",no,correct,142.08,223.713,0.243,3.491,56.876,167.36,0,33.41,0.314,0.995
279,11053064,PubmedQA,"Yes, fatigue is strongly linked to fibromyalgia in primary Sj√∂gren‚Äôs syndrome; 12‚ÄØ% of pSS patients had FM, all FM patients reported fatigue, and fatigue prevalence (68‚ÄØ%) was higher in pSS than in lupus (50‚ÄØ%).",yes,"[55.326, 99.071, 116.253, 123.578, 125.4]","[0.863, 0.719, 0.662, 0.638, 0.632]","[6.114, 3.686, 2.682, 1.219, 0.944]","[['entailment'], ['entailment'], ['contradiction'], ['contradiction'], ['neutral']]",Fatigue in primary Sj√É¬∂gren's syndrome: is there a link with the fibromyalgia syndrome?,"[233.377, 139.305, 272.927, 266.493, 193.167]","[0.583, 0.776, 0.503, 0.516, 0.666]","[0, 0, 0, 0, 14.92]","[0, 0, 0, 0, 0.746]","[0.993, 0.987, 0.984, 0.767, 0.993]",no,incorrect,55.326,125.4,0.944,6.114,139.305,272.927,0,14.92,0.767,0.993
291,17916877,PubmedQA,"Yes, a 15‚Äëmin infusion lowers akathisia incidence (29.3‚ÄØ% vs‚ÄØ6.5‚ÄØ%) without altering headache relief‚Äîpain scores improved similarly for both 2‚Äëmin bolus and 15‚Äëmin infusion.",yes,"[147.62, 219.061, 226.027, 304.002]","[0.559, 0.325, 0.302, 0.045]","[3.636, 3.442, 3.242, 0.604]","[['neutral'], ['neutral'], ['contradiction'], ['entailment']]",Intravenous administration of metoclopramide by 2 min bolus vs 15 min infusion: does it affect the improvement of headache while reducing the side effects?,"[126.823, 104.074, 169.997, 57.671]","[0.801, 0.848, 0.713, 0.943]","[0, 0, 0, 34.98]","[0, 0, 0, 1.749]","[0.963, 0.196, 0.157, 0.364]",yes,correct,147.62,304.002,0.604,3.636,57.671,169.997,0,34.98,0.157,0.963
56,2410.23587v3,OpenRAGBench,"Complex moments give integral formulas for fractional and absolute moments that avoid difficult derivatives of the MGF or CF.   They extend the MGF to complex arguments, linking to Mellin transforms, and thus enable moment calculations in dynamic models where the conditional MGF is defined recursively.   Moreover, equating these integrals with known moments yields new identities (e.g., for the reciprocal Gamma function).  Hence, despite rarity in econometrics, they offer powerful tools for fractional‚Äëmoment analysis and model‚Äëidentification.",,"[53.142, 94.015, 94.196, 140.456, 152.616]","[0.87, 0.735, 0.735, 0.583, 0.543]","[10.938, 4.65, 4.611, 3.253, 3.179]","['neutral', 'neutral', 'neutral', 'neutral', 'neutral']",Why might complex moments be relevant despite not being commonly used in econometrics?,"[231.887, 238.593, 215.105, 189.647, 229.636]","[0.586, 0.573, 0.621, 0.673, 0.591]","[0, 0, 0, 0, 9.16]","[0, 0, 0, 0, 0.458]","[0.99, 0.936, 0.928, 0.856, 0.988]","Complex moments extend the applicability of moment calculations into areas like statistical mechanics and quantum physics. They offer additional insights that can be integrated with minimal adaptation into econometric models, potentially uncovering new relationships or identities within data.",Correct,53.142,152.616,3.179,10.938,189.647,238.593,0,9.16,0.856,0.99
95,67faf34018b1e36f2e00010a,BioASQ,"No, high values of blood pressure, BMI, and non‚ÄëHDL cholesterol are not linked to increased dementia risk in late life; low values of these factors are the ones associated with higher risk.",,"[56.444, 115.851, 141.732, 156.126, 159.459, 199.952]","[0.859, 0.664, 0.579, 0.531, 0.52, 0.387]","[7.639, 4.078, 1.653, 1.37, 1.016, 0.835]","['neutral', 'neutral', 'neutral', 'contradiction', 'neutral', 'neutral']","Have high values of blood pressure, body mass index (BMI), and non-high-density lipoprotein (HDL) cholesterol been associated with increased dementia risk in late life?","[123.73, 181.98, 155.146, 143.771, 57.037, 102.725]","[0.808, 0.689, 0.743, 0.767, 0.944, 0.851]","[0, 0, 0, 24.49, 38.77, 26.18]","[0, 0, 0, 1.225, 1.938, 1.309]","[0.994, 0.984, 0.765, 0.988, 0.986, 0.307]",no,Correct,56.444,199.952,0.835,7.639,57.037,181.98,0,38.77,0.307,0.994
7,23806388,PubmedQA,"Yes, the study found that the four BCR‚Äënomograms (DPC, Kattan postoperative, JHH, CPDR/CaPSURE) predicted prostate‚Äëcancer‚Äëspecific mortality and aggressive BCR with higher accuracy than they predicted overall BCR.",yes,"[138.807, 151.126, 164.043, 164.117, 178.371, 178.561, 183.438, 187.72, 191.645, 236.731, 462.938]","[0.588, 0.548, 0.505, 0.505, 0.458, 0.458, 0.442, 0.428, 0.415, 0.266, -0.477]","[5.647, 4.304, 4.174, 3.881, 3.812, 3.712, 2.439, 2.085, 1.779, 1.669, 0.949]","[['neutral'], ['neutral'], ['neutral'], ['neutral'], ['neutral'], ['neutral'], ['neutral'], ['neutral'], ['neutral'], ['neutral'], ['neutral']]",Do nomograms designed to predict biochemical recurrence (BCR) do a better job of predicting more clinically relevant prostate cancer outcomes than BCR?,"[123.166, 148.942, 154.48, 183.276, 179.106, 163.812, 172.551, 198.604, 91.796, 182.768, 0]","[0.809, 0.756, 0.745, 0.686, 0.694, 0.726, 0.708, 0.655, 0.873, 0.687, 0]","[0, 0, 0, 0, 0, 0, 0, 0, 32.36, 31.28, 31.49]","[0, 0, 0, 0, 0, 0, 0, 0, 1.618, 1.564, 1.575]","[0.996, 0.971, 0.938, 0.845, 0.355, 0.298, 0.182, 0.135, 0.991, 0.976, 0.987]",yes,correct,138.807,462.938,0.949,5.647,0,198.604,0,32.36,0.135,0.996
11,26298839,PubmedQA,"Yes, the randomized controlled trial showed significant improvements in voice function and quality of life in the genuine acupuncture group compared to sham and no‚Äëtreatment controls.",yes,"[134.618, 139.138, 140.596, 141.333, 144.174, 175.425, 179.975, 189.661, 190.711, 198.059, 213.821]","[0.602, 0.587, 0.582, 0.58, 0.571, 0.468, 0.453, 0.421, 0.418, 0.394, 0.342]","[4.692, 3.297, 2.154, 2.029, 0.886, 0.525, 0.344, 0.245, 0.0, 0.0, 0.0]","[['neutral'], ['neutral'], ['contradiction'], ['neutral'], ['contradiction'], ['entailment'], ['entailment'], ['neutral'], ['neutral'], ['neutral'], ['neutral']]",Is Acupuncture Efficacious for Treating Phonotraumatic Vocal Pathologies?,"[465.262, 385.344, 439.314, 432.122, 462.589, 322.877, 322.877, 458.524, 0, 0, 0]","[0.109, 0.273, 0.162, 0.177, 0.115, 0.4, 0.4, 0.123, 0, 0, 0]","[0, 0, 0, 0, 0, 0, 0, 0, 14.87, 15.31, 14.47]","[0, 0, 0, 0, 0, 0, 0, 0, 0.743, 0.766, 0.724]","[0.974, 0.971, 0.936, 0.931, 0.923, 0.697, 0.697, 0.26, 0.991, 0.863, 0.114]",yes,correct,134.618,213.821,0,4.692,0,465.262,0,15.31,0.114,0.991
58,24433626,PubmedQA,"Yes, prevalence rose, indicating Medicare beneficiaries are getting sicker.",yes,"[439.703, 448.565, 464.768, 471.624, 472.97, 476.899, 479.629]","[-0.4, -0.43, -0.483, -0.505, -0.51, -0.523, -0.532]","[0.0, 0.0, 0.0, 0.0, 0.0, 0.0, 0.0]","[['neutral'], ['entailment'], ['neutral'], ['neutral'], ['neutral'], ['neutral'], ['neutral']]",Prevalence of chronic conditions among Medicare Part A beneficiaries in 2008 and 2010: are Medicare beneficiaries getting sicker?,"[463.268, 466.68, 469.744, 462.524, 454.976, 425.229, 430.217]","[0.113, 0.106, 0.1, 0.115, 0.13, 0.191, 0.181]","[0, 0, 0, 0, 0, 0, 0]","[0, 0, 0, 0, 0, 0, 0]","[0.987, 0.939, 0.919, 0.85, 0.443, 0.162, 0.135]",yes,correct,439.703,479.629,0,0,425.229,469.744,0,0,0.135,0.987
88,25940336,PubmedQA,"Yes, certain pre‚Äëresidency metrics‚ÄîUSMLE scores, OITE results, academic standing‚Äîcorrelate with objective performance measures, though predictive power varies across studies.",yes,"[261.344, 295.929]","[0.186, 0.072]","[1.343, 1.276]","[['neutral'], ['neutral']]",Does Residency Selection Criteria Predict Performance in Orthopaedic Surgery Residency?,"[454.659, 0]","[0.131, 0]","[0, 14.23]","[0, 0.711]","[0.879, 0.994]",yes,correct,261.344,295.929,1.276,1.343,0,454.659,0,14.23,0.879,0.994
141,27096199,PubmedQA,"No, viral co‚Äëinfection does not significantly increase the severity of acute respiratory infection in children.",no,"[153.996, 180.324, 186.865, 206.948, 252.889, 308.258, 308.899, 315.469, 355.538, 378.806, 460.786, 480.049]","[0.538, 0.452, 0.43, 0.364, 0.213, 0.031, 0.029, 0.008, -0.124, -0.2, -0.47, -0.533]","[0.978, 0.928, 0.574, 0.509, 0.49, 0.172, 0.16, 0.158, 0.144, 0.14, 0.137, 0.11]","[['contradiction'], ['neutral'], ['contradiction'], ['neutral'], ['neutral'], ['entailment'], ['neutral'], ['entailment'], ['neutral'], ['contradiction'], ['neutral'], ['neutral']]",Does Viral Co-Infection Influence the Severity of Acute Respiratory Infection in Children?,"[405.719, 428.287, 419.651, 429.822, 382.974, 402.576, 265.565, 175.635, 233.09, 0, 0, 0]","[0.231, 0.185, 0.203, 0.182, 0.278, 0.238, 0.518, 0.701, 0.584, 0, 0, 0]","[0, 0, 0, 0, 0, 0, 0, 0, 0, 18.33, 18.85, 19.26]","[0, 0, 0, 0, 0, 0, 0, 0, 0, 0.917, 0.942, 0.963]","[0.997, 0.996, 0.995, 0.995, 0.989, 0.986, 0.959, 0.943, 0.676, 0.993, 0.975, 0.537]",no,correct,153.996,480.049,0.11,0.978,0,429.822,0,19.26,0.537,0.997
212,20354380,PubmedQA,"Yes, many women residents report delaying childbearing because they fear career setbacks, such as reduced training opportunities, increased complications, or interference with career plans.",yes,"[189.299, 278.159, 418.071]","[0.422, 0.13, -0.329]","[3.371, 0.636, 0.145]","[['entailment'], ['neutral'], ['neutral']]",Do women residents delay childbearing due to perceived career threats?,"[450.089, 234.861, 318.317]","[0.14, 0.58, 0.41]","[0, 5.33, 7.5]","[0, 0.266, 0.375]","[0.996, 0.994, 0.336]",yes,correct,189.299,418.071,0.145,3.371,234.861,450.089,0,7.5,0.336,0.996
227,26965932,PubmedQA,"Maybe, DES (E‚ÄëZES) still shows lower ischemic events and stent‚Äëthrombosis rates than BMS, even with short DAPT, but BMS can be justified in selected high‚Äëbleeding‚Äërisk patients where the bleeding risk outweighs the ischemic benefit.",maybe,"[169.379, 183.22, 193.945, 207.039, 210.648, 214.455]","[0.488, 0.442, 0.407, 0.364, 0.352, 0.34]","[5.226, 4.748, 4.334, 1.739, 0.413, 0.14]","[['neutral'], ['neutral'], ['neutral'], ['neutral'], ['neutral'], ['neutral']]",Is Bare-Metal Stent Implantation Still Justifiable in High Bleeding Risk Patients Undergoing Percutaneous Coronary Intervention?,"[432.95, 466.369, 460.315, 454.04, 453.59, 302.553]","[0.175, 0.107, 0.12, 0.132, 0.133, 0.442]","[0, 0, 0, 0, 0, 24.55]","[0, 0, 0, 0, 0, 1.228]","[0.985, 0.75, 0.607, 0.173, 0.159, 0.995]",yes,incorrect,169.379,214.455,0.14,5.226,302.553,466.369,0,24.55,0.159,0.995
9,2409.01631v3,OpenRAGBench,Gaussian‚Äëlike (approximately a zero‚Äëmean Gaussian).,,"[424.561, 468.365, 478.06, 478.539, 499.412]","[-0.351, -0.495, -0.527, -0.528, -0.597]","[1.118, 1.003, 0.47, 0.069, 0.062]","['neutral', 'neutral', 'neutral', 'neutral', 'neutral']",What is the shape of the Doppler spectrum for mobile antenna motion perpendicular to the mean scattering direction?,"[222.998, 237.204, 136.368, 170.105, 160.294]","[0.605, 0.576, 0.782, 0.713, 0.733]","[0, 0, 25.75, 22.27, 26.36]","[0, 0, 1.287, 1.113, 1.318]","[0.971, 0.406, 0.994, 0.992, 0.99]",The Doppler spectrum exhibits a Gaussian shape for mobile antenna motion perpendicular to the mean scattering direction.,Correct,424.561,499.412,0.062,1.118,136.368,237.204,0,26.36,0.406,0.994
49,2412.20570v1,OpenRAGBench,"A numerical method based on the Poisson‚ÄëNernst‚ÄëPlanck equations is used, solved with COMSOL‚ÄØMultiphysics via its Coefficient‚ÄëForm PDE module.",,"[354.302, 428.214, 443.196, 452.09, 459.59]","[-0.12, -0.363, -0.412, -0.441, -0.466]","[5.952, 1.378, 1.247, 0.405, 0.208]","['neutral', 'neutral', 'neutral', 'neutral', 'neutral']",What method has been developed to solve electro-diffusion equations for ionic currents?,"[254.898, 233.742, 248.841, 230.67, 218.706]","[0.539, 0.583, 0.552, 0.589, 0.613]","[0, 0, 0, 0, 14.9]","[0, 0, 0, 0, 0.745]","[0.985, 0.913, 0.848, 0.116, 0.994]",A method has been developed using regular expansions and Green's function representations to solve Poisson-Nernst-Planck equations with ionic currents entering through narrow window channels. This approach allows for deriving ionic profiles and understanding voltage drops under different charge regimes.,Correct,354.302,459.59,0.208,5.952,218.706,254.898,0,14.9,0.116,0.994
85,2403.01012v4,OpenRAGBench,Independent real‚Äëvalued Brownian motions.,,"[459.831, 478.983, 494.411]","[-0.467, -0.53, -0.58]","[2.155, 0.189, 0.0]","['contradiction', 'neutral', 'neutral']",What type of processes do individual idiosyncratic noises form in classical mean field games?,"[251.153, 251.514, 177.939]","[0.547, 0.546, 0.697]","[0, 10.33, 13.68]","[0, 0.517, 0.684]","[0.16, 0.997, 0.966]","In classical mean field games, individual idiosyncratic noises form a sequence of independent real-valued Brownian motions.",Correct,459.831,494.411,0,2.155,177.939,251.514,0,13.68,0.16,0.997
4,67d4903418b1e36f2e000018,BioASQ,"Yes, SATB1.",,[452.382],[-0.442],[0.209],['neutral'],Which gene shapes the 3D enhancer network of the developing T cell genome?,[156.327],[0.741],[14.24],[0.712],[0.998],[['SATB1']],Correct,452.382,452.382,0.209,0.209,156.327,156.327,14.24,14.24,0.998,0.998
25,67e7df6118b1e36f2e0000d8,BioASQ,"Yes, MiDAS‚ÄØ4.",,"[417.189, 425.163, 425.536, 425.98, 427.77, 450.398, 450.398]","[-0.326, -0.353, -0.354, -0.355, -0.361, -0.436, -0.436]","[0.828, 0.463, 0.0, 0.0, 0.0, 0.0, 0.0]","['neutral', 'neutral', 'neutral', 'neutral', 'neutral', 'contradiction', 'contradiction']",Which database serves as a catalogue of full-length 16S rRNA gene sequences from bacteria in wastewater treatment plants?,"[245.409, 240.714, 244.084, 237.277, 117.014, 226.309, 0]","[0.559, 0.568, 0.562, 0.575, 0.821, 0.598, 0]","[0, 0, 0, 0, 27.58, 19.81, 10.95]","[0, 0, 0, 0, 1.379, 0.99, 0.547]","[0.995, 0.917, 0.39, 0.237, 0.997, 0.988, 0.996]",[['MiDAS 4']],Correct,417.189,450.398,0,0.828,0,245.409,0,27.58,0.237,0.997
26,67e7db2918b1e36f2e0000d6,BioASQ,"Yes, 14.",,"[468.242, 484.117]","[-0.494, -0.546]","[0.251, 0.0]","['neutral', 'neutral']",What is currently the number of germline associations with clonal hematopoiesis in European-ancestry populations?,"[211.691, 125.186]","[0.628, 0.805]","[0, 16.1]","[0, 0.805]","[0.797, 0.998]",[['14']],Correct,468.242,484.117,0,0.251,125.186,211.691,0,16.1,0.797,0.998
59,67dede2918b1e36f2e000062,BioASQ,"Yes, DrugnomeAI.",,"[434.877, 501.324, 501.324]","[-0.385, -0.603, -0.603]","[0.36, 0.185, 0.185]","['neutral', 'neutral', 'neutral']",Which ensemble machine-learning framework has been developed for predicting druggability?,"[138.631, 259.531, 0]","[0.777, 0.53, 0]","[16.16, 13.27, 12.47]","[0.808, 0.664, 0.623]","[0.997, 0.99, 0.989]",[['DrugnomeAI']],Correct,434.877,501.324,0.185,0.36,0,259.531,12.47,16.16,0.989,0.997
71,67e26d6218b1e36f2e000074,BioASQ,"Yes, 30‚Äì50 years.",,"[373.582, 388.895, 408.242, 418.665, 419.205, 429.548, 443.521, 456.536]","[-0.183, -0.234, -0.297, -0.331, -0.333, -0.367, -0.413, -0.456]","[0.788, 0.783, 0.501, 0.401, 0.382, 0.122, 0.12, 0.118]","['contradiction', 'neutral', 'neutral', 'neutral', 'neutral', 'neutral', 'neutral', 'neutral']",Typical age range of onset of systemic scleroderma.,"[228.007, 186.136, 235.961, 117.28, 242.765, 252.611, 115.83, 165.106]","[0.594, 0.68, 0.578, 0.821, 0.564, 0.544, 0.824, 0.723]","[0, 0, 0, 0, 0, 7.06, 5.9, 10.63]","[0, 0, 0, 0, 0, 0.353, 0.295, 0.532]","[0.996, 0.994, 0.983, 0.97, 0.776, 0.99, 0.988, 0.969]",[['50+-16 years']],Incorrect,373.582,456.536,0.118,0.788,115.83,252.611,0,10.63,0.776,0.996
88,67d3434d18b1e36f2e000002,BioASQ,"Yes, BioASQ‚ÄØSynergy.",,"[455.44, 467.837, 471.343, 495.391, 455.44]","[-0.452, -0.493, -0.504, -0.583, -0.452]","[1.038, 0.286, 0.261, 0.0, 1.038]","['neutral', 'neutral', 'neutral', 'neutral', 'neutral']",Which biomedical challenge has been designed to facilitate interaction between biomedical experts and automated question-answering systems in order to promote COVID-19 research?,"[260.926, 240.327, 258.823, 113.095, 0]","[0.527, 0.569, 0.531, 0.829, 0]","[0, 0, 0, 28.82, 9.91]","[0, 0, 0, 1.441, 0.495]","[0.994, 0.9, 0.829, 0.933, 0.994]",[['BioASQ Synergy']],Correct,455.44,495.391,0,1.038,0,260.926,0,28.82,0.829,0.994
90,67d48f6c18b1e36f2e000017,BioASQ,"Yes, SEGCOND.",,"[440.048, 444.72, 457.228, 466.116]","[-0.402, -0.417, -0.458, -0.487]","[0.401, 0.277, 0.0, 0.0]","['neutral', 'neutral', 'neutral', 'neutral']",Which computational method exists for prediction of transcriptional condensate-associated genomic regions?,"[241.282, 250.123, 201.05, 125.112]","[0.567, 0.549, 0.65, 0.805]","[0, 0, 8.2, 14.68]","[0, 0, 0.41, 0.734]","[0.994, 0.987, 0.997, 0.987]","[['SEGCOND', 'CondSigDetector', 'condsigdetector']]",Correct,440.048,466.116,0,0.401,125.112,250.123,0,14.68,0.987,0.997