#,question_id,answer,question_id,mean_distance_a,relevance_score_a,hallucination_index_by_ml,hallucination_index_by_equation,vector_distances_a,vector_scores_a,bm25_scores_a,rerank_sentiments_a,question_id_q,question,relevance_score_q,vector_distances_q,vector_scores_q,bm25_scores_raw_q,bm25_scores_q,reranked_score_q,ranks_q
0,1,"Yes.   The study by Lord et al. (2011) demonstrates that mitochondrial dynamics change during the developmentally regulated programmed cell death (PCD) that creates perforations in lace‑plant leaves. By observing a single areole in a window‑stage leaf, the authors show that mitochondria undergo remodeling—altering distribution, morphology, and membrane potential—within the cells that are dying. These changes occur early in PCD, before the cell wall is degraded, indicating that mitochondria contribute to the initiation and progression of tissue remodeling. Thus, mitochondria play an important role in the early stages of lace‑plant leaf PCD.",1,57.317,95.0,34.0,0,"[35.915, 48.28, 55.299, 56.258, 67.632, 67.632]","[0.897, 0.807, 0.757, 0.75, 0.668, 0.668]","[0.657, 0.437, 0.215, 0.173, 0.137, 0.137]","['neutral', 'neutral', 'neutral', 'neutral', 'neutral', 'neutral']",1,['Do mitochondria play a role in remodelling lace plant leaves during programmed cell death?'],49.0,"[20.779, 58.842, 47.18, 72.127, 0, 101.011]","[1.026, 0.877, 0.923, 0.825, 0, 0.712]","[25.09, 24.7, 20.11, 18.68, 14.88, 0]","[1.254, 1.235, 1.006, 0.934, 0.744, 0]","[0.197, 0.989, 0.85, 0.879, 0.137, 0.915]","[5, 1, 4, 3, 5, 2]"
1,2,"Yes.  The excerpts from the study state that speed‑discrimination deficits in schizophrenia are **not** due to impaired retinal motion processing but arise from problems in generating or integrating the extraretinal (feedback) signals that accompany smooth‑pursuit eye movements.  One passage notes: “Speed discrimination, per se, is not impaired… The observed abnormality appears to be a consequence of impairment in generating or integrating the feedback information from eye movements.”  Another says: “abnormal motion perception… may not primarily be a retinal motion processing problem… but a result of impaired processing or integration of oculomotor feedback signals into a motion percept.”  Thus, the motion‑perception deficit is understood as a consequence of eye‑tracking (smooth‑pursuit) abnormality.",2,61.101,91.0,32.0,0,"[46.481, 47.363, 51.038, 53.504, 55.194, 46.481, 62.46, 75.984, 78.455, 79.324]","[0.82, 0.814, 0.788, 0.77, 0.758, 0.82, 0.705, 0.607, 0.589, 0.583]","[0.899, 0.846, 0.553, 0.445, 0.423, 0.899, 0.238, 0.22, 0.184, 0.137]","['neutral', 'neutral', 'contradiction', 'entailment', 'entailment', 'neutral', 'neutral', 'neutral', 'entailment', 'entailment']",2,['Is motion perception deficit in schizophrenia a consequence of eye-tracking abnormality?'],63.0,"[80.936, 69.298, 82.616, 94.719, 71.738, 74.915, 84.541, 88.502, 91.19, 0]","[0.79, 0.836, 0.784, 0.736, 0.826, 0.814, 0.776, 0.761, 0.75, 0]","[18.56, 14.73, 10.84, 11.24, 0, 0, 0, 0, 0, 10.95]","[0.928, 0.737, 0.542, 0.562, 0, 0, 0, 0, 0, 0.548]","[0.991, 0.993, 0.873, 0.978, 0.128, 0.307, 0.89, 0.117, 0.307, 0.931]","[2, 1, 5, 3, 8, 6, 4, 9, 7, 4]"
2,3,"**Answer**  Yes, women with major depression during pregnancy can be identified in population‑level health data, but the identification is incomplete and varies by data source.  - **Hospital admission data (HMDS)**: 3.1 % of births (3010 of 96698) had a depression‑related comorbidity recorded.   - **Prescription claims data (PBS)**: 4.6 % of births (4485 of 96698) had at least one antidepressant dispensed.   - **Linkage results**: 6596 pregnancies (6.8 % of all births) were flagged by either source; only 13.6 % (899) were captured in both.   - **Capture‑recapture estimate**: The true prevalence is likely ~15.5 % (≈15007 cases), indicating many women with depression are missed in both datasets.  Thus, while administrative data can flag a substantial subset of pregnant women with depression, a large proportion remains unidentified, highlighting limitations in case ascertainment and the need for improved recording and linkage methods.",3,67.382,87.0,32.0,0,"[43.959, 46.322, 52.644, 54.15, 56.214, 57.881, 65.631, 72.198, 72.202, 46.322, 72.198, 72.202, 43.959, 102.171]","[0.839, 0.822, 0.776, 0.765, 0.75, 0.738, 0.682, 0.635, 0.635, 0.822, 0.635, 0.635, 0.839, 0.418]","[0.935, 0.794, 0.644, 0.547, 0.537, 0.476, 0.467, 0.442, 0.398, 0.794, 0.442, 0.398, 0.935, 0.165]","['neutral', 'neutral', 'neutral', 'neutral', 'neutral', 'neutral', 'neutral', 'neutral', 'neutral', 'neutral', 'neutral', 'neutral', 'neutral', 'neutral']",3,['Are women with major depression in pregnancy identifiable in population health data?'],70.0,"[72.137, 53.358, 98.0, 104.624, 95.578, 100.654, 102.135, 110.941, 111.081, 114.828, 0, 0, 0, 0]","[0.825, 0.898, 0.723, 0.697, 0.733, 0.713, 0.707, 0.673, 0.672, 0.658, 0, 0, 0, 0]","[13.51, 9.37, 11.2, 10.95, 7.54, 7.51, 0, 0, 0, 0, 8.91, 8.35, 7.92, 7.48]","[0.675, 0.468, 0.56, 0.548, 0.377, 0.375, 0, 0, 0, 0, 0.446, 0.417, 0.396, 0.374]","[0.978, 0.99, 0.258, 0.9, 0.239, 0.97, 0.819, 0.72, 0.782, 0.473, 0.17, 0.202, 0.513, 0.621]","[2, 1, 9, 4, 10, 3, 5, 7, 6, 8, 10, 9, 6, 5]"
3,4,"Based on the study by Anar C et al., serum leptin levels were **not** a prognostic factor in advanced lung cancer. The authors measured pre‑treatment leptin in 71 untreated patients and found:  - Leptin concentrations were significantly lower in lung‑cancer patients than in healthy controls (4.75 ± 4.91 ng/ml vs. 9.67 ± 8.02 ng/ml; p < 0.001).   - No significant differences in leptin levels were observed according to ECOG performance status, weight loss, histology, disease stage, or TNM classification.   - A modest positive correlation existed between leptin and BMI (r = 0.303; p > 0.010), but this did not translate into survival benefit.   - Receiver‑operator‑characteristic analysis showed an area under the curve of 0.516 (95 % CI 0.376–0.656; p = 0.823), indicating no predictive value for overall survival.    The authors concluded that “serum leptin level has no prognostic indications in advanced lung cancer patients” and that leptin is not a useful clinical marker for prognosis or treatment response in this setting.",4,46.866,94.0,34.0,0,"[28.141, 30.815, 31.78, 34.866, 36.884, 37.441, 46.693, 37.441, 28.141, 57.386, 69.811, 91.872]","[0.953, 0.934, 0.927, 0.904, 0.89, 0.886, 0.819, 0.886, 0.953, 0.742, 0.652, 0.493]","[1.072, 0.929, 0.53, 0.519, 0.516, 0.498, 0.459, 0.498, 1.072, 0.292, 0.207, 0.146]","['neutral', 'neutral', 'entailment', 'neutral', 'neutral', 'neutral', 'neutral', 'neutral', 'neutral', 'neutral', 'entailment', 'neutral']",4,['Are serum leptin levels a prognostic factor in advanced lung cancer?'],59.0,"[64.435, 66.678, 64.533, 64.767, 49.778, 76.737, 76.396, 0, 87.514, 92.89, 0, 0]","[0.855, 0.846, 0.855, 0.854, 0.912, 0.807, 0.808, 0, 0.765, 0.743, 0, 0]","[18.47, 17.44, 17.19, 16.83, 14.66, 15.5, 13.43, 15.56, 0, 0, 12.84, 11.69]","[0.924, 0.872, 0.86, 0.841, 0.733, 0.775, 0.672, 0.778, 0, 0, 0.642, 0.585]","[0.977, 0.98, 0.993, 0.367, 0.99, 0.995, 0.876, 0.216, 0.16, 0.987, 0.252, 0.629]","[6, 5, 2, 8, 3, 1, 7, 10, 9, 4, 9, 7]"
4,5,"Yes. In the study of 100 hypertensive patients (42 % had LVH) and 30 normotensives, corrected QT dispersion (QTcD) was significantly higher in hypertensives and even higher in those with LVH. Pearson’s correlation showed a strong positive relationship between QTcD and LVH indices. Receiver‑operating‑characteristic analysis identified **60 ms** as the optimal QTcD cut‑off for predicting LVH in hypertensives, yielding a sensitivity of 100 % and a specificity of 61.2 % (diagnostic accuracy 97.8 %). Thus, QTcD can reliably predict LVH in hypertensive patients and may serve as a simple, inexpensive screening tool.",5,55.979,94.0,29.0,0,"[35.85, 36.304, 52.482, 53.512, 58.248, 60.024, 36.304, 35.85]","[0.897, 0.894, 0.777, 0.77, 0.735, 0.723, 0.894, 0.897]","[0.765, 0.515, 0.401, 0.303, 0.272, 0.251, 0.515, 0.765]","['neutral', 'neutral', 'neutral', 'neutral', 'neutral', 'neutral', 'neutral', 'neutral']",5,['Would corrected QT dispersion predict left ventricular hypertrophy in hypertensive patients?'],55.0,"[46.672, 48.453, 79.31, 94.964, 0, 92.641, 98.243, 0]","[0.925, 0.918, 0.797, 0.735, 0, 0.744, 0.722, 0]","[21.06, 20.98, 14.92, 11.68, 15.94, 0, 0, 12.64]","[1.053, 1.049, 0.746, 0.584, 0.797, 0, 0, 0.632]","[0.95, 0.982, 0.993, 0.637, 0.623, 0.947, 0.104, 0.908]","[3, 2, 1, 5, 6, 4, 6, 4]"
5,6,"The single‑center retrospective cohort study (308 patients, 2006‑2008) compared regional anesthesia (mainly after July 2007) with general anesthesia (before July 2007) for hip‑fracture surgery in geriatric patients.    **Key findings**   - **Hospitalization cost**: No significant difference – regional $16,789 ± 631 vs. general $16,815 ± 643 (p = 0.9557).   - **Post‑operative morbidity**: Odds ratio for complications (regional vs. general) was 1.7 (95 % CI 0.7–4.1), not statistically significant.   - **In‑patient mortality**: Odds ratio 1.0 (95 % CI 0.1–6.7), indicating no difference.   - **Other outcomes**: Length of stay, pulmonary or cardiac complications, nursing‑home discharge, and rehospitalization rates were similar between groups.    **Factors that increased cost**   - Delay in surgery beyond 3 days.   - Intensive‑care‑unit admission.    **Conclusion**   The study found **no reduction in morbidity, mortality, or health‑care costs** when using regional anesthesia compared with general anesthesia for hip‑fracture repair in older adults.",6,58.795,89.0,35.0,0,"[31.337, 37.556, 40.06, 45.614, 60.702, 37.556, 84.589, 89.781]","[0.93, 0.885, 0.867, 0.827, 0.718, 0.885, 0.545, 0.508]","[1.038, 0.928, 0.738, 0.723, 0.354, 0.928, 0.268, 0.239]","['neutral', 'neutral', 'neutral', 'neutral', 'neutral', 'neutral', 'neutral', 'neutral']",6,"['Regional anesthesia as compared with general anesthesia for surgery in geriatric patients with hip fracture: does it decrease morbidity, mortality, and health care costs?']",45.0,"[28.57, 35.866, 52.818, 67.763, 96.676, 62.217, 0, 87.633]","[0.995, 0.967, 0.9, 0.842, 0.729, 0.864, 0, 0.764]","[25.25, 25.51, 24.78, 21.16, 16.13, 0, 16.17, 0]","[1.262, 1.276, 1.239, 1.058, 0.807, 0, 0.809, 0]","[0.957, 0.951, 0.536, 0.932, 0.962, 0.113, 0.98, 0.979]","[3, 4, 6, 5, 2, 7, 2, 1]"
6,7,"Yes.  The study measured three stable protein adducts that arise from carbonyl‑derived reactions in uremic plasma:    * **Pentose‑derived pentosidine** (a carbohydrate‑derived AGE)   * **Malondialdehyde‑lysine (MDA‑lysine)** (a lipid‑derived AGE)   * **Carboxymethyllysine (CML)** (which can originate from both carbohydrates and lipids)  In patients on hemodialysis (both non‑diabetic and diabetic) all three markers were markedly higher than in normal subjects (p < 0.0001).  The independent elevation of carbohydrate‑ and lipid‑derived AGEs indicates that autoxidation of both macromolecule classes is increased, reflecting heightened oxidative stress in uremia.  The authors conclude that the broad rise in AGEs implicates a derangement in non‑enzymatic biochemistry driven by oxidative processes in uremic patients.",7,67.0,87.0,35.0,0,"[28.308, 38.592, 56.354, 67.019, 56.354, 86.078, 86.336, 99.379]","[0.952, 0.877, 0.749, 0.672, 0.749, 0.534, 0.533, 0.438]","[0.965, 0.75, 0.68, 0.579, 0.68, 0.385, 0.188, 0.156]","['neutral', 'neutral', 'neutral', 'neutral', 'neutral', 'neutral', 'neutral', 'neutral']",7,['Autoxidation products of both carbohydrates and lipids are increased in uremic plasma: is there oxidative stress in uremia?'],56.0,"[48.224, 97.807, 115.252, 98.255, 0, 134.187, 0, 0]","[0.918, 0.724, 0.656, 0.722, 0, 0.582, 0, 0]","[27.48, 20.51, 15.48, 9.66, 14.56, 0, 10.57, 9.53]","[1.374, 1.025, 0.774, 0.483, 0.728, 0, 0.528, 0.476]","[0.838, 0.365, 0.778, 0.757, 0.578, 0.399, 0.147, 0.116]","[1, 5, 2, 3, 3, 4, 6, 7]"
7,8,"No.   In the retrospective cohort of 151 women with bothersome mixed urinary incontinence, the study compared a midurethral sling (MUS) alone to a MUS performed together with anterior/apical prolapse (AA) repair (MUS + AA). The primary outcome was the change in the Overactive Bladder Questionnaire Symptom Severity (OAB‑q SS) score at 6 weeks. Mean improvements were 30 ± 26 for MUS‑only and 25 ± 25 for MUS + AA (p = 0.20), showing no statistically significant difference. Multivariate linear regression confirmed no benefit of adding AA repair on OAB‑q SS change. The only factor that lowered improvement was the presence of postoperative complications (β = −19, 95 % CI −31 to −6; p < 0.01). Thus, concomitant anterior/apical repair does not provide additional improvement in the overactive‑bladder component of mixed incontinence beyond what is achieved with a midurethral sling alone.",8,67.348,84.0,34.0,0,"[19.425, 42.712, 63.705, 63.982, 68.502, 63.705, 94.728, 100.351]","[1.016, 0.848, 0.696, 0.694, 0.661, 0.696, 0.472, 0.431]","[1.267, 1.25, 0.944, 0.659, 0.419, 0.944, 0.2, 0.198]","['entailment', 'neutral', 'neutral', 'neutral', 'entailment', 'neutral', 'neutral', 'neutral']",8,['Does concomitant anterior/apical repair during midurethral sling improve the overactive bladder component of mixed incontinence?'],49.0,"[38.711, 101.913, 111.262, 138.705, 127.31, 139.955, 0, 0]","[0.956, 0.708, 0.671, 0.564, 0.609, 0.559, 0, 0]","[34.89, 25.84, 18.29, 13.17, 10.57, 0, 9.5, 9.38]","[1.744, 1.292, 0.914, 0.658, 0.528, 0, 0.475, 0.469]","[0.937, 0.985, 0.35, 0.651, 0.11, 0.981, 0.364, 0.186]","[3, 1, 5, 4, 6, 2, 4, 7]"
8,9,"**Answer**  In the 2010 study by Nocera et al., knee extensor strength was found to be **positively correlated with dynamic postural stability** (measured by the COP‑COM moment arm) in patients with Parkinson’s disease (PD). Dynamic stability, in turn, was **negatively correlated with disease severity** (Hoehn‑Yahr stage, UPDRS motor and total scores) and **positively correlated with functional ambulation** measures such as the Functional Reach Test and the 6‑minute walk test.    Knee extensor strength itself was also **negatively correlated with disease severity**, but the study did **not find a direct statistical relationship** between knee extensor strength and functional ambulation outcomes. Thus, while strength and dynamic stability are linked, and dynamic stability relates to both disease severity and functional ambulation, knee extensor strength alone does not directly predict ambulation performance in this cohort.",9,50.967,94.0,36.0,0,"[31.368, 32.819, 36.575, 46.147, 50.144, 52.147, 53.025, 53.269, 53.629, 46.147, 67.535, 68.199]","[0.93, 0.919, 0.892, 0.823, 0.794, 0.78, 0.773, 0.771, 0.769, 0.823, 0.668, 0.664]","[0.908, 0.722, 0.672, 0.57, 0.428, 0.411, 0.337, 0.304, 0.289, 0.57, 0.189, 0.171]","['neutral', 'neutral', 'neutral', 'neutral', 'neutral', 'neutral', 'neutral', 'neutral', 'neutral', 'neutral', 'neutral', 'neutral']",9,"[""Knee extensor strength, dynamic stability, and functional ambulation: are they related in Parkinson's disease?""]",52.0,"[46.925, 74.117, 66.349, 74.361, 87.09, 88.567, 93.739, 91.474, 76.701, 81.717, 91.773, 0]","[0.924, 0.817, 0.847, 0.816, 0.766, 0.76, 0.74, 0.749, 0.807, 0.787, 0.748, 0]","[20.58, 21.33, 20.69, 18.47, 17.81, 15.07, 15.09, 14.88, 13.56, 0, 0, 14.09]","[1.029, 1.067, 1.034, 0.923, 0.89, 0.754, 0.755, 0.744, 0.678, 0, 0, 0.704]","[0.861, 0.99, 0.99, 0.406, 0.952, 0.462, 0.972, 0.985, 0.982, 0.992, 0.293, 0.958]","[8, 3, 2, 10, 7, 9, 6, 4, 5, 1, 11, 5]"
9,10,"No. The study found no significant association between arch form and either sagittal molar relationship or Bolton tooth‑size discrepancy. Arch form types were independent of gender, molar class, and the presence of clinically significant Bolton discrepancies.",10,63.731,96.0,33.0,0,"[43.746, 45.62, 52.079, 58.31, 59.088, 59.123, 63.134, 74.485, 43.746, 81.047, 85.709]","[0.84, 0.827, 0.78, 0.735, 0.729, 0.729, 0.7, 0.618, 0.84, 0.571, 0.537]","[0.184, 0.18, 0.157, 0.146, 0.125, 0.125, 0.112, 0.11, 0.184, 0.047, 0.039]","['neutral', 'neutral', 'neutral', 'neutral', 'neutral', 'neutral', 'neutral', 'neutral', 'neutral', 'neutral', 'neutral']",10,['Is arch form influenced by sagittal molar relationship or Bolton tooth-size discrepancy?'],43.0,"[52.501, 72.973, 70.41, 65.639, 73.038, 76.93, 89.29, 86.386, 99.704, 0, 93.776]","[0.902, 0.821, 0.832, 0.85, 0.821, 0.806, 0.758, 0.769, 0.717, 0, 0.74]","[26.79, 24.95, 22.01, 20.91, 21.25, 21.47, 19.67, 16.1, 14.56, 16.89, 0]","[1.34, 1.248, 1.1, 1.046, 1.063, 1.074, 0.983, 0.805, 0.728, 0.844, 0]","[0.99, 0.991, 0.963, 0.956, 0.961, 0.996, 0.992, 0.903, 0.991, 0.612, 0.81]","[5, 3, 6, 8, 7, 1, 2, 9, 4, 10, 10]"
10,11,"**Key findings from the study**  - **Women without a prior history of MDD**     - **Chronic medical conditions before midlife** and **perceived role limitations due to physical problems** during follow‑up were independent predictors of a **first‑onset** major depressive episode.     - Medical conditions reported during the follow‑up period did **not** predict subsequent MDD, suggesting that the *subjective impact* of health on functioning is more salient for first‑onset depression.  - **Women with a prior history of MDD**     - **Menopausal status** was the main risk factor: being **peri‑ or post‑menopausal** significantly increased the risk of a **recurrent** MDD episode compared with pre‑menopause.     - Other factors such as anxiety symptoms also predicted recurrence, but chronic medical conditions during follow‑up were not significant.  **Conclusion**   The risk profiles differ: first‑onset depression in midlife is driven mainly by pre‑existing chronic illness and perceived functional limitations, whereas recurrent depression is most strongly linked to the menopausal transition. Thus, risk factors for major depression during midlife are not the same for women with and without a prior history of MDD.",11,53.522,88.0,36.0,0,"[37.624, 39.699, 39.804, 41.456, 45.901, 46.672, 61.977, 37.624, 39.699, 82.811]","[0.884, 0.869, 0.869, 0.857, 0.825, 0.819, 0.709, 0.884, 0.869, 0.558]","[1.767, 0.995, 0.791, 0.767, 0.734, 0.615, 0.469, 1.767, 0.995, 0.266]","['neutral', 'neutral', 'neutral', 'neutral', 'neutral', 'neutral', 'neutral', 'neutral', 'neutral', 'neutral']",11,['Risk factors for major depression during midlife among a community sample of women with and without prior major depression: are they the same or different?'],55.0,"[33.298, 76.49, 73.811, 79.122, 87.919, 77.929, 86.978, 88.719, 0, 0]","[0.977, 0.808, 0.818, 0.797, 0.763, 0.802, 0.767, 0.76, 0, 0]","[26.25, 20.02, 16.24, 12.65, 13.1, 0, 0, 0, 13.7, 11.47]","[1.312, 1.001, 0.812, 0.632, 0.655, 0, 0, 0, 0.685, 0.573]","[0.979, 0.981, 0.922, 0.973, 0.485, 0.709, 0.592, 0.954, 0.171, 0.913]","[2, 1, 5, 3, 8, 6, 7, 4, 7, 4]"
11,12,"The study from a private center in Buenos Aires, Argentina, examined HIV‑infected patients who were diagnosed in the pre‑HAART era and followed on antiretroviral therapy. Among the cohort, about 50 % were virologically suppressed on a first‑line regimen, 16 % required third‑line therapy, and more than 90 % had a viral load below 200 copies/mL. These findings indicate that, even in a resource‑limited setting, sustained viral suppression is achievable over time. The authors conclude that maintaining viral load suppression is feasible in such environments, supporting the broader implementation of “test‑and‑treat” strategies. Further studies in diverse populations are needed to confirm generalizability.",12,76.765,86.0,33.0,0,"[43.973, 45.337, 48.351, 68.186, 70.219, 74.036, 89.587, 45.337, 108.719, 43.973]","[0.839, 0.829, 0.807, 0.664, 0.649, 0.621, 0.509, 0.829, 0.371, 0.839]","[0.946, 0.705, 0.571, 0.401, 0.389, 0.263, 0.262, 0.705, 0.191, 0.946]","['neutral', 'neutral', 'neutral', 'neutral', 'neutral', 'neutral', 'neutral', 'neutral', 'entailment', 'neutral']",12,['Treatment as prevention in resource-limited settings: is it feasible to maintain HIV viral load suppression over time?'],51.0,"[54.344, 65.421, 67.562, 77.497, 88.165, 106.98, 118.301, 120.933, 0, 0]","[0.894, 0.851, 0.843, 0.804, 0.762, 0.688, 0.644, 0.634, 0, 0]","[26.3, 21.74, 21.86, 17.95, 18.04, 11.9, 0, 0, 6.91, 6.78]","[1.315, 1.087, 1.093, 0.897, 0.902, 0.595, 0, 0, 0.345, 0.339]","[0.983, 0.997, 0.997, 0.994, 0.996, 0.996, 0.903, 0.912, 0.954, 0.418]","[6, 1, 2, 5, 3, 4, 8, 7, 7, 8]"
12,13,"No. In the study of 30 endomyocardial‑fibrosis patients, quantitative assessment of left‑ventricular wall motion in five segments (anterobasal, anterolateral, apical, infero‑apical, inferobasal) showed no significant difference between pre‑operative and post‑operative values. The mean wall‑motion scores (in standard‑deviation units) were essentially unchanged (e.g., AB: –0.78 ± 0.25 pre vs –0.96 ± 0.24 post, p = 0.559; A: –1.84 ± 0.31 pre vs –1.94 ± 0.34 post, p = 0.732). Likewise, the global left‑ventricular ejection fraction remained unchanged (0.45 ± 0.13 % pre vs 0.43 ± 0.12 % post). Thus, fibrous‑tissue resection does not alter quantitative regional wall motion, even though patients often experience symptomatic improvement.",13,55.993,93.0,34.0,0,"[32.762, 37.82, 43.766, 45.136, 46.709, 47.31, 48.878, 59.078, 66.645, 69.114, 73.572, 74.94, 82.178]","[0.92, 0.883, 0.84, 0.83, 0.819, 0.814, 0.803, 0.729, 0.675, 0.657, 0.625, 0.615, 0.563]","[1.316, 0.733, 0.541, 0.526, 0.381, 0.361, 0.275, 0.259, 0.236, 0.196, 0.175, 0.141, 0.125]","['neutral', 'neutral', 'neutral', 'neutral', 'neutral', 'neutral', 'neutral', 'neutral', 'neutral', 'neutral', 'neutral', 'neutral', 'neutral']",13,['Does quantitative left ventricular regional wall motion change after fibrous tissue resection in endomyocardial fibrosis?'],42.0,"[29.992, 37.946, 38.624, 35.436, 41.523, 63.626, 44.713, 81.442, 65.215, 87.004, 99.165, 97.97, 111.618]","[0.99, 0.959, 0.956, 0.969, 0.945, 0.858, 0.932, 0.788, 0.852, 0.767, 0.719, 0.724, 0.67]","[32.34, 28.46, 28.5, 25.1, 23.7, 25.03, 23.21, 19.61, 17.44, 15.43, 16.01, 13.97, 0]","[1.617, 1.423, 1.425, 1.255, 1.185, 1.252, 1.16, 0.98, 0.872, 0.771, 0.801, 0.699, 0]","[0.872, 0.99, 0.981, 0.993, 0.989, 0.969, 0.988, 0.984, 0.678, 0.988, 0.99, 0.991, 0.163]","[11, 3, 9, 1, 5, 10, 6, 8, 12, 7, 4, 2, 13]"
13,14,"The study examined whether the ACE‑1 insertion/deletion (I/D) polymorphism is associated with chronic kidney disease (CKD) in hypertensive patients. Genotyping revealed the DD genotype in 34.4 % of CKD cases versus 28.6 % of controls, with the D allele present in 53.4 % of cases and 47.9 % of controls. Logistic regression showed an odds ratio (OR) of 1.25 (95 % CI 0.86–1.79) for CKD in carriers of the D allele, and an OR of 1.42 (95 % CI 0.72–2.81) for the DD genotype versus the II genotype. Although the DD genotype was associated with a higher risk, the association did not reach statistical significance. The authors concluded that the ACE‑DD genotype may be a risk factor for the development of CKD among hypertensive patients, but further studies are needed to confirm this relationship.",14,63.689,89.0,33.0,0,"[35.361, 40.046, 43.449, 48.729, 60.803, 62.74, 84.47, 96.966, 35.361]","[0.901, 0.867, 0.842, 0.804, 0.717, 0.703, 0.546, 0.456, 0.901]","[1.086, 0.79, 0.773, 0.754, 0.309, 0.164, 0.162, 0.144, 1.086]","['neutral', 'neutral', 'neutral', 'neutral', 'neutral', 'neutral', 'neutral', 'neutral', 'neutral']",14,['Does angiotensin-converting enzyme-1 (ACE-1) gene polymorphism lead to chronic kidney disease among hypertensive patients?'],53.0,"[48.056, 36.77, 53.77, 70.787, 76.206, 0, 96.137, 0, 0]","[0.919, 0.963, 0.897, 0.83, 0.809, 0, 0.731, 0, 0]","[26.47, 21.58, 20.43, 19.21, 18.04, 18.12, 0, 14.35, 13.93]","[1.323, 1.079, 1.021, 0.961, 0.902, 0.906, 0, 0.718, 0.697]","[0.972, 0.947, 0.994, 0.271, 0.994, 0.162, 0.624, 0.103, 0.617]","[3, 4, 1, 6, 2, 7, 5, 8, 5]"
14,15,"Yes. In the retrospective study of Thai patients after acute myocardial infarction, non‑high‑density lipoprotein cholesterol (non‑HDL‑C) proved to be a superior predictor of long‑term major adverse cardiovascular events (MACEs) compared with low‑density lipoprotein cholesterol (LDL‑C).    Key findings from the article:    - **Non‑HDL‑C target attainment**: Only 34 % of patients reached the non‑HDL‑C goal (< 100 mg/dL). Failure to achieve this target was independently associated with a higher risk of long‑term MACEs (adjusted HR ≈ 3.15, 95 % CI 1.46–6.80).   - **LDL‑C target attainment**: 24 % of patients reached the LDL‑C goal (< 70 mg/dL). Non‑attainment of the LDL‑C goal was **not** linked to increased long‑term MACE risk (adjusted HR ≈ 0.42, 95 % CI 0.18–0.98).   - The study concluded that non‑HDL‑C is a more accurate predictor of long‑term outcomes and should be used as a therapeutic target in post‑AMI patients.  Thus, the evidence in this cohort supports that non‑HDL‑C is a better long‑term outcome predictor than LDL‑C.",15,60.37,84.0,34.0,0,"[24.278, 38.288, 49.541, 52.956, 54.33, 61.825, 38.288, 24.278, 67.0, 49.541, 88.224, 88.574]","[0.981, 0.88, 0.798, 0.774, 0.764, 0.71, 0.88, 0.981, 0.672, 0.798, 0.519, 0.516]","[1.272, 1.037, 0.866, 0.861, 0.855, 0.829, 1.037, 1.272, 0.66, 0.866, 0.402, 0.345]","['neutral', 'neutral', 'neutral', 'neutral', 'neutral', 'neutral', 'neutral', 'neutral', 'neutral', 'neutral', 'neutral', 'neutral']",15,['Is non-HDL-cholesterol a better predictor of long-term outcome in patients after acute myocardial infarction compared to LDL-cholesterol?'],48.0,"[49.349, 102.455, 101.99, 108.319, 90.085, 0, 0, 89.415, 0, 104.086, 113.71, 116.044]","[0.914, 0.706, 0.708, 0.683, 0.754, 0, 0, 0.757, 0, 0.7, 0.662, 0.653]","[30.91, 18.46, 17.92, 17.45, 15.95, 15.55, 15.33, 0, 14.42, 0, 0, 0]","[1.545, 0.923, 0.896, 0.872, 0.798, 0.778, 0.766, 0, 0.721, 0, 0, 0]","[0.99, 0.132, 0.983, 0.93, 0.429, 0.982, 0.148, 0.226, 0.52, 0.957, 0.981, 0.986]","[1, 9, 3, 6, 7, 2, 8, 8, 5, 5, 4, 2]"
15,16,"Yes.  The study shows that during pregnancy the spiny mouse alters several aspects of creatine metabolism to meet the increased demands of maternal tissues, the placenta and the fetus.  Key findings include:  * **Lower plasma creatine** and **reduced urinary creatine excretion** from mid‑ to late gestation.   * **Increased renal AGAT** mRNA and protein at term, indicating enhanced endogenous creatine synthesis.   * **Higher creatine content** in the maternal heart and kidney, while brain CrT1 expression falls and gastrocnemius CrT1 rises, reflecting tissue‑specific redistribution.   * **Decreased liver GAMT protein** (though liver size increases), suggesting a shift in the site of synthesis.  These coordinated changes—enhanced synthesis, altered transport, and tissue‑specific retention—support the hypothesis that maternal creatine homeostasis is deliberately modified as a metabolic adaptation to pregnancy.",16,43.503,97.0,31.0,0,"[34.77, 37.199, 39.34, 45.236, 45.699, 49.064, 53.214]","[0.905, 0.888, 0.872, 0.829, 0.826, 0.802, 0.772]","[0.652, 0.465, 0.436, 0.415, 0.404, 0.402, 0.344]","['neutral', 'neutral', 'neutral', 'neutral', 'neutral', 'neutral', 'neutral']",16,['Maternal creatine homeostasis is altered during gestation in the spiny mouse: is this a metabolic adaptation to pregnancy?'],53.0,"[65.837, 72.493, 93.089, 87.277, 44.572, 76.365, 102.424]","[0.849, 0.823, 0.743, 0.765, 0.933, 0.808, 0.706]","[18.19, 17.7, 18.31, 13.31, 0, 0, 0]","[0.91, 0.885, 0.915, 0.665, 0, 0, 0]","[0.443, 0.985, 0.881, 0.608, 0.737, 0.995, 0.856]","[7, 2, 3, 6, 5, 1, 4]"
16,17,"Yes.  The study shows that linear anorectal endosonography can clearly visualise the anal sphincter, the puborectalis muscle and other pelvic‑floor structures.  It allows accurate measurement of length and thickness at rest and during dynamic maneuvers.  In 85 % of dyschesia patients the anal sphincter became paradoxically shorter or thicker during straining, and in 80 % the puborectalis did the same—changes that were far less common in healthy controls (35 % and 30 % respectively).  These findings demonstrate incomplete or absent relaxation of the sphincter and puborectalis in the majority of dyschesia patients, confirming the technique’s value for diagnosing pelvic‑floor dyssynergia (anismus).  The authors conclude that linear anorectal endosonography is a safe, easy, and valuable tool for evaluating dyschesia.",17,63.495,90.0,32.0,0,"[27.02, 41.276, 50.086, 53.654, 53.789, 60.199, 63.175, 63.35, 71.644, 80.564, 84.041, 63.35, 41.276]","[0.961, 0.858, 0.794, 0.769, 0.768, 0.721, 0.7, 0.699, 0.639, 0.574, 0.549, 0.699, 0.858]","[0.93, 0.771, 0.615, 0.525, 0.503, 0.39, 0.358, 0.333, 0.307, 0.214, 0.213, 0.333, 0.771]","['neutral', 'neutral', 'neutral', 'neutral', 'entailment', 'neutral', 'neutral', 'neutral', 'neutral', 'neutral', 'neutral', 'neutral', 'neutral']",17,['Is anorectal endosonography valuable in dyschesia?'],66.0,"[66.174, 77.25, 95.353, 109.429, 137.385, 137.824, 140.418, 145.476, 125.331, 128.952, 137.484, 0, 0]","[0.848, 0.805, 0.734, 0.679, 0.569, 0.567, 0.557, 0.537, 0.616, 0.602, 0.569, 0, 0]","[11.65, 12.46, 10.92, 8.89, 7.25, 6.06, 6.09, 5.8, 0, 0, 0, 5.28, 4.83]","[0.582, 0.623, 0.546, 0.444, 0.362, 0.303, 0.304, 0.29, 0, 0, 0, 0.264, 0.241]","[0.996, 0.993, 0.995, 0.995, 0.985, 0.985, 0.773, 0.993, 0.803, 0.992, 0.99, 0.405, 0.209]","[1, 4, 2, 3, 8, 9, 11, 5, 10, 6, 7, 8, 10]"
17,18,"**Effect of the “Smoking in Movies” counter‑industry ad (Out of the Smokescreen II)**    - **Non‑smokers:** The 30‑second ad, styled as a movie trailer warning viewers not to be “sucked in” by on‑screen smoking, increased negative attitudes toward smoking in the film. 47.8 % of non‑smokers in the intervention group judged the movie’s smoking as “not OK” versus 43.8 % in the control group (p = 0.04).   - **Smokers:** The ad did **not** change smokers’ attitudes toward the movie’s smoking.  Moreover, a higher proportion of smokers in the intervention group reported they were *unlikely* to smoke in 12 months compared with the control group, suggesting a possible “boomerang” effect that could reinforce smokers’ intentions.   - **Overall:** The advertisement effectively “immunised” young non‑smokers against the influence of film stars smoking but had no beneficial effect on smokers and may have unintentionally increased their stated intention to smoke.",18,63.485,88.0,37.0,0,"[49.213, 50.802, 56.203, 58.345, 60.529, 60.623, 58.345, 60.529, 70.14, 71.726, 74.457, 83.113]","[0.801, 0.789, 0.75, 0.735, 0.719, 0.718, 0.735, 0.719, 0.65, 0.638, 0.618, 0.556]","[0.898, 0.788, 0.731, 0.659, 0.588, 0.505, 0.659, 0.588, 0.348, 0.28, 0.227, 0.181]","['neutral', 'neutral', 'neutral', 'neutral', 'neutral', 'neutral', 'neutral', 'neutral', 'neutral', 'neutral', 'neutral', 'neutral']",18,"[""Out of the smokescreen II: will an advertisement targeting the tobacco industry affect young people's perception of smoking in movies and their intention to smoke?""]",47.0,"[37.847, 69.844, 71.384, 71.243, 79.735, 75.029, 74.325, 0, 0, 69.726, 0, 71.554]","[0.959, 0.834, 0.828, 0.828, 0.795, 0.813, 0.816, 0, 0, 0.834, 0, 0.827]","[32.8, 23.18, 20.83, 20.66, 19.81, 19.32, 18.6, 18.84, 17.99, 0, 16.68, 0]","[1.64, 1.159, 1.042, 1.033, 0.991, 0.966, 0.93, 0.942, 0.9, 0, 0.834, 0]","[0.152, 0.951, 0.835, 0.994, 0.762, 0.849, 0.855, 0.874, 0.171, 0.204, 0.861, 0.407]","[9, 2, 5, 1, 6, 4, 3, 4, 10, 8, 5, 7]"
18,19,"No. The study shows that a single, uniform pre‑operative hemoglobin (Hb) target is not appropriate for all patients undergoing primary knee arthroplasty (TKA). Instead, the optimal Hb level should be individualized. Two readily available factors— the American Society of Anesthesiology (ASA) score and the patient’s baseline Hb—can guide this tailoring. Patients with a higher ASA score (III/IV) or a lower baseline Hb have a greater risk of transfusion and may benefit from a higher pre‑operative Hb target, whereas those with lower ASA scores (I/II) and higher baseline Hb can tolerate a lower target. Thus, the study concludes that not all patients need the same Hb optimization target; using ASA status and baseline Hb helps determine the appropriate individualized goal.",19,72.506,84.0,32.0,0,"[46.669, 53.932, 70.209, 79.393, 46.669, 84.44, 91.216]","[0.819, 0.767, 0.649, 0.583, 0.819, 0.546, 0.497]","[0.862, 0.817, 0.672, 0.643, 0.862, 0.272, 0.116]","['neutral', 'neutral', 'neutral', 'entailment', 'neutral', 'neutral', 'entailment']",19,['Should all patients be optimized to the same preoperative hemoglobin level to avoid transfusion in primary knee arthroplasty?'],60.0,"[32.552, 86.124, 89.525, 93.962, 96.559, 114.042, 0]","[0.98, 0.77, 0.757, 0.739, 0.729, 0.661, 0]","[22.73, 17.26, 13.84, 11.34, 11.0, 10.29, 8.15]","[1.136, 0.863, 0.692, 0.567, 0.55, 0.515, 0.408]","[0.982, 0.674, 0.97, 0.116, 0.995, 0.594, 0.988]","[2, 4, 3, 6, 1, 5, 2]"
19,20,"Yes. In the ERP study, emotional prosody was processed both when the voice was attended and when it was unattended. However, the influence of spatial attention differed over time:  * **Early stage (< 200 ms, e.g., N1)** – Spatial attention interacted with emotional prosody. The amplitude of the N1 component varied with both the emotional valence of the voice and whether it was presented at the attended location. This shows that attention modulates the initial sensory processing of affective prosody.  * **Later stage (> 200 ms)** – The effects of emotional prosody and spatial attention became additive, indicating that later processing of affective prosody occurs largely independent of spatial attention.  Thus, spatial attention does influence the processing of affective prosody, but mainly at early sensory stages; later stages of processing are largely unaffected by where attention is directed.",20,61.734,90.0,31.0,0,"[34.576, 42.369, 45.612, 47.019, 51.834, 59.082, 63.623, 63.863, 64.529, 66.087, 66.497, 66.74, 67.168, 64.529, 66.087, 67.168]","[0.906, 0.85, 0.827, 0.817, 0.782, 0.729, 0.697, 0.695, 0.69, 0.679, 0.676, 0.674, 0.671, 0.69, 0.679, 0.671]","[1.006, 0.923, 0.727, 0.546, 0.43, 0.381, 0.371, 0.358, 0.352, 0.348, 0.344, 0.318, 0.31, 0.352, 0.348, 0.31]","['neutral', 'neutral', 'neutral', 'neutral', 'neutral', 'neutral', 'neutral', 'neutral', 'neutral', 'neutral', 'neutral', 'neutral', 'neutral', 'neutral', 'neutral', 'neutral']",20,['Is the processing of affective prosody influenced by spatial attention?'],66.0,"[56.342, 96.48, 65.337, 88.934, 111.409, 90.431, 100.929, 108.883, 105.2, 108.054, 103.268, 107.817, 109.264, 0, 0, 0]","[0.887, 0.729, 0.851, 0.759, 0.671, 0.753, 0.712, 0.681, 0.695, 0.684, 0.703, 0.685, 0.679, 0, 0, 0]","[14.14, 12.37, 8.38, 10.16, 10.18, 8.31, 8.83, 9.31, 8.76, 8.64, 0, 0, 0, 8.39, 8.23, 8.13]","[0.707, 0.619, 0.419, 0.508, 0.509, 0.416, 0.441, 0.465, 0.438, 0.432, 0, 0, 0, 0.419, 0.411, 0.406]","[0.994, 0.996, 0.99, 0.981, 0.99, 0.653, 0.371, 0.997, 0.735, 0.977, 0.995, 0.988, 0.992, 0.448, 0.916, 0.897]","[4, 2, 6, 9, 7, 12, 13, 1, 11, 10, 3, 8, 5, 13, 9, 10]"
20,21,"**Answer**  Yes. In the post‑hoc analysis of 134 patients with LA C or D reflux oesophagitis treated with esomeprazole, the relationship between the proportion of time with intragastric pH > 4 and healing was non‑linear. The curve peaked when pH > 4 was achieved for **≈ 50–70 % of the 24‑hour period (12–17 h)**. Beyond this threshold, additional acid suppression did **not** increase healing rates. Thus, an optimal time of acid suppression for maximal healing is about 12–17 h per day.",21,64.946,92.0,33.0,0,"[30.97, 47.713, 52.817, 56.393, 64.849, 66.883, 70.061, 77.41, 78.272, 77.41, 78.272]","[0.933, 0.812, 0.775, 0.749, 0.688, 0.673, 0.65, 0.597, 0.591, 0.597, 0.591]","[0.638, 0.569, 0.487, 0.478, 0.253, 0.181, 0.173, 0.162, 0.128, 0.162, 0.128]","['neutral', 'neutral', 'neutral', 'neutral', 'neutral', 'neutral', 'neutral', 'neutral', 'neutral', 'neutral', 'neutral']",21,['A model of healing of Los Angeles grades C and D reflux oesophagitis: is there an optimal time of acid suppression for maximal healing?'],50.0,"[50.018, 33.997, 75.474, 91.558, 98.954, 87.509, 94.043, 94.387, 0, 98.386, 0]","[0.911, 0.974, 0.812, 0.749, 0.72, 0.765, 0.739, 0.738, 0, 0.722, 0]","[27.48, 25.75, 21.9, 21.1, 20.09, 12.91, 12.75, 0, 14.74, 0, 13.46]","[1.374, 1.287, 1.095, 1.055, 1.004, 0.645, 0.638, 0, 0.737, 0, 0.673]","[0.631, 0.79, 0.97, 0.542, 0.986, 0.972, 0.112, 0.136, 0.491, 0.793, 0.111]","[6, 5, 3, 7, 1, 2, 9, 8, 7, 4, 9]"
21,22,"Yes. The study found that women with pelvic organ prolapse who experience pelvic pain also report a higher frequency of defecatory‑dysfunction symptoms.  After adjusting for age, prolapse grade, and site, every 10‑point increase in the CRADI‑8 score (a measure of prolapse‑related symptoms) raised the odds of pelvic pain by about 1.6 times.  Individual bowel symptoms such as pain with bowel movements, fecal urgency, a sense of incomplete evacuation, splinting during defecation, and straining were all significantly linked to pelvic pain.  Even the sensation of tissue bulging through the rectum and flatus incontinence showed weak associations, while incontinence of solid stool was not related.  Thus, except for solid‑stool incontinence, all measured defecatory symptoms were associated with pelvic pain in women with pelvic organ prolapse.",22,35.736,99.0,40.0,0,"[15.453, 29.539, 29.897, 48.602, 55.189]","[1.045, 0.943, 0.94, 0.805, 0.758]","[0.831, 0.701, 0.417, 0.344, 0.119]","['entailment', 'neutral', 'neutral', 'neutral', 'neutral']",22,['Is pelvic pain associated with defecatory symptoms in women with pelvic organ prolapse?'],52.0,"[50.843, 50.401, 74.725, 72.545, 0]","[0.908, 0.91, 0.815, 0.823, 0]","[22.23, 22.11, 17.28, 16.6, 15.46]","[1.112, 1.106, 0.864, 0.83, 0.773]","[0.715, 0.919, 0.914, 0.989, 0.154]","[4, 2, 3, 1, 5]"
22,23,"Yes.   The study found that complex coronary lesions—specifically bifurcation and ostial lesions—occurred significantly more often in patients with diabetes mellitus (DM) than in non‑diabetics.    **Key findings**   - **Bifurcation lesions**: 9.8 % in diabetics vs. 4.3 % in non‑diabetics (p = 0.001).   - **Ostial lesions**: 38.4 % in diabetics vs. 29.2 % in non‑diabetics (p = 0.003).   - Multivariate analysis showed DM was an independent predictor:     - Bifurcation lesion OR = 2.27 (p = 0.004).     - Ostial lesion OR = 1.40 (p = 0.027).    Thus, complex coronary lesions are indeed more frequent in patients with diabetes mellitus.",23,58.464,93.0,29.0,0,"[24.087, 28.282, 36.051, 49.251, 59.229, 59.782, 59.958, 59.782, 59.958, 75.594, 117.127]","[0.982, 0.952, 0.896, 0.8, 0.728, 0.724, 0.723, 0.724, 0.723, 0.61, 0.31]","[0.636, 0.461, 0.454, 0.419, 0.402, 0.397, 0.341, 0.397, 0.341, 0.2, 0.124]","['neutral', 'neutral', 'neutral', 'neutral', 'neutral', 'neutral', 'neutral', 'neutral', 'neutral', 'entailment', 'contradiction']",23,['Are complex coronary lesions more frequent in patients with diabetes mellitus?'],64.0,"[69.591, 81.322, 58.545, 88.527, 103.859, 82.485, 103.062, 0, 0, 0, 0]","[0.835, 0.789, 0.878, 0.761, 0.7, 0.784, 0.704, 0, 0, 0, 0]","[16.35, 13.75, 11.83, 11.44, 11.92, 0, 0, 13.01, 10.52, 7.66, 7.51]","[0.817, 0.688, 0.591, 0.572, 0.596, 0, 0, 0.65, 0.526, 0.383, 0.376]","[0.992, 0.995, 0.991, 0.99, 0.625, 0.972, 0.746, 0.662, 0.88, 0.983, 0.738]","[2, 1, 3, 4, 7, 5, 6, 9, 7, 4, 8]"
23,24,"**Key finding:**   In this pilot study, chronic low‑back‑pain (CLBP) patients performed a hand‑function task more slowly and with poorer accuracy than healthy controls. When the task was performed in a “provoking” position (lying prone without trunk support) that was designed to elicit pain‑related thoughts, 54 % of the patients showed further deterioration, whereas healthy subjects’ performance stayed unchanged.    **Interpretation:**   The results suggest that pain‑related cognitions—particularly the anticipation or fear of pain—can worsen motor performance even in tasks that do not directly involve the back. Thus, CLBP patients’ motor deficits are not solely due to physical pain or altered motor strategy; cognitive factors also play a significant role.",24,63.813,91.0,32.0,0,"[39.972, 50.305, 53.46, 54.397, 58.289, 67.435, 70.186, 75.406, 54.397, 75.406]","[0.867, 0.793, 0.77, 0.763, 0.735, 0.669, 0.649, 0.611, 0.763, 0.611]","[0.627, 0.57, 0.542, 0.537, 0.494, 0.294, 0.227, 0.195, 0.537, 0.195]","['neutral', 'neutral', 'neutral', 'contradiction', 'neutral', 'neutral', 'neutral', 'neutral', 'contradiction', 'neutral']",24,['Motor performance in chronic low back pain: is there an influence of pain-related cognitions?'],55.0,"[43.663, 66.138, 70.258, 79.336, 44.539, 81.258, 94.482, 0, 94.64, 0]","[0.936, 0.848, 0.832, 0.797, 0.933, 0.789, 0.737, 0, 0.737, 0]","[22.71, 21.38, 17.64, 17.4, 13.85, 14.59, 14.54, 16.01, 0, 14.65]","[1.135, 1.069, 0.882, 0.87, 0.693, 0.729, 0.727, 0.801, 0, 0.732]","[0.247, 0.85, 0.991, 0.984, 0.971, 0.98, 0.868, 0.626, 0.135, 0.981]","[7, 6, 1, 2, 4, 3, 5, 7, 8, 3]"
24,25,"**Key finding**  Infliximab was associated with a higher risk of serious infections requiring hospitalization or opportunistic infections compared with etanercept, but this excess risk varied mainly by age.  **Age‑specific risk**  | Time after initiation | < 65 yrs (adjusted HR) | ≥ 65 yrs (adjusted HR) | |-----------------------|------------------------|------------------------| | 0–3 months | 3.01 (1.49, 6.07) | 0.94 (0.41, 2.13) | | 0–6 months | 1.95 (1.02, 3.71) | 1.07 (0.55, 2.11) | | 0–12 months | 1.18 (0.67, 2.09) | 0.91 (0.53, 1.56) |  The elevated risk was most pronounced in the first 3 months and largely confined to patients younger than 65 years; no significant age interaction was seen beyond that period.  **Other characteristics**  Analyses of sex, race/ethnicity, body‑mass index, and smoking status showed no statistically significant modification of the infliximab‑vs‑etanercept hazard ratio. The overall adjusted HR for serious infections was 1.91 (1.10, 3.34) in the first 3 months, decreasing to 1.13 (0.80, 1.60) over 12 months.  **Conclusion**  The comparative safety difference between infliximab and etanercept for serious infections is primarily driven by age, with younger patients (<65 yrs) experiencing a higher risk after initiating infliximab. No other patient characteristics examined modified this association.",25,51.347,88.0,33.0,0,"[33.509, 41.222, 41.344, 44.927, 45.122, 48.854, 49.909, 52.778, 53.334, 54.193, 45.122]","[0.914, 0.858, 0.858, 0.832, 0.83, 0.803, 0.796, 0.775, 0.771, 0.765, 0.83]","[1.233, 1.222, 1.19, 0.88, 0.784, 0.672, 0.518, 0.513, 0.475, 0.268, 0.784]","['neutral', 'neutral', 'neutral', 'neutral', 'contradiction', 'contradiction', 'neutral', 'contradiction', 'neutral', 'neutral', 'contradiction']",25,['Comparative safety of infliximab and etanercept on the risk of serious infections: does the association vary by patient characteristics?'],63.0,"[36.412, 51.386, 69.848, 68.209, 73.528, 71.082, 69.32, 74.52, 74.124, 75.668, 0]","[0.965, 0.906, 0.834, 0.84, 0.819, 0.829, 0.836, 0.815, 0.817, 0.811, 0]","[14.15, 15.11, 15.97, 14.28, 13.01, 12.39, 11.8, 10.05, 0, 0, 10.19]","[0.708, 0.755, 0.798, 0.714, 0.65, 0.62, 0.59, 0.502, 0, 0, 0.51]","[0.985, 0.904, 0.995, 0.985, 0.993, 0.982, 0.591, 0.998, 0.991, 0.99, 0.995]","[6, 9, 2, 7, 3, 8, 10, 1, 4, 5, 3]"
25,26,"Yes. The study found a statistically significant association between sublingual varices and hypertension. Key points from the data:  - **Prevalence**: 47.5 % of patients with hypertension had sublingual varices versus 18.3 % of normotensive patients (p < 0.0001).   - **Blood‑pressure correlation**: Mean systolic BP was 132 mm Hg in patients with grade 1 varices versus 123 mm Hg in those without (p < 0.0001); mean diastolic BP was 83 mm Hg versus 80 mm Hg (p < 0.005).   - **Odds ratio**: OR = 2.25 (p < 0.002) indicating hypertensive patients were more than twice as likely to have varices.   - **Diagnostic performance**: Sensitivity 0.48, specificity 0.82, PPV 0.50, NPV 0.80 for detecting hypertension via varices.  Thus, sublingual varices are a clinically observable marker that correlates with elevated blood pressure and can help identify individuals at risk for hypertension.",26,47.872,96.0,31.0,0,"[32.716, 38.406, 41.864, 45.958, 49.001, 50.948, 51.077, 54.312, 56.625, 57.813]","[0.92, 0.879, 0.854, 0.824, 0.802, 0.788, 0.787, 0.764, 0.747, 0.739]","[1.2, 0.606, 0.405, 0.404, 0.39, 0.363, 0.31, 0.213, 0.203, 0.146]","['neutral', 'neutral', 'neutral', 'neutral', 'neutral', 'neutral', 'neutral', 'neutral', 'neutral', 'neutral']",26,['Is there a connection between sublingual varices and hypertension?'],66.0,"[53.646, 63.417, 80.713, 79.459, 84.722, 83.218, 82.285, 88.244, 89.735, 102.152]","[0.897, 0.859, 0.791, 0.796, 0.775, 0.781, 0.785, 0.762, 0.756, 0.707]","[11.81, 12.46, 13.34, 10.41, 10.53, 10.0, 9.33, 8.73, 8.18, 9.15]","[0.59, 0.623, 0.667, 0.52, 0.526, 0.5, 0.467, 0.437, 0.409, 0.457]","[0.947, 0.995, 0.989, 0.996, 0.983, 0.993, 0.993, 0.995, 0.982, 0.968]","[10, 2, 6, 1, 7, 5, 4, 3, 8, 9]"
26,27,"Yes – but mainly for a specific high‑risk group.   The study found that 9.6 % of 94 asymptomatic HIV‑infected patients had silent myocardial ischaemia (SMI) on gated myocardial perfusion SPECT.  Multivariate analysis showed that the only independent predictor of a positive scan was the combination of gender and age.  In male patients older than 52 years who also had at least two additional cardiovascular risk factors, the prevalence of SMI rose to 19.2 %, roughly four times higher than in the general population.  Consequently, the authors conclude that screening with gated SPECT is particularly justified for this subgroup, encouraging clinicians to consider systematic SPECT screening for older male HIV patients with multiple risk factors.",27,62.059,92.0,34.0,0,"[32.077, 36.555, 51.207, 51.991, 61.115, 77.639, 51.991, 32.077]","[0.925, 0.892, 0.786, 0.781, 0.715, 0.595, 0.781, 0.925]","[0.822, 0.595, 0.533, 0.484, 0.125, 0.096, 0.484, 0.822]","['neutral', 'neutral', 'neutral', 'neutral', 'neutral', 'neutral', 'neutral', 'neutral']",27,['Should HIV-infected patients be screened for silent myocardial ischaemia using gated myocardial perfusion SPECT?'],47.0,"[35.04, 36.608, 63.183, 0, 61.752, 0, 94.26, 98.251]","[0.97, 0.964, 0.86, 0, 0.865, 0, 0.738, 0.722]","[28.29, 24.42, 24.73, 19.02, 0, 14.86, 0, 0]","[1.414, 1.221, 1.237, 0.951, 0, 0.743, 0, 0]","[0.744, 0.923, 0.115, 0.521, 0.273, 0.888, 0.127, 0.204]","[2, 1, 6, 3, 3, 1, 5, 4]"
27,28,"The study evaluated whether unenhanced fat‑suppressed T1‑weighted MRI could distinguish bone infarcts from acute osteomyelitis in children with sickle cell disease (SCD). In a retrospective review of 31 children (26 bone infarcts, 5 osteomyelitis), the authors assessed bone marrow signal intensity on T1‑W fat‑saturated images. High signal intensity was present in all osteomyelitis cases and in 73 % of bone infarct cases. Statistical analysis (Fisher exact test) showed no significant difference (P = 0.56). No other unenhanced MRI parameters proved reliable for differentiation. The authors concluded that bone marrow signal intensity on unenhanced T1‑W fat‑suppressed MR images is **not** a reliable criterion to differentiate bone infarcts from osteomyelitis in children with SCD.",28,33.174,100.0,33.0,0,"[13.433, 18.805, 24.126, 27.041, 37.896, 39.872, 40.617, 63.599]","[1.059, 1.02, 0.982, 0.961, 0.882, 0.868, 0.863, 0.697]","[0.531, 0.494, 0.421, 0.349, 0.346, 0.327, 0.324, 0.294]","['neutral', 'neutral', 'neutral', 'neutral', 'entailment', 'neutral', 'neutral', 'neutral']",28,['Utility of unenhanced fat-suppressed T1-weighted MRI in children with sickle cell disease -- can it differentiate bone infarcts from acute osteomyelitis?'],30.0,"[23.69, 35.005, 54.777, 52.298, 62.985, 65.926, 26.848, 80.393]","[1.015, 0.97, 0.893, 0.902, 0.861, 0.849, 1.002, 0.792]","[40.0, 30.31, 30.77, 26.02, 25.14, 22.21, 0, 0]","[2.0, 1.516, 1.539, 1.301, 1.257, 1.111, 0, 0]","[0.883, 0.665, 0.841, 0.302, 0.982, 0.836, 0.567, 0.969]","[3, 6, 4, 8, 1, 5, 7, 2]"
28,29,"Yes.  In a national analysis of over 1.3 million new nursing‑home admissions in 2007, patients diagnosed with serious mental illness (schizophrenia or bipolar disorder) were found to be admitted to facilities with higher numbers of deficiency citations.  Compared with other patients, those with schizophrenia had an average of 13.3 total deficiencies versus 11.2 for non‑SMI patients (p < 0.001), and 8.6 healthcare‑related deficiencies versus 7.2 (p < 0.001).  Patients with bipolar disorder had 12.5 total deficiencies versus 11.2 (p < 0.001) and 8.2 healthcare‑related deficiencies versus 7.2 (p < 0.001).  After controlling for patient and facility characteristics, the association persisted, indicating that SMI patients are more likely to enter nursing homes with poorer quality of care.",29,56.305,92.0,33.0,0,"[25.987, 28.258, 35.784, 37.483, 41.032, 48.371, 50.774, 57.957, 62.7, 63.822, 75.933, 76.411, 76.411, 28.258]","[0.969, 0.952, 0.898, 0.885, 0.86, 0.807, 0.789, 0.738, 0.703, 0.695, 0.608, 0.604, 0.604, 0.952]","[1.179, 0.772, 0.604, 0.601, 0.562, 0.508, 0.472, 0.352, 0.342, 0.32, 0.257, 0.247, 0.247, 0.772]","['neutral', 'neutral', 'neutral', 'neutral', 'neutral', 'neutral', 'neutral', 'neutral', 'neutral', 'neutral', 'neutral', 'neutral', 'neutral', 'neutral']",29,['Are patients with serious mental illness more likely to be admitted to nursing homes with more deficiencies in care?'],54.0,"[41.616, 76.482, 83.014, 101.357, 79.004, 89.426, 94.549, 98.011, 97.702, 87.657, 95.391, 98.684, 0, 0]","[0.944, 0.808, 0.782, 0.71, 0.798, 0.757, 0.737, 0.723, 0.725, 0.764, 0.734, 0.721, 0, 0]","[22.02, 21.96, 19.48, 18.48, 15.92, 14.71, 12.54, 12.61, 12.23, 0, 0, 0, 13.17, 12.6]","[1.101, 1.098, 0.974, 0.924, 0.796, 0.735, 0.627, 0.631, 0.612, 0, 0, 0, 0.659, 0.63]","[0.839, 0.992, 0.966, 0.996, 0.991, 0.991, 0.993, 0.995, 0.991, 0.199, 0.317, 0.989, 0.73, 0.24]","[10, 4, 9, 1, 5, 6, 3, 2, 7, 12, 11, 8, 10, 11]"
29,30,"The study found that **sex does not influence the effectiveness of IV rt‑PA in acute ischemic stroke**.    - Recanalization rates were similar: 34.2 % of men and 31.2 % of women achieved complete recanalization (p = 0.6).   - Partial and no‑recanalization rates were also comparable (p = 0.9).   - Good 3‑month functional outcome (mRS ≤ 2) occurred in 49 % of men and 46 % of women (p = 0.6).   - Multivariate logistic regression, adjusting for age, NIHSS, time to treatment, blood pressure, and glucose, showed sex was not a predictor of complete recanalization (OR ≈ 0.99) or poor long‑term outcome (p = 0.9).    Thus, the data indicate that sex is not a significant factor in predicting recanalization or clinical outcome after rt‑PA therapy.",30,53.51,93.0,35.0,0,"[29.989, 35.9, 37.142, 37.429, 44.161, 48.575, 49.264, 51.654, 53.538, 58.344, 59.698, 64.65, 72.938, 79.26, 79.26]","[0.94, 0.897, 0.888, 0.886, 0.837, 0.805, 0.8, 0.783, 0.769, 0.735, 0.725, 0.689, 0.629, 0.584, 0.584]","[1.182, 0.648, 0.588, 0.54, 0.512, 0.442, 0.437, 0.436, 0.354, 0.303, 0.275, 0.245, 0.205, 0.2, 0.2]","['neutral', 'neutral', 'neutral', 'contradiction', 'neutral', 'entailment', 'neutral', 'neutral', 'neutral', 'neutral', 'contradiction', 'neutral', 'neutral', 'neutral', 'neutral']",30,['Does the sex of acute stroke patients influence the effectiveness of rt-PA?'],64.0,"[81.035, 70.381, 87.684, 103.275, 102.531, 98.092, 97.411, 106.118, 108.189, 122.81, 111.909, 123.224, 106.866, 112.011, 0]","[0.79, 0.832, 0.764, 0.703, 0.706, 0.723, 0.726, 0.692, 0.684, 0.626, 0.669, 0.625, 0.689, 0.669, 0]","[15.42, 12.2, 12.39, 11.58, 10.76, 9.96, 9.43, 7.81, 7.61, 8.27, 7.27, 7.87, 0, 0, 9.69]","[0.771, 0.61, 0.619, 0.579, 0.538, 0.498, 0.471, 0.391, 0.38, 0.414, 0.364, 0.394, 0, 0, 0.484]","[0.99, 0.992, 0.996, 0.918, 0.992, 0.994, 0.945, 0.993, 0.99, 0.99, 0.992, 0.941, 0.175, 0.991, 0.758]","[8, 4, 1, 13, 5, 2, 11, 3, 9, 10, 6, 12, 14, 7, 13]"
30,31,"Yes.  The retrospective review of 113 adults with obstructive sleep apnea (OSA) who underwent upper‑airway surgery (nasal procedures or uvulopalatopharyngoplasty) showed significant reductions in several lipid parameters.  Overall, total cholesterol (TC) fell from 4.86 ± 0.74 to 4.69 ± 0.71 mmol/L and lipoprotein(a) (LP(a)) dropped from a median of 18.50 to 10.90 mg/dL (both P < 0.01).  In the subgroup that had uvulopalatopharyngoplasty (n = 51), TC, high‑density lipoprotein (HDL), and LP(a) all improved (P = 0.01, 0.01, <0.01).  For nasal‑obstruction patients (n = 62), only LP(a) decreased (P < 0.01).  In patients with pre‑operative dyslipidemia, improvements were seen in HDL, triglycerides, and LP(a); in mixed‑hyperlipidemia patients, TC and low‑density lipoprotein (LDL) also decreased.  Thus, airway surgery can lower serum lipid levels, particularly in patients with abnormal baseline lipids.",31,56.196,92.0,36.0,0,"[35.074, 44.878, 49.36, 50.519, 51.119, 55.152, 55.783, 56.659, 67.47, 67.477, 69.294, 69.294]","[0.903, 0.832, 0.8, 0.791, 0.787, 0.758, 0.753, 0.747, 0.669, 0.669, 0.656, 0.656]","[1.636, 0.986, 0.963, 0.513, 0.457, 0.425, 0.213, 0.164, 0.134, 0.122, 0.059, 0.059]","['contradiction', 'contradiction', 'neutral', 'neutral', 'neutral', 'contradiction', 'neutral', 'neutral', 'neutral', 'neutral', 'neutral', 'neutral']",31,['Does airway surgery lower serum lipid levels in obstructive sleep apnea patients?'],56.0,"[34.794, 36.085, 54.707, 68.448, 77.864, 76.546, 79.868, 72.145, 88.192, 80.202, 93.79, 0]","[0.971, 0.966, 0.893, 0.839, 0.802, 0.807, 0.794, 0.825, 0.762, 0.793, 0.74, 0]","[19.88, 19.6, 19.6, 18.3, 17.11, 15.44, 15.51, 14.31, 14.74, 12.77, 0, 10.65]","[0.994, 0.98, 0.98, 0.915, 0.855, 0.772, 0.776, 0.716, 0.737, 0.638, 0, 0.532]","[0.305, 0.896, 0.755, 0.99, 0.987, 0.987, 0.868, 0.99, 0.992, 0.936, 0.79, 0.311]","[11, 7, 10, 2, 5, 4, 8, 3, 1, 6, 9, 11]"
31,32,"**Answer**  Yes. A prospective, randomised, double‑blind study of 83 children (1–16 y) receiving intramuscular ketamine (4 mg/kg) found that adding atropine (0.01 mg/kg) markedly reduced hypersalivation (11.4 % vs 30.8 %, OR 0.29, 95 % CI 0.09–0.91) and tended to lower post‑procedural vomiting (9.1 % vs 25.6 %, OR 0.29, 95 % CI 0.09–1.02). No serious adverse events were noted. The authors concluded that atropine “significantly reduces hypersalivation” and “may lower the incidence of post‑procedural vomiting,” and they recommend its routine use as an adjunct for intramuscular ketamine sedation in children in the emergency department. The only downside was a higher incidence of transient rash (22.7 % vs 5.1 %, OR 5.44).",32,68.195,88.0,30.0,0,"[24.695, 29.621, 41.93, 57.219, 73.585, 75.307, 82.54, 87.974, 89.72, 119.354]","[0.978, 0.942, 0.853, 0.743, 0.625, 0.612, 0.56, 0.521, 0.508, 0.294]","[1.233, 0.774, 0.613, 0.605, 0.387, 0.32, 0.256, 0.216, 0.203, 0.007]","['neutral', 'neutral', 'neutral', 'neutral', 'neutral', 'neutral', 'neutral', 'neutral', 'neutral', 'neutral']",32,['Is atropine needed with ketamine sedation?'],68.0,"[84.911, 84.69, 96.512, 110.153, 115.522, 112.86, 102.709, 113.901, 115.876, 133.403]","[0.775, 0.776, 0.729, 0.676, 0.655, 0.665, 0.705, 0.661, 0.653, 0.585]","[10.41, 9.58, 8.63, 9.52, 9.9, 9.13, 8.14, 7.88, 7.97, 7.5]","[0.521, 0.479, 0.431, 0.476, 0.495, 0.457, 0.407, 0.394, 0.398, 0.375]","[0.709, 0.321, 0.994, 0.696, 0.953, 0.429, 0.896, 0.978, 0.908, 0.357]","[6, 10, 1, 7, 3, 8, 5, 2, 4, 9]"
32,33,"Yes.   The study by Brunnekreef et al. (2013) reports that a 7‑day course of etoricoxib 90 mg once daily was effective in preventing heterotopic ossification (HO) after cemented primary total hip arthroplasty. The authors state that “etoricoxib, a COX‑2‑selective inhibitor, in a dose of 90 mg once daily for seven days, was effective in preventing heterotopic ossification after cemented primary total hip arthroplasty.” In the two‑stage design, the probability of an inhibitory effect on severe HO was calculated to be 100 % (95 % CI 92–100 %). No re‑operations were required, and complications were unrelated to the drug. Thus, the evidence in this paper supports the effectiveness of etoricoxib for HO prophylaxis after primary total hip arthroplasty.",33,54.224,94.0,34.0,0,"[28.789, 33.523, 34.572, 43.771, 51.579, 67.832, 69.71, 77.113, 67.832]","[0.948, 0.914, 0.906, 0.84, 0.784, 0.666, 0.653, 0.599, 0.666]","[0.88, 0.508, 0.497, 0.438, 0.381, 0.356, 0.302, 0.13, 0.356]","['entailment', 'neutral', 'neutral', 'neutral', 'neutral', 'neutral', 'neutral', 'neutral', 'neutral']",33,['Is etoricoxib effective in preventing heterotopic ossification after primary total hip arthroplasty?'],54.0,"[46.108, 52.844, 52.393, 87.713, 78.359, 98.456, 98.982, 76.61, 0]","[0.927, 0.9, 0.902, 0.764, 0.8, 0.722, 0.72, 0.807, 0]","[22.52, 20.72, 20.14, 16.7, 14.94, 15.56, 15.43, 0, 13.78]","[1.126, 1.036, 1.007, 0.835, 0.747, 0.778, 0.771, 0, 0.689]","[0.168, 0.996, 0.987, 0.69, 0.286, 0.981, 0.742, 0.975, 0.172]","[8, 1, 2, 6, 7, 3, 5, 4, 6]"
33,34,"The article by Williams et al. (2011) evaluates Canada’s Compassionate Care Benefit (CCB) as a public‑health intervention aimed at reducing informal caregiver burden in end‑of‑life (EOL) care. The authors used qualitative interviews and the Population Health Promotion (PHP) model to assess whether the CCB addresses the known determinants of caregiver burden.  **Key findings**  * **Limited reach and uptake** – Only a small proportion of eligible caregivers actually receive the benefit, despite the high prevalence of informal caregiving in EOL settings.   * **Eligibility and administrative barriers** – The requirement that the care recipient have a six‑month prognosis, the need for full‑time employment, and the limited duration of support create exclusion for many caregivers who still need help.   * **Compensation level** – The benefit amount is low relative to the costs and health impacts of caregiving, which limits its effectiveness in mitigating physical, mental, and economic strain.   * **Positive aspects** – When accessed, the CCB provides some financial relief and acknowledges the caregiver’s role, aligning with PHP principles of social support and empowerment.  **Conclusion**  The CCB is a step toward a public‑health response but is **not yet an adequate solution**. The authors recommend policy amendments—broader eligibility, higher payments, longer support periods—to transform the CCB into a “healthy public policy” that truly alleviates caregiver burden.",34,56.806,88.0,36.0,0,"[32.367, 32.649, 36.634, 37.854, 39.152, 49.585, 55.333, 56.168, 72.715, 73.202, 75.42, 36.634, 75.42]","[0.922, 0.92, 0.892, 0.883, 0.873, 0.798, 0.757, 0.75, 0.631, 0.627, 0.611, 0.892, 0.611]","[1.295, 1.092, 0.821, 0.773, 0.763, 0.668, 0.495, 0.487, 0.455, 0.35, 0.301, 0.821, 0.301]","['neutral', 'neutral', 'neutral', 'neutral', 'neutral', 'neutral', 'neutral', 'neutral', 'neutral', 'neutral', 'neutral', 'neutral', 'neutral']",34,"[""Canada's Compassionate Care Benefit: is it an adequate public health response to addressing the issue of caregiver burden in end-of-life care?""]",47.0,"[45.204, 47.083, 80.202, 75.662, 82.698, 67.823, 74.548, 86.623, 89.448, 0, 0, 79.635, 89.965]","[0.93, 0.923, 0.793, 0.811, 0.783, 0.842, 0.815, 0.768, 0.757, 0, 0, 0.795, 0.755]","[31.76, 22.82, 20.88, 20.11, 20.33, 17.94, 17.34, 16.8, 16.45, 22.43, 17.78, 0, 0]","[1.588, 1.141, 1.044, 1.005, 1.017, 0.897, 0.867, 0.84, 0.822, 1.122, 0.889, 0, 0]","[0.908, 0.988, 0.974, 0.992, 0.269, 0.782, 0.802, 0.973, 0.584, 0.994, 0.177, 0.104, 0.789]","[5, 2, 3, 1, 10, 8, 6, 4, 9, 1, 10, 11, 7]"
34,35,"**Link between fatigue and fibromyalgia in primary Sjögren’s syndrome (pSS)**    - **Fatigue prevalence**: 68 % of 74 pSS patients reported fatigue, significantly higher than the 50 % seen in the lupus cohort (p < 0.0087).   - **Fibromyalgia (FM) prevalence**: 12 % (9/74) of pSS patients met ACR FM criteria.   - **Co‑occurrence**: Every patient with FM also reported fatigue, but fatigue alone was not sufficient to predict FM (p < 0.027 when comparing tender‑point counts).   - **Tender‑point pattern**: FM patients had higher tender‑point counts (≥11 TP) compared with non‑FM patients.    **Conclusion**   Fatigue is common in pSS and is strongly associated with FM, yet fatigue alone cannot reliably identify FM. The data suggest a link, but additional clinical features (e.g., tender‑point count) are needed for accurate FM diagnosis.",35,60.074,91.0,31.0,0,"[30.55, 43.683, 47.524, 58.049, 58.462, 58.462]","[0.936, 0.841, 0.813, 0.737, 0.734, 0.734]","[0.721, 0.464, 0.461, 0.416, 0.244, 0.244]","['entailment', 'entailment', 'neutral', 'entailment', 'neutral', 'neutral']",35,"[""Fatigue in primary Sjâ\x88\x9aÃ\x89Â¬â\x88\x82gren's syndrome: is there a link with the fibromyalgia syndrome?""]",70.0,"[52.392, 70.427, 76.669, 78.144, 94.346, 0]","[0.902, 0.831, 0.807, 0.801, 0.738, 0]","[12.81, 13.89, 10.29, 7.68, 7.76, 7.28]","[0.641, 0.695, 0.515, 0.384, 0.388, 0.364]","[0.985, 0.993, 0.992, 0.99, 0.445, 0.265]","[4, 1, 2, 3, 5, 5]"
35,36,"Yes. In the SEARCH database study, four widely used postoperative nomograms that were originally built to predict biochemical recurrence (BCR) after radical prostatectomy actually performed **better at predicting more clinically relevant outcomes**—specifically prostate‑cancer‑specific mortality (PCSM) and aggressive BCR (PSA‑doubling time < 9 months).    - **Predictive accuracy (c‑index)**: For BCR the nomograms ranged from 0.75 to 0.83, whereas for PCSM they ranged from 0.82 to 0.87.   - **Hazard ratios**: The models also showed stronger associations with PCSM than with BCR.   - **Aggressive BCR**: The same nomograms predicted aggressive BCR with higher c‑indices (0.77–0.82) than overall BCR (0.71–0.83).  Thus, these BCR‑focused nomograms are more accurate at forecasting clinically meaningful endpoints such as PCSM and aggressive recurrence than they are at forecasting BCR alone.",36,53.334,92.0,35.0,0,"[37.668, 40.672, 42.748, 48.421, 48.679, 49.679, 51.679, 54.11, 55.309, 66.466, 66.938, 54.11]","[0.884, 0.862, 0.847, 0.806, 0.805, 0.797, 0.783, 0.765, 0.757, 0.676, 0.673, 0.765]","[0.783, 0.617, 0.616, 0.614, 0.609, 0.555, 0.457, 0.434, 0.376, 0.361, 0.342, 0.434]","['neutral', 'neutral', 'neutral', 'neutral', 'neutral', 'entailment', 'neutral', 'neutral', 'neutral', 'neutral', 'neutral', 'neutral']",36,['Do nomograms designed to predict biochemical recurrence (BCR) do a better job of predicting more clinically relevant prostate cancer outcomes than BCR?'],36.0,"[39.384, 55.473, 72.471, 71.172, 78.856, 94.549, 78.035, 0, 87.128, 87.602, 91.079, 96.257]","[0.953, 0.89, 0.823, 0.829, 0.798, 0.737, 0.802, 0, 0.766, 0.764, 0.751, 0.73]","[30.31, 30.21, 28.83, 25.09, 24.08, 20.96, 19.38, 18.47, 0, 0, 0, 0]","[1.515, 1.51, 1.441, 1.255, 1.204, 1.048, 0.969, 0.924, 0, 0, 0, 0]","[0.989, 0.989, 0.976, 0.996, 0.928, 0.15, 0.967, 0.981, 0.17, 0.183, 0.945, 0.498]","[2, 3, 4, 1, 7, 11, 5, 4, 10, 9, 6, 8]"
36,37,"**Answer**  Yes. A randomized, placebo‑controlled trial by Yiu et al. (2017) examined 123 adults with benign phonotraumatic lesions (nodules, polyps, or cysts). Participants received either genuine acupuncture at nine voice‑related points, sham acupuncture (blunted needles at non‑voice points), or no treatment for six weeks (two 30‑minute sessions per week).    **Key findings**  | Outcome | Genuine acupuncture | Sham acupuncture | No‑treatment | |---------|---------------------|------------------|--------------| | **Vocal function** (maximum fundamental frequency) | Significant improvement over time | Significant improvement (placebo effect) | No change | | **Voice‑related quality of life** | Improved | Improved | No change | | **Structural healing** (lesion size reduction) | Significant reduction | No significant change | No change |  Thus, acupuncture produced measurable functional gains in both real and sham groups, indicating a strong placebo component. However, only the genuine acupuncture group showed objective morphological healing of the vocal folds. The functional benefits were not sustained at three months post‑treatment, suggesting that adjunctive voice therapy may be needed for lasting effects.  **Conclusion**   Acupuncture appears efficacious for improving vocal function and can promote healing of phonotraumatic lesions, but its benefits may be partly placebo‑driven and may require ongoing voice therapy for maintenance.",37,61.645,84.0,34.0,0,"[38.86, 47.732, 48.248, 48.477, 51.393, 57.621, 58.285, 63.905, 67.768, 68.453, 77.225, 51.393, 57.621]","[0.876, 0.811, 0.808, 0.806, 0.785, 0.74, 0.735, 0.695, 0.667, 0.662, 0.598, 0.785, 0.74]","[1.747, 1.38, 1.215, 1.102, 1.086, 0.717, 0.713, 0.59, 0.409, 0.38, 0.245, 1.086, 0.717]","['neutral', 'neutral', 'neutral', 'neutral', 'neutral', 'neutral', 'neutral', 'neutral', 'neutral', 'neutral', 'neutral', 'neutral', 'neutral']",37,['Is Acupuncture Efficacious for Treating Phonotraumatic Vocal Pathologies?'],70.0,"[45.937, 56.389, 72.396, 65.384, 69.774, 93.293, 83.899, 109.206, 107.941, 73.437, 74.138, 0, 0]","[0.927, 0.886, 0.824, 0.851, 0.834, 0.742, 0.779, 0.68, 0.684, 0.82, 0.817, 0, 0]","[12.34, 11.82, 12.09, 10.6, 10.54, 8.34, 7.14, 8.54, 6.22, 0, 0, 9.87, 8.94]","[0.617, 0.591, 0.604, 0.53, 0.527, 0.417, 0.357, 0.427, 0.311, 0, 0, 0.494, 0.447]","[0.978, 0.795, 0.438, 0.971, 0.99, 0.871, 0.954, 0.934, 0.59, 0.131, 0.829, 0.986, 0.969]","[2, 8, 10, 3, 1, 6, 4, 5, 9, 11, 7, 3, 4]"
37,38,"The table of Medicare Part A beneficiaries shows a modest decline in the burden of chronic disease between 2008 and 2010.    * **Charlson comorbidity score** – The proportion with a score > 1 fell from 22.2 % in 2008 to 15.3 % in 2010, while those with a score 0 rose from 16.5 % to 33.2 %.   * **Rheumatoid arthritis** – Prevalence dropped from 77.2 % to 58.8 %.   * **Anemia** (listed as “anics”) – fell from 6.1 % to 5.4 %.   * **Other chronic conditions** – The table lists several other conditions (e.g., hypertension, diabetes) with similar downward trends, though exact percentages are not shown here.  Overall, the data suggest that Medicare Part A beneficiaries were not getting sicker between 2008 and 2010; instead, the prevalence of key chronic conditions and overall comorbidity burden decreased.",38,142.237,64.0,30.0,0,"[111.789, 119.874, 123.993, 124.574, 111.789, 119.874, 123.993, 124.574, 170.915]","[0.349, 0.29, 0.26, 0.256, 0.349, 0.29, 0.26, 0.256, -0.078]","[0.579, 0.373, 0.367, 0.307, 0.579, 0.373, 0.367, 0.307, 0.198]","['neutral', 'neutral', 'neutral', 'neutral', 'neutral', 'neutral', 'neutral', 'neutral', 'neutral']",38,['Prevalence of chronic conditions among Medicare Part A beneficiaries in 2008 and 2010: are Medicare beneficiaries getting sicker?'],67.0,"[160.462, 163.497, 164.326, 165.477, 0, 0, 0, 0, 0]","[0.479, 0.467, 0.464, 0.459, 0, 0, 0, 0, 0]","[0, 0, 0, 0, 7.23, 5.41, 4.99, 4.49, 4.46]","[0, 0, 0, 0, 0.361, 0.271, 0.249, 0.225, 0.223]","[0.651, 0.896, 0.495, 0.971, 0.579, 0.915, 0.325, 0.233, 0.109]","[3, 2, 4, 1, 2, 1, 3, 4, 5]"
38,39,"**Answer**  Yes—certain pre‑residency selection factors are predictive of orthopaedic residency performance. In a 10‑year retrospective review of 60 residents, the study found that:  | Pre‑residency factor | Correlation with performance | |----------------------|------------------------------| | **USMLE Step 2 score** | Strong positive correlation with objective outcomes (ABOS I and OITE scores) and with subjective global evaluation scores. | | **Clerkship honor grades** | Correlated with objective measures and, in this cohort, with subjective evaluations. | | **Alpha Omega Alpha (AOA) membership** | Associated with higher total global evaluation scores and higher scores in each competency, especially interpersonal and communication skills. |  Other factors examined (USMLE Step 1, MCAT, number of letters, away rotations, publications, etc.) did not show significant correlations with either objective or subjective outcomes in this cohort. Faculty rankings, in particular, did not correlate with any pre‑residency criteria.  Thus, while no single metric guarantees success, USMLE Step 2, clerkship honors, and AOA membership appear to be useful predictors of resident performance in orthopaedic surgery.",39,57.272,88.0,33.0,0,"[26.573, 43.9, 44.995, 46.991, 48.153, 49.752, 52.824, 55.742, 57.147, 59.346, 60.476, 63.251, 69.585, 63.251, 43.9, 69.585]","[0.964, 0.839, 0.831, 0.817, 0.808, 0.797, 0.775, 0.754, 0.743, 0.728, 0.719, 0.699, 0.654, 0.699, 0.839, 0.654]","[1.507, 1.352, 1.272, 1.075, 0.965, 0.737, 0.544, 0.504, 0.439, 0.404, 0.348, 0.275, 0.242, 0.275, 1.352, 0.242]","['neutral', 'neutral', 'neutral', 'neutral', 'neutral', 'neutral', 'neutral', 'neutral', 'neutral', 'neutral', 'contradiction', 'neutral', 'neutral', 'neutral', 'neutral', 'neutral']",39,['Does Residency Selection Criteria Predict Performance in Orthopaedic Surgery Residency?'],62.0,"[79.163, 94.431, 86.863, 102.785, 82.059, 88.474, 95.182, 84.983, 89.637, 63.633, 81.57, 105.273, 108.162, 0, 0, 0]","[0.797, 0.737, 0.767, 0.705, 0.786, 0.761, 0.734, 0.774, 0.756, 0.858, 0.788, 0.695, 0.684, 0, 0, 0]","[13.42, 14.49, 12.87, 13.84, 11.88, 12.36, 12.61, 11.69, 11.91, 0, 0, 0, 0, 12.01, 11.15, 11.09]","[0.671, 0.724, 0.644, 0.692, 0.594, 0.618, 0.63, 0.584, 0.596, 0, 0, 0, 0, 0.6, 0.557, 0.554]","[0.996, 0.996, 0.991, 0.988, 0.993, 0.741, 0.991, 0.896, 0.989, 0.889, 0.181, 0.987, 0.167, 0.769, 0.621, 0.785]","[1, 2, 4, 7, 3, 11, 5, 9, 6, 10, 12, 8, 13, 10, 11, 9]"
39,40,"**Answer**  The study examined whether having more than one respiratory virus (viral co‑infection) changes how severe a child’s acute respiratory infection (ARI) becomes.    - **Overall viral presence** – The authors reported that “the severity and course of an acute respiratory episode requiring hospitalization in children did not correlate with the presence of one or more viruses.” This means that simply detecting viruses, regardless of number, was not linked to worse outcomes.    - **Co‑infection specifically** – When the authors compared children with a single virus to those with two or more viruses, they found higher rates of severe clinical events in the co‑infection group:     - PICU admission: 29 % vs. 44 % (p = 0.024)     - Respiratory support needed: 15 % vs. 38 % (p < 0.001)     - Oxygen required: 30 % vs. 58 % (p < 0.001)     - Longer hospital stay (median 6 days vs. 4 days, p < 0.001)    These associations were confirmed in both the main and replication cohorts using logistic, linear, and negative‑binomial models.    **Conclusion**   While the mere presence of viruses does not predict severity, viral co‑infection is associated with more severe disease in hospitalized children with ARI.",40,68.105,89.0,30.0,0,"[44.648, 49.853, 55.565, 55.736, 61.78, 61.947, 70.371, 71.214, 72.257, 73.797, 81.98, 84.214, 55.736]","[0.834, 0.796, 0.755, 0.754, 0.71, 0.709, 0.648, 0.642, 0.634, 0.623, 0.564, 0.548, 0.754]","[1.254, 1.174, 0.569, 0.336, 0.329, 0.29, 0.254, 0.185, 0.177, 0.163, 0.045, 0.044, 0.336]","['neutral', 'neutral', 'neutral', 'neutral', 'neutral', 'neutral', 'neutral', 'neutral', 'neutral', 'neutral', 'neutral', 'neutral', 'neutral']",40,['Does Viral Co-Infection Influence the Severity of Acute Respiratory Infection in Children?'],58.0,"[56.749, 47.635, 71.445, 60.74, 61.157, 49.728, 77.825, 56.95, 76.964, 81.668, 76.382, 83.969, 0]","[0.885, 0.921, 0.827, 0.869, 0.868, 0.913, 0.802, 0.884, 0.806, 0.787, 0.808, 0.778, 0]","[17.8, 15.85, 17.23, 16.3, 15.34, 13.8, 15.59, 13.77, 13.41, 13.51, 0, 0, 13.8]","[0.89, 0.792, 0.861, 0.815, 0.767, 0.69, 0.78, 0.688, 0.671, 0.676, 0, 0, 0.69]","[0.431, 0.997, 0.975, 0.995, 0.592, 0.938, 0.971, 0.986, 0.568, 0.995, 0.995, 0.991, 0.993]","[12, 1, 7, 2, 10, 9, 8, 6, 11, 4, 3, 5, 2]"
40,41,"The documents provided only describe the survey questions and structure; they do not include any results or data on whether women residents actually delay childbearing because of perceived career threats. Therefore, that information is not found in the documents.",41,143.412,68.0,26.0,0,"[123.705, 125.83, 133.966, 134.114, 134.506, 125.83, 134.506]","[0.263, 0.247, 0.188, 0.187, 0.185, 0.247, 0.185]","[0.247, 0.179, 0.105, 0.094, 0.071, 0.179, 0.071]","['neutral', 'neutral', 'neutral', 'neutral', 'neutral', 'neutral', 'neutral']",41,['Do women residents delay childbearing due to perceived career threats?'],71.0,"[134.081, 150.078, 154.385, 154.561, 154.935, 0, 0]","[0.582, 0.519, 0.503, 0.502, 0.5, 0, 0]","[6.83, 5.1, 0, 0, 0, 3.89, 3.85]","[0.342, 0.255, 0, 0, 0, 0.195, 0.193]","[0.323, 0.994, 0.951, 0.988, 0.229, 0.147, 0.125]","[4, 1, 3, 2, 5, 3, 4]"
41,42,"The documents do not provide a definitive conclusion on whether bare‑metal stent (BMS) implantation remains justifiable for high‑bleeding‑risk patients undergoing percutaneous coronary intervention. The ZEUS trial was designed to compare ischemic and bleeding outcomes between BMS and zotarolimus‑eluting stents (E‑ZES) with a short dual‑antiplatelet therapy period, but the specific results and any recommendation regarding the continued use of BMS are not included in the provided excerpts.",42,69.427,92.0,30.0,0,"[35.776, 43.052, 71.054, 72.854, 76.895, 71.054, 72.854, 87.08]","[0.898, 0.845, 0.643, 0.63, 0.601, 0.643, 0.63, 0.527]","[0.353, 0.282, 0.281, 0.237, 0.237, 0.281, 0.237, 0.071]","['neutral', 'neutral', 'neutral', 'neutral', 'neutral', 'neutral', 'neutral', 'neutral']",42,['Is Bare-Metal Stent Implantation Still Justifiable in High Bleeding Risk Patients Undergoing Percutaneous Coronary Intervention?'],60.0,"[60.605, 111.901, 85.048, 106.574, 0, 108.096, 0, 0]","[0.87, 0.669, 0.774, 0.69, 0, 0.684, 0, 0]","[23.72, 14.39, 11.87, 13.09, 16.01, 0, 12.61, 11.14]","[1.186, 0.719, 0.593, 0.655, 0.8, 0, 0.63, 0.557]","[0.995, 0.495, 0.121, 0.154, 0.12, 0.116, 0.994, 0.681]","[1, 2, 4, 3, 7, 5, 2, 3]"
42,43,"The randomized, double‑blind trial compared a 2‑minute bolus (BIG) with a 15‑minute slow infusion (SIG) of 10 mg intravenous metoclopramide in 120 adults with acute vascular‑type headache.    **Headache relief** – Pain scores recorded at baseline, 5, 15, 30 and 60 min showed no significant difference between the two groups (p = 0.34). Thus, slowing the infusion rate did **not** alter the therapeutic effect on headache.  **Side‑effects** – The most notable difference was in akathisia: 17 patients (29.3 %) in the bolus group versus 4 patients (6.5 %) in the slow‑infusion group (p = 0.001). Sedation rates were 13 (22.4 %) vs 7 (11.3 %) (p = 0.10), and hypotension occurred in one patient in each group. Vital signs remained comparable throughout.  **Conclusion** – A 15‑minute infusion of metoclopramide provides headache relief equivalent to a 2‑minute bolus but significantly reduces the incidence of akathisia, without increasing other side‑effects.",43,54.1,89.0,33.0,0,"[26.294, 37.514, 40.109, 79.733, 86.849]","[0.966, 0.885, 0.866, 0.58, 0.529]","[1.527, 0.929, 0.494, 0.167, 0.156]","['contradiction', 'neutral', 'contradiction', 'entailment', 'contradiction']",43,['Intravenous administration of metoclopramide by 2 min bolus vs 15 min infusion: does it affect the improvement of headache while reducing the side effects?'],40.0,"[29.397, 56.038, 52.185, 91.495, 92.524]","[0.992, 0.888, 0.903, 0.749, 0.745]","[33.56, 17.65, 0, 0, 0]","[1.678, 0.882, 0, 0, 0]","[0.32, 0.953, 0.192, 0.154, 0.565]","[3, 1, 4, 5, 2]"
43,44,"The Doppler spectrum is **Gaussian‑like** (i.e., it has a Gaussian shape) when the mobile antenna moves perpendicular to the mean scattering direction.",44,104.021,83.0,34.0,0,"[92.732, 97.119, 97.164, 105.635, 127.454]","[0.486, 0.455, 0.454, 0.393, 0.235]","[0.117, 0.077, 0.076, 0.056, 0.016]","['neutral', 'neutral', 'neutral', 'neutral', 'neutral']",44,['What is the shape of the Doppler spectrum for mobile antenna motion perpendicular to the mean scattering direction?'],41.0,"[90.568, 85.035, 81.906, 115.485, 113.666]","[0.753, 0.774, 0.786, 0.655, 0.662]","[24.94, 23.84, 21.21, 17.8, 13.85]","[1.247, 1.192, 1.06, 0.89, 0.693]","[0.99, 0.988, 0.98, 0.995, 0.184]","[2, 3, 4, 1, 5]"
44,45,"The developed approach is the **Poisson–Nernst–Planck (PNP) electro‑diffusion model**.   In this method the electric potential is obtained from Poisson’s equation, while the ion fluxes are governed by Nernst–Planck (drift‑diffusion) equations. The two equations are coupled, allowing the calculation of ionic currents and concentration profiles in nanoscopic domains.",45,103.017,80.0,24.0,0,"[83.871, 97.071, 101.907, 101.923, 104.193, 105.082, 101.923, 97.071]","[0.55, 0.455, 0.42, 0.42, 0.404, 0.397, 0.42, 0.455]","[0.565, 0.335, 0.23, 0.154, 0.123, 0.094, 0.154, 0.335]","['neutral', 'neutral', 'neutral', 'neutral', 'neutral', 'neutral', 'neutral', 'neutral']",45,['What method has been developed to solve electro-diffusion equations for ionic currents?'],65.0,"[125.415, 116.326, 122.077, 129.819, 126.786, 130.172, 0, 0]","[0.616, 0.652, 0.629, 0.599, 0.611, 0.597, 0, 0]","[13.46, 8.0, 6.92, 7.29, 0, 0, 9.41, 6.62]","[0.673, 0.4, 0.346, 0.365, 0, 0, 0.47, 0.331]","[0.993, 0.48, 0.857, 0.677, 0.801, 0.564, 0.385, 0.971]","[1, 6, 2, 4, 3, 5, 5, 2]"
45,46,"In the classic setup of mean‑field games, the individual idiosyncratic noises form a sequence of independent real‑valued Brownian motions.",46,137.532,70.0,24.0,0,"[110.741, 142.127, 144.542, 152.72]","[0.356, 0.129, 0.112, 0.053]","[0.337, 0.04, 0.029, 0.029]","['neutral', 'contradiction', 'contradiction', 'contradiction']",46,['What type of processes do individual idiosyncratic noises form in classical mean field games?'],65.0,"[146.748, 0, 0, 0]","[0.532, 0, 0, 0]","[12.05, 7.13, 6.27, 5.92]","[0.602, 0.356, 0.314, 0.296]","[0.996, 0.73, 0.103, 0.354]","[1, 2, 4, 3]"
46,47,"Complex moments, though rarely used in econometrics, can still be valuable for several reasons that are highlighted in the paper:  1. **Generalization of Existing Results** – The CMGF method extends the moment‑generating function to complex arguments, allowing the same framework to handle ordinary, fractional, and absolute moments without extra derivatives. This unifies many results that otherwise require separate treatments.  2. **Derivation of New Identities** – By equating the CMGF expressions with known formulas (e.g., the absolute moment of a Gaussian), the authors recover non‑trivial identities such as a representation of the reciprocal Gamma function. Such identities can be useful in theoretical work and in simplifying other calculations.  3. **Computational Advantages** – For non‑integer or fractional moments, the complex‑moment integrals avoid the need for higher‑order derivatives of the MGF or CF, which can be difficult or impossible to obtain in dynamic or nonlinear models. The integrals are often easier to evaluate numerically.  4. **Cross‑disciplinary Insight** – Complex moments are standard tools in statistical mechanics, number theory, and quantum physics, where they relate to Mellin transforms and other analytic techniques. Bringing these ideas into econometrics can inspire new methods for handling heavy‑tailed or non‑standard distributions.  Thus, even though complex moments are not a staple in econometrics, they offer a powerful, flexible, and computationally efficient approach that can broaden the analytical toolkit for researchers dealing with challenging moment calculations.",47,94.017,74.0,30.0,0,"[51.051, 68.964, 72.571, 73.858, 82.868, 96.706, 99.946, 51.051, 96.706, 99.946]","[0.787, 0.658, 0.632, 0.623, 0.558, 0.458, 0.434, 0.787, 0.458, 0.434]","[1.331, 0.958, 0.879, 0.792, 0.615, 0.509, 0.467, 1.331, 0.509, 0.467]","['neutral', 'neutral', 'neutral', 'neutral', 'neutral', 'neutral', 'neutral', 'neutral', 'neutral', 'neutral']",47,['Why might complex moments be relevant despite not being commonly used in econometrics?'],65.0,"[142.973, 120.613, 129.416, 137.96, 145.247, 146.089, 149.279, 0, 0, 0]","[0.547, 0.635, 0.6, 0.567, 0.538, 0.535, 0.523, 0, 0, 0]","[9.84, 6.33, 6.36, 0, 0, 0, 0, 7.46, 5.6, 5.17]","[0.492, 0.317, 0.318, 0, 0, 0, 0, 0.373, 0.28, 0.259]","[0.988, 0.908, 0.835, 0.992, 0.577, 0.823, 0.918, 0.987, 0.642, 0.642]","[2, 4, 5, 1, 7, 6, 3, 1, 4, 5]"
47,48,"The documents provided do not contain information about high values of blood pressure, BMI, or non‑HDL cholesterol being associated with increased dementia risk in late life.",48,96.493,85.0,30.0,0,"[65.555, 81.763, 97.889, 106.664, 108.168, 118.917]","[0.683, 0.566, 0.449, 0.386, 0.375, 0.297]","[0.247, 0.142, 0.064, 0.058, 0.044, 0.024]","['contradiction', 'neutral', 'neutral', 'contradiction', 'neutral', 'neutral']",48,"['Have high values of blood pressure, body mass index (BMI), and non-high-density lipoprotein (HDL) cholesterol been associated with increased dementia risk in late life?']",27.0,"[39.251, 57.155, 90.286, 80.851, 81.464, 89.743]","[0.954, 0.883, 0.754, 0.791, 0.788, 0.756]","[38.74, 27.84, 24.28, 22.48, 0, 0]","[1.937, 1.392, 1.214, 1.124, 0, 0]","[0.985, 0.355, 0.987, 0.994, 0.691, 0.983]","[3, 6, 2, 1, 5, 4]"
48,49,The 3D enhancer network of the developing T‑cell genome is shaped by the gene **SATB1**.,49,135.034,71.0,23.0,0,"[87.938, 182.129]","[0.521, -0.16]","[0.156, 0.007]","['neutral', 'neutral']",49,['Which gene shapes the 3D enhancer network of the developing T cell genome?'],30.0,"[117.953, 193.859]","[0.645, 0.348]","[19.94, 0]","[0.997, 0]","[0.998, 0.899]","[1, 2]"
49,50,The database is **MiDAS 4** – a global catalogue of full‑length 16S rRNA gene sequences and taxonomy for bacterial communities in wastewater treatment plants.,50,164.228,60.0,30.0,0,"[49.618, 112.584, 122.551, 137.775, 159.049, 164.935, 173.417, 173.417, 112.584, 122.551, 137.775, 159.049, 200.974, 203.352, 214.381]","[0.798, 0.343, 0.271, 0.161, 0.007, -0.035, -0.097, -0.097, 0.343, 0.271, 0.161, 0.007, -0.296, -0.313, -0.393]","[0.508, 0.415, 0.176, 0.131, 0.087, 0.074, 0.073, 0.073, 0.415, 0.176, 0.131, 0.087, 0.029, 0.0, 0.0]","['contradiction', 'contradiction', 'neutral', 'neutral', 'neutral', 'neutral', 'neutral', 'neutral', 'contradiction', 'neutral', 'neutral', 'neutral', 'neutral', 'neutral', 'neutral']",50,['Which database serves as a catalogue of full-length 16S rRNA gene sequences from bacteria in wastewater treatment plants?'],56.0,"[78.01, 133.478, 152.719, 164.161, 164.675, 168.482, 170.522, 0, 0, 0, 0, 0, 0, 0, 0]","[0.802, 0.584, 0.509, 0.464, 0.462, 0.447, 0.439, 0, 0, 0, 0, 0, 0, 0, 0]","[29.71, 20.89, 0, 0, 0, 0, 0, 8.16, 8.11, 6.78, 6.5, 5.79, 5.1, 4.95, 4.59]","[1.486, 1.044, 0, 0, 0, 0, 0, 0.408, 0.405, 0.339, 0.325, 0.29, 0.255, 0.248, 0.229]","[0.997, 0.985, 0.852, 0.916, 0.125, 0.996, 0.957, 0.143, 0.996, 0.985, 0.986, 0.979, 0.924, 0.784, 0.967]","[1, 3, 6, 5, 7, 2, 4, 10, 3, 5, 4, 6, 8, 9, 7]"
50,51,The current number of germline associations with clonal hematopoiesis in European‑ancestry populations is **14**.,51,179.769,56.0,30.0,0,"[96.143, 182.777, 183.868, 187.325, 188.059, 96.143]","[0.462, -0.164, -0.172, -0.197, -0.202, 0.462]","[0.282, 0.036, 0.014, 0.011, 0.009, 0.282]","['neutral', 'neutral', 'neutral', 'neutral', 'neutral', 'neutral']",51,['What is currently the number of germline associations with clonal hematopoiesis in European-ancestry populations?'],52.0,"[92.397, 174.887, 179.846, 181.246, 185.438, 0]","[0.745, 0.422, 0.403, 0.397, 0.381, 0]","[19.18, 0, 0, 0, 0, 3.15]","[0.959, 0, 0, 0, 0, 0.158]","[0.998, 0.893, 0.16, 0.951, 0.813, 0.554]","[1, 3, 5, 2, 4, 2]"
51,52,The ensemble machine‑learning framework developed for predicting druggability is **DrugnomeAI**.,52,182.954,54.0,30.0,0,"[86.599, 160.573, 184.41, 205.056, 207.305, 86.599]","[0.531, -0.004, -0.176, -0.325, -0.341, 0.531]","[0.188, 0.148, 0.035, 0.024, 0.0, 0.188]","['contradiction', 'neutral', 'neutral', 'neutral', 'neutral', 'contradiction']",52,['Which ensemble machine-learning framework has been developed for predicting druggability?'],47.0,"[113.046, 180.302, 194.315, 201.363, 206.295, 0]","[0.664, 0.401, 0.346, 0.318, 0.299, 0]","[18.17, 14.48, 0, 0, 0, 4.55]","[0.908, 0.724, 0, 0, 0, 0.228]","[0.997, 0.993, 0.172, 0.914, 0.117, 0.476]","[1, 2, 4, 3, 5, 3]"
52,53,"The typical age range for the onset of systemic sclerosis (SSc) is **between 20 and 50 years**. This span represents the peak period during which most patients develop the disease, as reported in the Spanish Scleroderma Study Group cohort and other observational studies.",53,99.35,83.0,27.0,0,"[59.492, 62.187, 79.63, 92.873, 95.028, 104.686, 119.756, 128.174, 119.756]","[0.726, 0.707, 0.581, 0.485, 0.47, 0.4, 0.291, 0.23, 0.291]","[0.318, 0.199, 0.175, 0.149, 0.142, 0.104, 0.103, 0.088, 0.103]","['neutral', 'neutral', 'neutral', 'neutral', 'neutral', 'neutral', 'neutral', 'neutral', 'neutral']",53,['Typical age range of onset of systemic scleroderma.'],68.0,"[115.502, 91.389, 94.697, 121.648, 130.861, 152.865, 144.022, 190.082, 0]","[0.655, 0.749, 0.736, 0.631, 0.595, 0.508, 0.543, 0.363, 0]","[10.51, 6.35, 5.37, 6.98, 4.12, 4.17, 0, 0, 5.67]","[0.525, 0.318, 0.269, 0.349, 0.206, 0.209, 0, 0, 0.283]","[0.959, 0.987, 0.958, 0.99, 0.992, 0.996, 0.969, 0.986, 0.137]","[7, 4, 8, 3, 2, 1, 6, 5, 7]"
53,54,"The biomedical challenge is **BioASQ Synergy**. It was created to enable a dialogue between biomedical experts and automated question‑answering systems, aiming to accelerate COVID‑19 research.",54,170.178,58.0,32.0,0,"[43.712, 164.987, 178.922, 183.682, 187.732, 188.273, 188.416, 43.712, 178.922]","[0.84, -0.036, -0.136, -0.171, -0.2, -0.204, -0.205, 0.84, -0.136]","[0.713, 0.155, 0.087, 0.053, 0.028, 0.019, 0.0, 0.713, 0.087]","['neutral', 'contradiction', 'neutral', 'neutral', 'neutral', 'neutral', 'neutral', 'neutral', 'neutral']",54,['Which biomedical challenge has been designed to facilitate interaction between biomedical experts and automated question-answering systems in order to promote COVID-19 research?'],41.0,"[70.949, 166.236, 167.749, 171.076, 171.41, 171.541, 172.113, 0, 0]","[0.829, 0.456, 0.45, 0.437, 0.436, 0.435, 0.433, 0, 0]","[35.0, 0, 0, 0, 0, 0, 0, 8.23, 6.25]","[1.75, 0, 0, 0, 0, 0, 0, 0.411, 0.312]","[0.391, 0.896, 0.98, 0.982, 0.997, 0.168, 0.962, 0.358, 0.986]","[6, 5, 3, 2, 1, 7, 4, 3, 1]"
54,55,"The computational framework that predicts transcriptional‑condensate‑associated genomic regions is **SEGCOND**.   SEGCOND integrates multiple genomic datasets related to enhancer activity and chromatin accessibility, performs genome segmentation, identifies highly transcriptionally active regions, and, through Hi‑C data integration, pinpoints regions likely to form transcriptional condensates.",55,148.486,63.0,31.0,0,"[42.341, 100.788, 136.836, 173.576, 176.149, 182.196, 183.63, 183.63]","[0.85, 0.428, 0.168, -0.098, -0.116, -0.16, -0.17, -0.17]","[1.125, 0.584, 0.313, 0.058, 0.041, 0.03, 0.0, 0.0]","['neutral', 'neutral', 'neutral', 'neutral', 'neutral', 'neutral', 'neutral', 'neutral']",55,['Which computational method exists for prediction of transcriptional condensate-associated genomic regions?'],52.0,"[110.991, 131.785, 177.088, 181.381, 182.777, 184.485, 184.552, 0]","[0.673, 0.591, 0.414, 0.397, 0.391, 0.385, 0.384, 0]","[17.94, 10.47, 9.04, 0, 0, 0, 0, 5.4]","[0.897, 0.523, 0.452, 0, 0, 0, 0, 0.27]","[0.987, 0.997, 0.989, 0.993, 0.228, 0.214, 0.704, 0.958]","[4, 1, 3, 2, 6, 7, 5, 4]"
