QID,pubmed_id,mean_distance_a,relevance_score,hallucination_index,vector_distances,vector_scores,bm25_scores,rerank_sentiments
1,2404.00822v2,213.215,34.0,53.0,"[106.984, 159.259, 159.346, 159.524, 160.879, 106.984, 159.259, 159.346, 159.524, 160.879]","[0.693, 0.521, 0.521, 0.52, 0.516, 0.693, 0.521, 0.521, 0.52, 0.516]","[0.488, 0.471, 0.342, 0.29, 0.276, 0.488, 0.471, 0.342, 0.29, 0.276]","['neutral', 'neutral', 'neutral', 'neutral', 'neutral', 'neutral', 'neutral', 'neutral', 'neutral', 'neutral']"
2,2411.14884v3,206.445,37.0,55.0,"[157.783, 179.083, 190.909, 198.909, 207.249, 157.783, 179.083, 198.909]","[0.526, 0.456, 0.417, 0.391, 0.363, 0.526, 0.456, 0.391]","[0.425, 0.37, 0.3, 0.244, 0.221, 0.425, 0.37, 0.244]","['neutral', 'neutral', 'neutral', 'neutral', 'neutral', 'neutral', 'neutral', 'neutral']"
3,2406.17972v3,177.393,46.0,45.0,"[125.373, 148.879, 150.875, 161.046, 174.861, 177.05, 181.057, 186.942, 189.046, 125.373, 189.046, 150.875]","[0.632, 0.555, 0.549, 0.515, 0.47, 0.463, 0.449, 0.43, 0.423, 0.632, 0.423, 0.549]","[0.458, 0.338, 0.257, 0.226, 0.199, 0.188, 0.188, 0.169, 0.146, 0.458, 0.146, 0.257]","['neutral', 'neutral', 'contradiction', 'neutral', 'neutral', 'neutral', 'neutral', 'neutral', 'neutral', 'neutral', 'neutral', 'contradiction']"
4,2412.10128v2,153.573,54.0,36.0,"[117.818, 161.559, 117.818]","[0.657, 0.513, 0.657]","[0.209, 0.183, 0.209]","['neutral', 'contradiction', 'neutral']"
5,2412.15239v2,318.12,-0.0,81.0,"[200.633, 308.276, 308.684, 316.977, 318.551, 330.466, 331.886, 334.841, 342.484, 318.551, 334.841]","[0.385, 0.031, 0.03, 0.003, -0.002, -0.042, -0.046, -0.056, -0.081, -0.002, -0.056]","[0.358, 0.225, 0.167, 0.113, 0.101, 0.093, 0.078, 0.033, 0.032, 0.101, 0.033]","['neutral', 'neutral', 'neutral', 'neutral', 'neutral', 'neutral', 'neutral', 'neutral', 'neutral', 'neutral', 'neutral']"
6,2403.18677v2,198.633,39.0,51.0,"[116.598, 175.715, 116.598, 289.08]","[0.661, 0.467, 0.661, 0.094]","[0.496, 0.14, 0.496, 0.007]","['neutral', 'neutral', 'neutral', 'neutral']"
7,2412.06611v2,286.357,10.0,79.0,"[169.735, 255.407, 261.478, 281.009, 283.294, 169.735, 255.407, 261.478, 281.009, 0]","[0.487, 0.205, 0.185, 0.121, 0.113, 0.487, 0.205, 0.185, 0.121, 0]","[0.878, 0.48, 0.227, 0.141, 0.023, 0.878, 0.48, 0.227, 0.141, 0.01]","['neutral', 'neutral', 'neutral', 'neutral', 'neutral', 'neutral', 'neutral', 'neutral', 'neutral', 'neutral']"
8,2411.13384v2,225.735,30.0,59.0,"[132.815, 189.784, 226.016, 245.506, 258.774, 260.311, 266.936, 0, 266.936, 0, 189.784, 226.016, 0]","[0.608, 0.421, 0.302, 0.238, 0.194, 0.189, 0.167, 0, 0.167, 0, 0.421, 0.302, 0]","[0.199, 0.183, 0.121, 0.105, 0.058, 0.052, 0.047, 0.044, 0.047, 0.044, 0.183, 0.121, 0.003]","['neutral', 'contradiction', 'neutral', 'neutral', 'neutral', 'neutral', 'neutral', 'neutral', 'neutral', 'neutral', 'contradiction', 'neutral', 'neutral']"
9,2409.01631v3,393.928,0,77.0,"[359.951, 379.126, 396.135, 410.534, 423.892]","[-0.138, -0.201, -0.257, -0.305, -0.349]","[0.043, 0.033, 0.02, 0.017, 0.0]","['neutral', 'neutral', 'neutral', 'neutral', 'neutral']"
10,2412.11130v5,263.709,18.0,78.0,"[170.536, 198.835, 225.669, 239.127, 252.022, 255.496, 257.224, 258.261, 266.833, 170.536, 198.835, 225.669, 239.127, 252.022, 255.496, 257.224]","[0.484, 0.391, 0.303, 0.259, 0.216, 0.205, 0.199, 0.196, 0.168, 0.484, 0.391, 0.303, 0.259, 0.216, 0.205, 0.199]","[0.171, 0.121, 0.111, 0.065, 0.059, 0.056, 0.051, 0.051, 0.039, 0.171, 0.121, 0.111, 0.065, 0.059, 0.056, 0.051]","['neutral', 'neutral', 'entailment', 'contradiction', 'neutral', 'neutral', 'neutral', 'neutral', 'neutral', 'neutral', 'neutral', 'entailment', 'contradiction', 'neutral', 'neutral', 'neutral']"
11,2405.17070v2,169.275,49.0,31.0,"[95.325, 119.217, 125.715, 184.14, 184.14, 192.822, 219.342, 228.282]","[0.731, 0.653, 0.631, 0.439, 0.439, 0.411, 0.324, 0.294]","[0.758, 0.621, 0.314, 0.128, 0.128, 0.094, 0.067, 0.055]","['neutral', 'neutral', 'neutral', 'neutral', 'neutral', 'neutral', 'neutral', 'neutral']"
12,2409.02275v2,266.524,17.0,69.0,"[252.192, 260.608, 252.192, 264.689, 292.982]","[0.216, 0.188, 0.216, 0.175, 0.082]","[0.536, 0.121, 0.536, 0.076, 0.048]","['contradiction', 'neutral', 'contradiction', 'contradiction', 'contradiction']"
13,2406.07726v3,297.213,7.0,80.0,"[264.285, 277.528, 292.009, 292.009, 277.528, 314.046, 328.563]","[0.176, 0.132, 0.085, 0.085, 0.132, 0.012, -0.035]","[0.301, 0.24, 0.123, 0.123, 0.24, 0.021, 0.013]","['neutral', 'neutral', 'neutral', 'neutral', 'neutral', 'neutral', 'neutral']"
14,2404.19707v4,150.704,55.0,39.0,"[125.303, 129.038, 144.61, 149.704, 149.704, 129.038]","[0.633, 0.62, 0.569, 0.552, 0.552, 0.62]","[0.289, 0.248, 0.239, 0.189, 0.189, 0.248]","['neutral', 'contradiction', 'neutral', 'neutral', 'neutral', 'contradiction']"
15,2408.02322v2,151.009,55.0,28.0,"[110.329, 116.239, 119.498, 131.103, 141.484, 154.496, 154.854, 158.392, 175.899, 175.899, 116.239]","[0.682, 0.662, 0.652, 0.614, 0.579, 0.537, 0.536, 0.524, 0.466, 0.466, 0.662]","[0.371, 0.356, 0.333, 0.288, 0.259, 0.202, 0.181, 0.157, 0.108, 0.108, 0.356]","['neutral', 'neutral', 'neutral', 'neutral', 'neutral', 'neutral', 'neutral', 'neutral', 'neutral', 'neutral', 'neutral']"
16,2405.13422v2,298.806,6.0,77.0,"[225.99, 243.117, 225.99, 243.117, 314.788, 325.926, 334.896, 383.956]","[0.302, 0.245, 0.302, 0.245, 0.01, -0.027, -0.056, -0.217]","[0.181, 0.171, 0.181, 0.171, 0.083, 0.069, 0.056, 0.052]","['neutral', 'neutral', 'neutral', 'neutral', 'neutral', 'neutral', 'neutral', 'neutral']"
17,2407.02511v2,177.565,46.0,44.0,"[134.862, 150.786, 160.253, 187.227, 188.284, 160.253, 212.976]","[0.601, 0.549, 0.518, 0.429, 0.426, 0.518, 0.345]","[0.466, 0.418, 0.393, 0.348, 0.109, 0.393, 0.103]","['neutral', 'neutral', 'neutral', 'neutral', 'neutral', 'neutral', 'neutral']"
18,2407.04378v2,195.398,40.0,67.0,"[112.158, 114.687, 112.158, 114.687, 166.21, 176.132, 202.933, 204.087, 251.693, 301.11, 308.448]","[0.676, 0.667, 0.676, 0.667, 0.498, 0.466, 0.378, 0.374, 0.217, 0.055, 0.031]","[0.575, 0.503, 0.575, 0.503, 0.181, 0.162, 0.157, 0.138, 0.101, 0.084, 0.018]","['neutral', 'neutral', 'neutral', 'neutral', 'neutral', 'neutral', 'neutral', 'neutral', 'neutral', 'neutral', 'neutral']"
19,2407.17674v2,330.088,0,99.0,"[246.777, 276.359, 283.869, 289.368, 246.777, 276.359, 283.869, 289.368, 338.312, 338.895, 351.691, 354.65, 356.736, 359.543, 368.576, 373.417, 379.503, 383.758]","[0.233, 0.136, 0.112, 0.094, 0.233, 0.136, 0.112, 0.094, -0.067, -0.069, -0.111, -0.121, -0.128, -0.137, -0.167, -0.183, -0.203, -0.217]","[0.319, 0.118, 0.083, 0.074, 0.319, 0.118, 0.083, 0.074, 0.041, 0.031, 0.03, 0.03, 0.025, 0.01, 0.008, 0.008, 0.0, 0.0]","['contradiction', 'neutral', 'contradiction', 'neutral', 'contradiction', 'neutral', 'contradiction', 'neutral', 'contradiction', 'neutral', 'contradiction', 'neutral', 'neutral', 'neutral', 'entailment', 'neutral', 'neutral', 'contradiction']"
20,2403.20331v2,367.757,0,99.0,"[216.723, 292.578, 310.238, 312.224, 321.012, 345.06, 365.325, 216.723, 292.578, 310.238, 312.224, 321.012, 345.06, 365.325, 425.114, 435.54]","[0.332, 0.083, 0.025, 0.018, -0.01, -0.089, -0.156, 0.332, 0.083, 0.025, 0.018, -0.01, -0.089, -0.156, -0.353, -0.387]","[0.16, 0.159, 0.153, 0.149, 0.11, 0.08, 0.078, 0.16, 0.159, 0.153, 0.149, 0.11, 0.08, 0.078, 0.0, 0.0]","['contradiction', 'contradiction', 'contradiction', 'contradiction', 'contradiction', 'contradiction', 'neutral', 'contradiction', 'contradiction', 'contradiction', 'contradiction', 'contradiction', 'contradiction', 'neutral', 'neutral', 'neutral']"
21,2406.18052v3,240.537,25.0,63.0,"[181.056, 184.234, 214.061, 220.948, 271.918, 290.16, 290.16]","[0.449, 0.439, 0.341, 0.318, 0.151, 0.091, 0.091]","[0.156, 0.11, 0.107, 0.084, 0.083, 0.009, 0.009]","['neutral', 'neutral', 'neutral', 'neutral', 'neutral', 'neutral', 'neutral']"
22,2403.13015v2,340.999,0,87.0,"[273.524, 290.292, 290.292, 362.806, 363.651, 366.412, 392.902]","[0.146, 0.09, 0.09, -0.148, -0.151, -0.16, -0.247]","[0.065, 0.051, 0.051, 0.019, 0.01, 0.002, 0.001]","['neutral', 'neutral', 'neutral', 'neutral', 'neutral', 'neutral', 'neutral']"
23,2404.09796v2,172.209,48.0,46.0,"[104.978, 112.605, 133.542, 165.129, 209.356, 217.201, 112.605]","[0.699, 0.674, 0.606, 0.502, 0.356, 0.331, 0.674]","[0.428, 0.378, 0.34, 0.121, 0.108, 0.089, 0.378]","['neutral', 'neutral', 'contradiction', 'neutral', 'neutral', 'neutral', 'neutral']"
24,2402.09444v3,284.014,11.0,76.0,"[228.483, 244.582, 269.256, 271.703, 283.603, 286.332, 286.376, 228.483, 244.582, 269.256, 271.703, 286.376]","[0.294, 0.241, 0.16, 0.152, 0.112, 0.103, 0.103, 0.294, 0.241, 0.16, 0.152, 0.103]","[0.158, 0.095, 0.079, 0.079, 0.06, 0.059, 0.053, 0.158, 0.095, 0.079, 0.079, 0.053]","['neutral', 'contradiction', 'neutral', 'neutral', 'neutral', 'neutral', 'neutral', 'neutral', 'contradiction', 'neutral', 'neutral', 'neutral']"
25,2404.19707v3,233.206,28.0,57.0,"[172.362, 197.886, 198.545, 200.407, 209.113, 209.113, 217.948, 223.203, 227.42, 227.523, 229.696, 223.203, 227.42, 172.362, 227.523, 229.696, 200.407, 275.771, 284.542, 299.112]","[0.478, 0.394, 0.392, 0.386, 0.357, 0.357, 0.328, 0.311, 0.297, 0.297, 0.29, 0.311, 0.297, 0.478, 0.297, 0.29, 0.386, 0.138, 0.109, 0.061]","[0.184, 0.169, 0.128, 0.126, 0.102, 0.1, 0.083, 0.074, 0.071, 0.069, 0.068, 0.074, 0.071, 0.184, 0.069, 0.068, 0.126, 0.038, 0.034, 0.032]","['neutral', 'neutral', 'neutral', 'neutral', 'neutral', 'neutral', 'neutral', 'neutral', 'neutral', 'neutral', 'neutral', 'neutral', 'neutral', 'neutral', 'neutral', 'neutral', 'neutral', 'neutral', 'neutral', 'neutral']"
26,2410.11774v2,253.593,21.0,72.0,"[176.705, 183.513, 236.179, 245.33, 176.705, 245.33, 183.513, 287.833, 328.382]","[0.464, 0.441, 0.268, 0.238, 0.464, 0.238, 0.441, 0.099, -0.035]","[0.154, 0.127, 0.082, 0.067, 0.154, 0.067, 0.127, 0.026, 0.018]","['neutral', 'neutral', 'neutral', 'contradiction', 'neutral', 'contradiction', 'neutral', 'neutral', 'neutral']"
27,2405.11284v3,424.6,0,91.0,"[340.407, 375.721, 376.236, 398.921, 406.8, 428.981, 406.8, 340.407, 375.721, 428.981, 473.742, 494.099]","[-0.074, -0.19, -0.192, -0.266, -0.292, -0.365, -0.292, -0.074, -0.19, -0.365, -0.512, -0.579]","[0.057, 0.057, 0.051, 0.05, 0.042, 0.041, 0.042, 0.057, 0.057, 0.041, 0.0, 0.0]","['contradiction', 'neutral', 'contradiction', 'neutral', 'neutral', 'neutral', 'neutral', 'contradiction', 'neutral', 'neutral', 'neutral', 'neutral']"
28,2406.18046v2,234.691,27.0,57.0,"[204.88, 205.213, 221.808, 249.21, 250.386, 250.386]","[0.371, 0.37, 0.316, 0.225, 0.222, 0.222]","[0.257, 0.062, 0.057, 0.029, 0.016, 0.016]","['neutral', 'contradiction', 'neutral', 'neutral', 'neutral', 'neutral']"
29,2405.04904v2,223.151,31.0,50.0,"[138.625, 158.85, 206.657, 223.427, 239.639, 241.537, 239.639, 241.537, 158.85, 0]","[0.589, 0.522, 0.365, 0.31, 0.257, 0.251, 0.257, 0.251, 0.522, 0]","[0.074, 0.069, 0.052, 0.046, 0.042, 0.03, 0.042, 0.03, 0.069, 0.006]","['neutral', 'neutral', 'neutral', 'neutral', 'contradiction', 'neutral', 'contradiction', 'neutral', 'neutral', 'neutral']"
30,2405.16945v4,235.474,27.0,58.0,"[125.507, 199.528, 207.69, 217.162, 228.234, 235.447, 237.042, 241.282, 241.549, 265.0, 235.447, 237.042]","[0.632, 0.389, 0.362, 0.331, 0.294, 0.271, 0.265, 0.252, 0.251, 0.174, 0.271, 0.265]","[0.583, 0.213, 0.157, 0.088, 0.08, 0.073, 0.02, 0.02, 0.003, 0.003, 0.073, 0.02]","['neutral', 'neutral', 'neutral', 'neutral', 'entailment', 'neutral', 'neutral', 'neutral', 'neutral', 'neutral', 'neutral', 'neutral']"
31,2406.14174v3,420.926,0,79.0,"[385.737, 388.051, 389.736, 397.03, 389.736, 388.051, 463.055, 470.649]","[-0.223, -0.231, -0.236, -0.26, -0.236, -0.231, -0.477, -0.502]","[0.045, 0.036, 0.019, 0.018, 0.019, 0.036, 0.0, 0.0]","['neutral', 'neutral', 'neutral', 'neutral', 'neutral', 'neutral', 'neutral', 'neutral']"
32,2403.03367v4,180.611,45.0,55.0,"[97.463, 116.794, 132.254, 146.01, 174.185, 182.033, 190.352, 193.463, 174.185, 182.033, 190.352, 146.01]","[0.724, 0.661, 0.61, 0.565, 0.472, 0.446, 0.419, 0.409, 0.472, 0.446, 0.419, 0.565]","[0.595, 0.585, 0.565, 0.505, 0.475, 0.358, 0.336, 0.335, 0.475, 0.358, 0.336, 0.505]","['neutral', 'neutral', 'neutral', 'neutral', 'neutral', 'neutral', 'neutral', 'neutral', 'neutral', 'neutral', 'neutral', 'neutral']"
33,2411.00816v2,293.953,8.0,85.0,"[209.163, 221.375, 237.923, 247.329, 276.184, 277.875, 290.757, 295.553, 209.163, 221.375, 237.923, 290.757, 247.329, 295.553, 276.184, 277.875, 369.469]","[0.357, 0.317, 0.263, 0.232, 0.137, 0.131, 0.089, 0.073, 0.357, 0.317, 0.263, 0.089, 0.232, 0.073, 0.137, 0.131, -0.17]","[0.35, 0.267, 0.245, 0.233, 0.097, 0.079, 0.066, 0.052, 0.35, 0.267, 0.245, 0.066, 0.233, 0.052, 0.097, 0.079, 0.004]","['neutral', 'neutral', 'neutral', 'neutral', 'contradiction', 'neutral', 'neutral', 'neutral', 'neutral', 'neutral', 'neutral', 'neutral', 'neutral', 'neutral', 'contradiction', 'neutral', 'contradiction']"
34,2401.11899v3,214.832,34.0,57.0,"[176.87, 184.89, 193.884, 201.448, 193.884, 184.89, 201.448, 218.052, 221.301, 232.289, 235.232, 287.739]","[0.463, 0.437, 0.407, 0.382, 0.407, 0.437, 0.382, 0.328, 0.317, 0.281, 0.271, 0.099]","[0.247, 0.151, 0.12, 0.115, 0.12, 0.151, 0.115, 0.094, 0.087, 0.084, 0.079, 0.01]","['neutral', 'neutral', 'neutral', 'neutral', 'neutral', 'neutral', 'neutral', 'neutral', 'neutral', 'neutral', 'neutral', 'neutral']"
35,2408.13702v3,208.874,36.0,62.0,"[155.843, 184.509, 188.008, 155.843, 188.008, 236.956, 275.003]","[0.532, 0.438, 0.427, 0.532, 0.427, 0.266, 0.141]","[0.631, 0.363, 0.299, 0.631, 0.299, 0.242, 0.099]","['neutral', 'neutral', 'neutral', 'neutral', 'neutral', 'neutral', 'neutral']"
36,2410.03969v3,321.837,0,82.0,"[269.395, 287.524, 305.27, 309.055, 318.349, 287.524, 309.055, 269.395, 346.666, 352.728, 356.149]","[0.159, 0.1, 0.041, 0.029, -0.002, 0.1, 0.029, 0.159, -0.095, -0.115, -0.126]","[0.052, 0.024, 0.02, 0.02, 0.02, 0.024, 0.02, 0.052, 0.011, 0.01, 0.009]","['neutral', 'neutral', 'neutral', 'neutral', 'neutral', 'neutral', 'neutral', 'neutral', 'neutral', 'neutral', 'neutral']"
37,2408.16142v4,233.492,28.0,41.0,"[200.894, 213.148, 214.242, 216.141, 222.03, 230.267, 237.384, 237.799, 237.384, 213.148, 255.948, 281.028]","[0.384, 0.344, 0.34, 0.334, 0.315, 0.288, 0.264, 0.263, 0.264, 0.344, 0.203, 0.121]","[0.237, 0.229, 0.223, 0.196, 0.189, 0.179, 0.147, 0.141, 0.147, 0.229, 0.077, 0.024]","['neutral', 'neutral', 'neutral', 'neutral', 'neutral', 'neutral', 'neutral', 'neutral', 'neutral', 'neutral', 'neutral', 'entailment']"
38,2409.07413v5,254.381,21.0,75.0,"[152.08, 170.042, 191.862, 198.309, 225.946, 230.258, 248.5, 254.048, 152.08, 170.042, 191.862, 198.309, 225.946, 230.258, 248.5, 254.048, 303.892, 304.81, 308.086, 320.825]","[0.545, 0.486, 0.414, 0.393, 0.302, 0.288, 0.228, 0.21, 0.545, 0.486, 0.414, 0.393, 0.302, 0.288, 0.228, 0.21, 0.046, 0.043, 0.032, -0.01]","[0.536, 0.267, 0.236, 0.189, 0.167, 0.157, 0.128, 0.11, 0.536, 0.267, 0.236, 0.189, 0.167, 0.157, 0.128, 0.11, 0.046, 0.026, 0.018, 0.016]","['neutral', 'neutral', 'contradiction', 'neutral', 'neutral', 'neutral', 'neutral', 'neutral', 'neutral', 'neutral', 'contradiction', 'neutral', 'neutral', 'neutral', 'neutral', 'neutral', 'neutral', 'neutral', 'entailment', 'contradiction']"
39,2407.02511v2,239.592,26.0,60.0,"[92.235, 169.193, 216.497, 261.353, 270.565, 92.235, 169.193]","[0.741, 0.488, 0.333, 0.186, 0.155, 0.741, 0.488]","[0.137, 0.118, 0.068, 0.031, 0.01, 0.137, 0.118]","['neutral', 'neutral', 'neutral', 'neutral', 'neutral', 'neutral', 'neutral']"
40,2412.15322v2,255.948,20.0,72.0,"[180.427, 236.984, 241.008, 180.427, 241.008, 236.984, 277.447, 277.54, 292.531]","[0.451, 0.266, 0.252, 0.451, 0.252, 0.266, 0.133, 0.132, 0.083]","[0.262, 0.187, 0.131, 0.262, 0.131, 0.187, 0.086, 0.036, 0.012]","['neutral', 'neutral', 'neutral', 'neutral', 'neutral', 'neutral', 'neutral', 'neutral', 'neutral']"
41,2412.16320v3,206.685,37.0,56.0,"[136.257, 192.163, 199.447, 202.333, 202.333, 192.163]","[0.597, 0.413, 0.389, 0.38, 0.38, 0.413]","[0.606, 0.295, 0.189, 0.154, 0.154, 0.295]","['neutral', 'neutral', 'neutral', 'neutral', 'neutral', 'neutral']"
42,2403.20331v2,371.633,0,95.0,"[308.939, 328.511, 357.847, 360.936, 308.939, 328.511, 357.847, 400.03, 424.467]","[0.029, -0.035, -0.131, -0.142, 0.029, -0.035, -0.131, -0.27, -0.35]","[0.096, 0.047, 0.029, 0.0, 0.096, 0.047, 0.029, 0.0, 0.0]","['neutral', 'contradiction', 'neutral', 'neutral', 'neutral', 'contradiction', 'neutral', 'neutral', 'neutral']"
43,2410.12036v2,283.172,11.0,87.0,"[236.989, 256.075, 263.626, 266.141, 274.265, 281.136, 285.083, 285.083, 286.641, 290.322, 292.238, 297.867, 236.989, 256.075, 263.626]","[0.266, 0.203, 0.178, 0.17, 0.143, 0.121, 0.108, 0.108, 0.102, 0.09, 0.084, 0.066, 0.266, 0.203, 0.178]","[0.562, 0.203, 0.162, 0.153, 0.065, 0.062, 0.055, 0.051, 0.032, 0.029, 0.02, 0.02, 0.562, 0.203, 0.162]","['neutral', 'neutral', 'neutral', 'neutral', 'neutral', 'neutral', 'neutral', 'neutral', 'neutral', 'neutral', 'neutral', 'neutral', 'neutral', 'neutral', 'neutral']"
44,2408.06994v2,323.244,0,88.0,"[269.153, 286.274, 289.539, 291.092, 269.153, 286.274, 289.539, 291.092, 457.003]","[0.16, 0.104, 0.093, 0.088, 0.16, 0.104, 0.093, 0.088, -0.457]","[0.2, 0.086, 0.06, 0.043, 0.2, 0.086, 0.06, 0.043, 0.0]","['neutral', 'neutral', 'neutral', 'neutral', 'neutral', 'neutral', 'neutral', 'neutral', 'neutral']"
45,2409.02476v2,134.554,60.0,30.0,"[105.165, 109.631, 116.248, 118.861, 124.606, 126.403, 128.446, 130.551, 151.27, 164.424, 105.165, 164.424]","[0.699, 0.684, 0.662, 0.654, 0.635, 0.629, 0.622, 0.615, 0.547, 0.504, 0.699, 0.504]","[0.428, 0.423, 0.411, 0.344, 0.344, 0.305, 0.296, 0.269, 0.178, 0.175, 0.428, 0.175]","['neutral', 'neutral', 'neutral', 'neutral', 'neutral', 'neutral', 'neutral', 'neutral', 'neutral', 'neutral', 'neutral', 'neutral']"
46,2412.05495v6,188.383,43.0,47.0,"[112.092, 185.439, 194.984, 112.092, 211.883, 225.089]","[0.676, 0.435, 0.404, 0.676, 0.348, 0.305]","[0.261, 0.11, 0.094, 0.261, 0.075, 0.03]","['neutral', 'neutral', 'neutral', 'neutral', 'neutral', 'neutral']"
47,2410.20982v2,303.806,5.0,81.0,"[223.369, 230.767, 253.77, 259.906, 261.569, 276.412, 283.582, 223.369, 230.767, 253.77, 259.906, 283.582, 328.972, 343.017, 355.342, 356.98, 443.167]","[0.31, 0.286, 0.21, 0.19, 0.185, 0.136, 0.113, 0.31, 0.286, 0.21, 0.19, 0.113, -0.037, -0.083, -0.123, -0.129, -0.412]","[0.138, 0.077, 0.06, 0.056, 0.055, 0.045, 0.044, 0.138, 0.077, 0.06, 0.056, 0.044, 0.014, 0.0, 0.0, 0.0, 0.0]","['neutral', 'neutral', 'neutral', 'neutral', 'neutral', 'neutral', 'neutral', 'neutral', 'neutral', 'neutral', 'neutral', 'neutral', 'neutral', 'neutral', 'neutral', 'neutral', 'neutral']"
48,2407.06295v3,258.774,19.0,68.0,"[202.504, 247.647, 270.612, 202.504, 247.647]","[0.379, 0.231, 0.155, 0.379, 0.231]","[0.184, 0.079, 0.052, 0.184, 0.079]","['neutral', 'neutral', 'neutral', 'neutral', 'neutral']"
49,2412.20570v1,431.58,0,86.0,"[420.355, 422.765, 424.245, 429.857, 439.296, 422.765, 439.296]","[-0.337, -0.345, -0.35, -0.368, -0.399, -0.345, -0.399]","[0.112, 0.083, 0.045, 0.039, 0.0, 0.083, 0.0]","['contradiction', 'neutral', 'neutral', 'neutral', 'contradiction', 'neutral', 'contradiction']"
50,2406.10343v4,252.874,21.0,66.0,"[211.639, 212.633, 228.583, 241.922, 242.221, 244.298, 253.282, 257.586, 260.664, 265.467, 228.583, 260.664, 241.922, 265.467]","[0.349, 0.346, 0.293, 0.249, 0.248, 0.242, 0.212, 0.198, 0.188, 0.172, 0.293, 0.188, 0.249, 0.172]","[0.5, 0.443, 0.418, 0.34, 0.134, 0.119, 0.105, 0.09, 0.081, 0.076, 0.418, 0.081, 0.34, 0.076]","['neutral', 'neutral', 'neutral', 'neutral', 'neutral', 'neutral', 'neutral', 'neutral', 'neutral', 'neutral', 'neutral', 'neutral', 'neutral', 'neutral']"
51,2405.19171v3,225.542,30.0,50.0,"[168.308, 177.353, 182.292, 195.102, 195.779, 206.536, 213.987, 221.459, 238.99, 239.669, 239.704, 195.779, 238.99, 195.102, 239.704, 289.415]","[0.491, 0.462, 0.445, 0.403, 0.401, 0.366, 0.341, 0.317, 0.259, 0.257, 0.257, 0.401, 0.259, 0.403, 0.257, 0.093]","[0.185, 0.133, 0.102, 0.061, 0.06, 0.057, 0.052, 0.05, 0.043, 0.035, 0.032, 0.06, 0.043, 0.061, 0.032, 0.013]","['contradiction', 'neutral', 'neutral', 'neutral', 'neutral', 'neutral', 'neutral', 'neutral', 'entailment', 'contradiction', 'neutral', 'neutral', 'entailment', 'neutral', 'neutral', 'neutral']"
52,2412.00886v2,170.023,49.0,32.0,"[144.631, 149.518, 149.657, 152.553, 157.271, 144.631, 149.518, 157.271]","[0.569, 0.553, 0.553, 0.543, 0.528, 0.569, 0.553, 0.528]","[0.236, 0.215, 0.146, 0.145, 0.126, 0.236, 0.215, 0.126]","['neutral', 'neutral', 'neutral', 'neutral', 'neutral', 'neutral', 'neutral', 'neutral']"
53,2407.11613v2,231.04,29.0,65.0,"[140.369, 190.193, 201.943, 216.849, 221.806, 221.806, 190.193, 201.943, 216.849, 276.331, 319.784]","[0.583, 0.419, 0.381, 0.332, 0.316, 0.316, 0.419, 0.381, 0.332, 0.136, -0.006]","[0.539, 0.191, 0.173, 0.164, 0.163, 0.163, 0.191, 0.173, 0.164, 0.092, 0.032]","['neutral', 'neutral', 'neutral', 'neutral', 'neutral', 'neutral', 'neutral', 'neutral', 'neutral', 'neutral', 'neutral']"
54,2410.17011v3,206.732,37.0,40.0,"[167.653, 173.998, 183.608, 196.669, 221.942, 221.942, 256.777]","[0.493, 0.473, 0.441, 0.398, 0.315, 0.315, 0.201]","[0.404, 0.299, 0.189, 0.105, 0.098, 0.098, 0.077]","['neutral', 'neutral', 'neutral', 'neutral', 'neutral', 'neutral', 'neutral']"
55,2405.08806v2,184.672,44.0,52.0,"[99.001, 109.395, 123.056, 132.392, 134.108, 148.717, 151.22, 155.409, 176.475, 183.153, 187.777, 99.001, 183.153, 123.056, 132.392, 134.108, 148.717, 151.22, 155.409, 263.181]","[0.719, 0.685, 0.64, 0.609, 0.604, 0.556, 0.547, 0.534, 0.464, 0.443, 0.427, 0.719, 0.443, 0.64, 0.609, 0.604, 0.556, 0.547, 0.534, 0.18]","[1.07, 0.853, 0.628, 0.611, 0.491, 0.486, 0.472, 0.46, 0.404, 0.39, 0.364, 1.07, 0.39, 0.628, 0.611, 0.491, 0.486, 0.472, 0.46, 0.062]","['contradiction', 'contradiction', 'contradiction', 'neutral', 'contradiction', 'neutral', 'contradiction', 'contradiction', 'contradiction', 'neutral', 'contradiction', 'contradiction', 'neutral', 'contradiction', 'neutral', 'contradiction', 'neutral', 'contradiction', 'contradiction', 'contradiction']"
56,2410.23587v3,220.121,32.0,57.0,"[111.85, 113.548, 172.429, 174.042, 174.065, 111.85, 172.429, 174.065, 357.759]","[0.677, 0.671, 0.478, 0.472, 0.472, 0.677, 0.478, 0.472, -0.131]","[0.461, 0.238, 0.226, 0.21, 0.16, 0.461, 0.226, 0.16, 0.0]","['neutral', 'neutral', 'entailment', 'neutral', 'neutral', 'neutral', 'entailment', 'neutral', 'neutral']"
57,2412.18449v2,150.546,55.0,27.0,"[131.589, 143.482, 153.444, 154.059, 159.739, 160.963]","[0.612, 0.573, 0.54, 0.538, 0.519, 0.515]","[0.068, 0.041, 0.034, 0.026, 0.022, 0.017]","['neutral', 'neutral', 'neutral', 'neutral', 'neutral', 'neutral']"
58,2404.17509v2,240.029,26.0,68.0,"[144.762, 211.418, 223.854, 224.019, 228.816, 235.097, 144.762, 211.418, 223.854, 224.019, 228.816, 265.071, 345.188]","[0.569, 0.35, 0.309, 0.308, 0.292, 0.272, 0.569, 0.35, 0.309, 0.308, 0.292, 0.173, -0.09]","[0.12, 0.088, 0.08, 0.075, 0.073, 0.069, 0.12, 0.088, 0.08, 0.075, 0.073, 0.021, 0.019]","['neutral', 'neutral', 'neutral', 'entailment', 'contradiction', 'contradiction', 'neutral', 'neutral', 'neutral', 'entailment', 'contradiction', 'neutral', 'neutral']"
59,2406.00912v2,338.581,0,88.0,"[258.035, 277.854, 278.808, 296.161, 306.617, 258.035, 277.854, 278.808, 296.161, 306.617, 362.61, 373.025, 378.919, 379.56, 395.201, 417.608]","[0.196, 0.131, 0.128, 0.071, 0.037, 0.196, 0.131, 0.128, 0.071, 0.037, -0.147, -0.181, -0.201, -0.203, -0.254, -0.328]","[0.079, 0.066, 0.046, 0.04, 0.04, 0.079, 0.066, 0.046, 0.04, 0.04, 0.017, 0.016, 0.013, 0.01, 0.0, 0.0]","['neutral', 'neutral', 'neutral', 'neutral', 'neutral', 'neutral', 'neutral', 'neutral', 'neutral', 'neutral', 'neutral', 'neutral', 'neutral', 'neutral', 'contradiction', 'neutral']"
60,2406.16586v3,184.979,44.0,56.0,"[131.654, 152.986, 190.306, 190.306, 152.986, 198.098, 198.665, 213.624]","[0.612, 0.542, 0.419, 0.419, 0.542, 0.393, 0.392, 0.342]","[0.178, 0.129, 0.038, 0.038, 0.129, 0.033, 0.03, 0.017]","['neutral', 'neutral', 'neutral', 'neutral', 'neutral', 'neutral', 'neutral', 'neutral']"
61,2409.16681v2,174.133,47.0,42.0,"[121.974, 127.853, 133.064, 146.279, 151.113, 159.152, 172.479, 181.315, 183.688, 187.681, 121.974, 159.152, 172.479, 133.064, 187.681]","[0.644, 0.624, 0.607, 0.564, 0.548, 0.521, 0.478, 0.449, 0.441, 0.428, 0.644, 0.521, 0.478, 0.607, 0.428]","[0.727, 0.632, 0.46, 0.274, 0.242, 0.236, 0.23, 0.19, 0.175, 0.167, 0.727, 0.236, 0.23, 0.46, 0.167]","['contradiction', 'neutral', 'neutral', 'neutral', 'neutral', 'neutral', 'neutral', 'neutral', 'neutral', 'neutral', 'contradiction', 'neutral', 'neutral', 'neutral', 'neutral']"
62,2404.07128v3,154.697,54.0,37.0,"[100.93, 120.609, 128.781, 156.484, 165.661, 177.083, 177.644, 120.609, 165.661]","[0.713, 0.648, 0.621, 0.53, 0.5, 0.462, 0.461, 0.648, 0.5]","[0.58, 0.482, 0.378, 0.358, 0.178, 0.174, 0.107, 0.482, 0.178]","['neutral', 'contradiction', 'neutral', 'neutral', 'entailment', 'neutral', 'neutral', 'contradiction', 'entailment']"
63,2410.05459v2,323.398,0,88.0,"[245.545, 245.545, 326.682, 333.561, 339.575, 371.131, 0]","[0.238, 0.238, -0.029, -0.052, -0.071, -0.175, 0]","[0.173, 0.173, 0.049, 0.049, 0.042, 0.039, 0.039]","['neutral', 'neutral', 'neutral', 'neutral', 'neutral', 'neutral', 'neutral']"
64,2412.11336v3,171.963,48.0,48.0,"[111.254, 123.717, 154.344, 154.703, 172.819, 185.068, 198.611, 201.251, 198.611, 201.251]","[0.679, 0.638, 0.537, 0.536, 0.476, 0.436, 0.392, 0.383, 0.392, 0.383]","[0.301, 0.217, 0.178, 0.165, 0.162, 0.143, 0.139, 0.11, 0.139, 0.11]","['neutral', 'neutral', 'neutral', 'neutral', 'neutral', 'neutral', 'neutral', 'neutral', 'neutral', 'neutral']"
65,2407.11894v2,247.227,23.0,84.0,"[247.227]","[0.232]","[0.042]","['neutral']"
66,2501.00225v2,149.492,55.0,36.0,"[73.519, 74.595, 100.218, 106.924, 148.743, 156.992, 157.731, 158.65, 164.976, 191.498, 195.478, 73.519, 191.498, 100.218]","[0.803, 0.799, 0.715, 0.693, 0.556, 0.528, 0.526, 0.523, 0.502, 0.415, 0.402, 0.803, 0.415, 0.715]","[0.645, 0.605, 0.569, 0.54, 0.436, 0.418, 0.381, 0.355, 0.251, 0.204, 0.183, 0.645, 0.204, 0.569]","['neutral', 'neutral', 'neutral', 'neutral', 'neutral', 'neutral', 'neutral', 'neutral', 'neutral', 'neutral', 'neutral', 'neutral', 'neutral', 'neutral']"
67,2411.16245v2,144.971,57.0,37.0,"[140.488, 142.24, 142.24]","[0.583, 0.577, 0.577]","[0.364, 0.334, 0.334]","['neutral', 'neutral', 'neutral']"
68,2406.05923v2,248.552,23.0,57.0,"[139.273, 156.542, 199.393, 139.273, 156.542, 390.11]","[0.587, 0.53, 0.389, 0.587, 0.53, -0.238]","[0.19, 0.139, 0.048, 0.19, 0.139, 0.02]","['neutral', 'neutral', 'neutral', 'neutral', 'neutral', 'neutral']"
69,2406.04928v3,287.915,10.0,74.0,"[167.528, 234.315, 237.407, 242.234, 261.845, 242.234, 167.528, 234.315, 237.407, 323.284, 332.162, 356.084, 356.698, 359.747]","[0.494, 0.274, 0.264, 0.248, 0.184, 0.248, 0.494, 0.274, 0.264, -0.018, -0.047, -0.126, -0.128, -0.138]","[0.234, 0.123, 0.09, 0.078, 0.078, 0.078, 0.234, 0.123, 0.09, 0.058, 0.054, 0.048, 0.037, 0.03]","['neutral', 'neutral', 'neutral', 'neutral', 'neutral', 'neutral', 'neutral', 'neutral', 'neutral', 'neutral', 'neutral', 'neutral', 'neutral', 'neutral']"
70,2409.16507v2,190.094,42.0,43.0,"[142.599, 164.778, 167.823, 168.588, 180.637, 194.178, 202.936, 206.855, 142.599, 194.178, 206.855]","[0.576, 0.503, 0.493, 0.49, 0.451, 0.406, 0.378, 0.365, 0.576, 0.406, 0.365]","[1.143, 0.83, 0.764, 0.449, 0.173, 0.131, 0.127, 0.061, 1.143, 0.131, 0.061]","['neutral', 'neutral', 'neutral', 'neutral', 'neutral', 'neutral', 'neutral', 'contradiction', 'neutral', 'neutral', 'contradiction']"
71,2411.00816v2,258.887,19.0,67.0,"[161.48, 196.094, 214.363, 226.696, 228.959, 230.379, 237.098, 253.063, 255.519, 255.932, 161.48, 196.094, 214.363, 226.696, 228.959, 230.379, 237.098, 255.519, 255.932, 340.589]","[0.514, 0.4, 0.34, 0.299, 0.292, 0.287, 0.265, 0.213, 0.205, 0.203, 0.514, 0.4, 0.34, 0.299, 0.292, 0.287, 0.265, 0.205, 0.203, -0.075]","[0.596, 0.433, 0.343, 0.307, 0.297, 0.263, 0.247, 0.204, 0.175, 0.163, 0.596, 0.433, 0.343, 0.307, 0.297, 0.263, 0.247, 0.175, 0.163, 0.006]","['neutral', 'neutral', 'neutral', 'neutral', 'neutral', 'neutral', 'neutral', 'neutral', 'neutral', 'neutral', 'neutral', 'neutral', 'neutral', 'neutral', 'neutral', 'neutral', 'neutral', 'neutral', 'neutral', 'neutral']"
72,2406.10343v4,248.367,23.0,69.0,"[122.855, 139.575, 149.35, 152.145, 197.715, 238.605, 239.265, 246.11, 197.715, 139.575, 238.605, 149.35, 419.314]","[0.641, 0.586, 0.554, 0.544, 0.395, 0.26, 0.258, 0.236, 0.395, 0.586, 0.26, 0.554, -0.333]","[0.354, 0.335, 0.308, 0.279, 0.261, 0.216, 0.148, 0.111, 0.261, 0.335, 0.216, 0.308, 0.037]","['neutral', 'neutral', 'neutral', 'neutral', 'neutral', 'neutral', 'neutral', 'neutral', 'neutral', 'neutral', 'neutral', 'neutral', 'contradiction']"
73,2409.07413v5,239.699,26.0,72.0,"[115.125, 167.525, 190.289, 209.276, 115.125, 167.525, 190.289, 289.067, 303.758, 304.236, 341.689]","[0.666, 0.494, 0.419, 0.357, 0.666, 0.494, 0.419, 0.095, 0.046, 0.045, -0.078]","[0.922, 0.511, 0.437, 0.348, 0.922, 0.511, 0.437, 0.24, 0.173, 0.048, 0.0]","['neutral', 'neutral', 'neutral', 'neutral', 'neutral', 'neutral', 'neutral', 'neutral', 'neutral', 'neutral', 'neutral']"
74,2501.00225v2,250.215,22.0,67.0,"[152.464, 217.414, 219.057, 230.683, 233.984, 254.551, 266.85, 269.364, 270.238, 266.85, 269.364, 219.057, 230.683]","[0.543, 0.33, 0.325, 0.286, 0.275, 0.208, 0.168, 0.159, 0.156, 0.168, 0.159, 0.325, 0.286]","[0.228, 0.172, 0.165, 0.107, 0.075, 0.064, 0.061, 0.06, 0.051, 0.061, 0.06, 0.165, 0.107]","['neutral', 'neutral', 'neutral', 'neutral', 'neutral', 'neutral', 'neutral', 'contradiction', 'neutral', 'neutral', 'contradiction', 'neutral', 'neutral']"
75,2404.09796v2,179.57,45.0,48.0,"[107.539, 127.592, 152.715, 158.656, 182.139, 188.025, 107.539, 152.715, 158.656, 258.504]","[0.691, 0.625, 0.543, 0.523, 0.446, 0.427, 0.691, 0.543, 0.523, 0.195]","[0.344, 0.27, 0.193, 0.126, 0.12, 0.081, 0.344, 0.193, 0.126, 0.005]","['neutral', 'neutral', 'neutral', 'neutral', 'contradiction', 'neutral', 'neutral', 'neutral', 'neutral', 'neutral']"
76,2401.03305v2,274.225,14.0,72.0,"[203.532, 245.767, 203.532, 245.767, 321.633, 0]","[0.376, 0.237, 0.376, 0.237, -0.013, 0]","[0.165, 0.138, 0.165, 0.138, 0.078, 0.058]","['neutral', 'neutral', 'neutral', 'neutral', 'neutral', 'neutral']"
77,2406.08366v2,320.85,0,80.0,"[220.676, 284.838, 299.848, 311.108, 326.852, 344.965, 346.15, 220.676, 284.838, 299.848]","[0.319, 0.108, 0.059, 0.022, -0.03, -0.089, -0.093, 0.319, 0.108, 0.059]","[0.159, 0.064, 0.058, 0.046, 0.035, 0.031, 0.027, 0.159, 0.064, 0.058]","['contradiction', 'neutral', 'neutral', 'neutral', 'neutral', 'neutral', 'neutral', 'contradiction', 'neutral', 'neutral']"
78,2409.07413v5,177.097,46.0,43.0,"[131.265, 139.223, 141.492, 147.067, 149.277, 160.006, 165.804, 169.485, 170.411, 141.492, 169.485, 170.411, 147.067, 333.071]","[0.613, 0.587, 0.579, 0.561, 0.554, 0.519, 0.5, 0.487, 0.484, 0.579, 0.487, 0.484, 0.561, -0.05]","[0.658, 0.569, 0.551, 0.524, 0.489, 0.436, 0.424, 0.317, 0.281, 0.551, 0.317, 0.281, 0.524, 0.052]","['neutral', 'neutral', 'neutral', 'neutral', 'neutral', 'neutral', 'neutral', 'neutral', 'neutral', 'neutral', 'neutral', 'neutral', 'neutral', 'neutral']"
79,2406.10343v4,229.885,29.0,60.0,"[157.058, 170.322, 192.503, 236.185, 238.034, 238.755, 250.498, 157.058, 170.322]","[0.528, 0.485, 0.412, 0.268, 0.262, 0.26, 0.221, 0.528, 0.485]","[0.441, 0.213, 0.17, 0.138, 0.134, 0.075, 0.071, 0.441, 0.213]","['neutral', 'neutral', 'neutral', 'neutral', 'neutral', 'neutral', 'neutral', 'neutral', 'neutral']"
80,2403.03363v6,148.635,56.0,28.0,"[82.498, 112.898, 115.173, 126.047, 128.234, 128.247, 130.679, 131.378, 146.332, 147.229, 130.679, 146.332, 126.047, 147.229, 206.505, 244.828]","[0.773, 0.673, 0.666, 0.63, 0.623, 0.623, 0.615, 0.613, 0.564, 0.561, 0.615, 0.564, 0.63, 0.561, 0.366, 0.24]","[0.32, 0.32, 0.308, 0.286, 0.284, 0.28, 0.243, 0.233, 0.23, 0.227, 0.243, 0.23, 0.286, 0.227, 0.07, 0.068]","['contradiction', 'neutral', 'neutral', 'neutral', 'neutral', 'neutral', 'neutral', 'contradiction', 'neutral', 'neutral', 'neutral', 'neutral', 'neutral', 'neutral', 'neutral', 'neutral']"
81,2408.11878v2,212.783,35.0,59.0,"[143.979, 165.641, 178.617, 193.075, 205.821, 212.455, 214.256, 217.983, 235.181, 205.821, 217.983, 235.181, 272.121]","[0.571, 0.5, 0.457, 0.41, 0.368, 0.346, 0.34, 0.328, 0.272, 0.368, 0.328, 0.272, 0.15]","[0.169, 0.168, 0.101, 0.078, 0.069, 0.063, 0.051, 0.051, 0.041, 0.069, 0.051, 0.041, 0.022]","['neutral', 'neutral', 'neutral', 'neutral', 'neutral', 'neutral', 'contradiction', 'entailment', 'neutral', 'neutral', 'entailment', 'neutral', 'neutral']"
82,2409.02293v3,126.841,63.0,29.0,"[73.707, 142.015, 143.693, 147.95]","[0.802, 0.578, 0.572, 0.558]","[0.376, 0.324, 0.232, 0.159]","['neutral', 'neutral', 'neutral', 'neutral']"
83,2408.14872v2,231.709,28.0,61.0,"[141.834, 204.715, 207.185, 212.68, 217.53, 227.622, 228.822, 217.53, 204.715, 207.185, 228.822]","[0.578, 0.372, 0.364, 0.346, 0.33, 0.296, 0.292, 0.33, 0.372, 0.364, 0.292]","[0.159, 0.125, 0.12, 0.092, 0.068, 0.063, 0.032, 0.068, 0.125, 0.12, 0.032]","['neutral', 'neutral', 'entailment', 'neutral', 'neutral', 'neutral', 'neutral', 'neutral', 'neutral', 'entailment', 'neutral']"
84,2406.15888v2,351.769,0,92.0,"[294.988, 332.035, 294.988, 376.915, 377.928, 387.15]","[0.075, -0.047, 0.075, -0.194, -0.197, -0.228]","[0.246, 0.064, 0.246, 0.032, 0.023, 0.013]","['neutral', 'neutral', 'neutral', 'neutral', 'neutral', 'contradiction']"
85,2403.01012v4,495.135,0,100,"[474.047, 516.222]","[-0.513, -0.652]","[0.09, 0.0]","['neutral', 'contradiction']"
86,2405.19171v3,274.303,14.0,79.0,"[177.603, 186.838, 208.513, 234.081, 234.528, 247.261, 250.691, 274.663, 186.838, 250.691, 208.513, 234.528, 274.663, 247.261]","[0.461, 0.43, 0.359, 0.275, 0.274, 0.232, 0.221, 0.142, 0.43, 0.221, 0.359, 0.274, 0.142, 0.232]","[0.275, 0.255, 0.252, 0.229, 0.219, 0.215, 0.184, 0.171, 0.255, 0.184, 0.252, 0.219, 0.171, 0.215]","['entailment', 'entailment', 'neutral', 'neutral', 'neutral', 'contradiction', 'neutral', 'neutral', 'entailment', 'neutral', 'neutral', 'neutral', 'neutral', 'contradiction']"
87,2403.05373v2,182.213,45.0,32.0,"[157.355, 157.355, 193.328, 200.655]","[0.527, 0.527, 0.409, 0.385]","[0.278, 0.278, 0.162, 0.07]","['neutral', 'neutral', 'neutral', 'neutral']"
88,2412.14369v2,209.619,36.0,51.0,"[164.837, 167.439, 176.586, 181.551, 185.697, 190.117, 193.922, 203.82, 206.322, 208.763, 217.166, 222.096, 164.837, 176.586, 222.096, 181.551]","[0.503, 0.494, 0.464, 0.448, 0.434, 0.42, 0.407, 0.375, 0.366, 0.358, 0.331, 0.315, 0.503, 0.464, 0.315, 0.448]","[0.178, 0.172, 0.153, 0.141, 0.135, 0.133, 0.128, 0.11, 0.054, 0.04, 0.038, 0.017, 0.178, 0.153, 0.017, 0.141]","['neutral', 'neutral', 'neutral', 'neutral', 'neutral', 'neutral', 'neutral', 'neutral', 'neutral', 'neutral', 'neutral', 'neutral', 'neutral', 'neutral', 'neutral', 'neutral']"
89,2410.01265v2,181.517,45.0,38.0,"[150.882, 161.237, 161.237, 191.785, 225.566]","[0.549, 0.515, 0.515, 0.414, 0.303]","[0.229, 0.201, 0.201, 0.104, 0.064]","['neutral', 'neutral', 'neutral', 'neutral', 'neutral']"
90,2406.15341v3,168.987,49.0,55.0,"[126.837, 134.299, 136.306, 140.955, 156.782, 170.268, 181.067, 186.286, 126.837, 134.299, 136.306, 140.955]","[0.628, 0.603, 0.596, 0.581, 0.529, 0.485, 0.449, 0.432, 0.628, 0.603, 0.596, 0.581]","[0.269, 0.258, 0.195, 0.136, 0.127, 0.121, 0.119, 0.117, 0.269, 0.258, 0.195, 0.136]","['neutral', 'neutral', 'neutral', 'neutral', 'contradiction', 'neutral', 'neutral', 'neutral', 'neutral', 'neutral', 'neutral', 'neutral']"
91,2404.00822v2,270.317,16.0,71.0,"[182.404, 208.805, 231.632, 232.11, 235.462, 238.593, 253.096, 267.973, 253.096, 267.973, 182.404, 232.11, 235.462, 238.593, 329.913, 332.368]","[0.445, 0.358, 0.283, 0.282, 0.271, 0.26, 0.213, 0.164, 0.213, 0.164, 0.445, 0.282, 0.271, 0.26, -0.04, -0.048]","[0.24, 0.171, 0.079, 0.071, 0.053, 0.044, 0.041, 0.029, 0.041, 0.029, 0.24, 0.071, 0.053, 0.044, 0.0, 0.0]","['contradiction', 'neutral', 'contradiction', 'neutral', 'neutral', 'neutral', 'neutral', 'neutral', 'neutral', 'neutral', 'contradiction', 'neutral', 'neutral', 'neutral', 'contradiction', 'neutral']"
92,2412.18449v2,338.26,0,92.0,"[271.459, 320.063, 326.48, 333.287, 320.063, 333.287, 326.48]","[0.152, -0.007, -0.028, -0.051, -0.007, -0.051, -0.028]","[0.053, 0.046, 0.032, 0.031, 0.046, 0.031, 0.032]","['neutral', 'neutral', 'neutral', 'neutral', 'neutral', 'neutral', 'neutral']"
93,2412.17712v2,242.41,25.0,64.0,"[168.112, 206.541, 223.146, 235.878, 241.193, 168.112, 223.146, 235.878, 331.095]","[0.492, 0.366, 0.311, 0.269, 0.252, 0.492, 0.311, 0.269, -0.044]","[0.205, 0.096, 0.079, 0.058, 0.045, 0.205, 0.079, 0.058, 0.0]","['neutral', 'neutral', 'contradiction', 'neutral', 'neutral', 'neutral', 'contradiction', 'neutral', 'neutral']"
94,2412.09374v3,196.244,40.0,57.0,"[143.197, 153.617, 200.623, 143.197, 274.344]","[0.574, 0.54, 0.385, 0.574, 0.143]","[0.604, 0.496, 0.168, 0.604, 0.085]","['neutral', 'neutral', 'neutral', 'neutral', 'neutral']"
95,2411.18086v2,147.529,56.0,30.0,"[83.356, 117.73, 138.622, 139.889, 150.396, 169.526, 139.889, 83.356, 181.412]","[0.77, 0.657, 0.589, 0.585, 0.55, 0.487, 0.585, 0.77, 0.448]","[0.719, 0.668, 0.573, 0.413, 0.276, 0.265, 0.413, 0.719, 0.12]","['neutral', 'neutral', 'neutral', 'neutral', 'neutral', 'neutral', 'neutral', 'neutral', 'neutral']"
96,2408.13427v2,151.899,55.0,37.0,"[113.256, 136.954, 170.716, 113.256]","[0.672, 0.594, 0.483, 0.672]","[0.321, 0.123, 0.101, 0.321]","['neutral', 'neutral', 'neutral', 'neutral']"
97,2408.11878v2,363.021,0,90.0,"[289.391, 328.659, 332.224, 342.462, 345.54, 348.523, 353.486, 356.959, 357.241, 360.262, 363.995, 345.54, 328.659, 356.959, 357.241, 332.224]","[0.093, -0.036, -0.047, -0.081, -0.091, -0.101, -0.117, -0.129, -0.13, -0.139, -0.152, -0.091, -0.036, -0.129, -0.13, -0.047]","[0.036, 0.034, 0.031, 0.029, 0.01, 0.01, 0.009, 0.009, 0.009, 0.009, 0.008, 0.01, 0.034, 0.009, 0.009, 0.031]","['neutral', 'neutral', 'neutral', 'neutral', 'contradiction', 'neutral', 'neutral', 'neutral', 'neutral', 'neutral', 'neutral', 'contradiction', 'neutral', 'neutral', 'neutral', 'neutral']"
98,2402.13385v2,246.221,24.0,58.0,"[171.612, 182.788, 201.112, 216.08, 229.965, 257.316, 229.965, 171.612, 182.788, 350.417, 0]","[0.48, 0.444, 0.384, 0.334, 0.289, 0.199, 0.289, 0.48, 0.444, -0.107, 0]","[0.21, 0.118, 0.095, 0.093, 0.082, 0.081, 0.082, 0.21, 0.118, 0.051, 0.042]","['neutral', 'neutral', 'contradiction', 'neutral', 'neutral', 'entailment', 'neutral', 'neutral', 'neutral', 'neutral', 'contradiction']"
99,2410.20982v2,230.73,29.0,61.0,"[188.374, 193.714, 207.104, 213.727, 217.358, 219.6, 227.933, 228.423, 228.965, 229.44, 232.662, 234.41, 228.423, 193.714, 228.965, 207.104, 232.662, 217.358, 219.6, 276.481]","[0.425, 0.408, 0.364, 0.342, 0.33, 0.323, 0.295, 0.294, 0.292, 0.29, 0.28, 0.274, 0.294, 0.408, 0.292, 0.364, 0.28, 0.33, 0.323, 0.136]","[0.103, 0.07, 0.063, 0.052, 0.045, 0.039, 0.037, 0.035, 0.03, 0.028, 0.012, 0.012, 0.035, 0.07, 0.03, 0.063, 0.012, 0.045, 0.039, 0.001]","['contradiction', 'neutral', 'neutral', 'neutral', 'neutral', 'neutral', 'neutral', 'neutral', 'contradiction', 'neutral', 'neutral', 'neutral', 'neutral', 'neutral', 'contradiction', 'neutral', 'neutral', 'neutral', 'neutral', 'contradiction']"
100,2410.00908v2,209.597,36.0,50.0,"[165.92, 171.13, 221.554, 222.105, 232.599, 165.92]","[0.499, 0.482, 0.316, 0.315, 0.28, 0.499]","[0.35, 0.198, 0.123, 0.1, 0.064, 0.35]","['neutral', 'neutral', 'neutral', 'neutral', 'neutral', 'neutral']"
101,2407.14265v2,182.91,44.0,38.0,"[76.684, 95.531, 173.168, 182.326, 191.882, 197.782, 201.387, 182.326, 201.387, 222.812, 245.513]","[0.792, 0.73, 0.475, 0.445, 0.414, 0.394, 0.383, 0.445, 0.383, 0.312, 0.238]","[0.401, 0.261, 0.09, 0.075, 0.053, 0.052, 0.049, 0.075, 0.049, 0.033, 0.024]","['neutral', 'neutral', 'neutral', 'neutral', 'contradiction', 'contradiction', 'neutral', 'neutral', 'neutral', 'neutral', 'neutral']"
102,2411.03676v2,187.631,43.0,49.0,"[65.071, 146.305, 166.378, 196.423, 215.983, 196.423, 215.983, 248.376]","[0.831, 0.564, 0.498, 0.399, 0.335, 0.399, 0.335, 0.228]","[0.634, 0.243, 0.235, 0.181, 0.168, 0.181, 0.168, 0.099]","['neutral', 'neutral', 'neutral', 'neutral', 'neutral', 'neutral', 'neutral', 'neutral']"
103,2411.03299v2,233.312,28.0,55.0,"[178.561, 180.994, 195.987, 204.006, 268.59, 302.36, 302.687, 0]","[0.458, 0.45, 0.4, 0.374, 0.162, 0.051, 0.05, 0]","[0.418, 0.165, 0.155, 0.146, 0.12, 0.109, 0.092, 0.08]","['neutral', 'neutral', 'neutral', 'neutral', 'neutral', 'neutral', 'neutral', 'neutral']"
104,2403.11030v3,281.845,12.0,84.0,"[174.443, 199.69, 226.236, 227.341, 231.318, 235.141, 245.498, 258.651, 174.443, 258.651, 199.69, 226.236, 231.318, 235.141, 245.498, 408.745, 443.922]","[0.471, 0.388, 0.301, 0.297, 0.284, 0.272, 0.238, 0.194, 0.471, 0.194, 0.388, 0.301, 0.284, 0.272, 0.238, -0.299, -0.414]","[0.396, 0.166, 0.166, 0.161, 0.147, 0.123, 0.123, 0.109, 0.396, 0.109, 0.166, 0.166, 0.147, 0.123, 0.123, 0.017, 0.0]","['neutral', 'contradiction', 'neutral', 'neutral', 'neutral', 'neutral', 'neutral', 'neutral', 'neutral', 'neutral', 'contradiction', 'neutral', 'neutral', 'neutral', 'neutral', 'neutral', 'neutral']"
105,2411.09216v2,251.452,22.0,59.0,"[185.551, 197.872, 185.551, 255.547, 257.104, 279.834, 328.985]","[0.435, 0.394, 0.435, 0.205, 0.2, 0.125, -0.037]","[0.202, 0.17, 0.202, 0.056, 0.049, 0.048, 0.0]","['contradiction', 'neutral', 'contradiction', 'neutral', 'neutral', 'neutral', 'neutral']"
106,2412.08927v2,169.825,49.0,32.0,"[131.005, 136.151, 162.928, 176.953, 131.005, 136.151, 162.928]","[0.614, 0.597, 0.509, 0.463, 0.614, 0.597, 0.509]","[0.286, 0.243, 0.189, 0.183, 0.286, 0.243, 0.189]","['neutral', 'neutral', 'neutral', 'neutral', 'neutral', 'neutral', 'neutral']"
107,2412.06031v2,250.587,22.0,73.0,"[162.62, 187.834, 219.333, 229.124, 244.643, 254.035, 267.387, 162.62, 187.834]","[0.51, 0.427, 0.324, 0.291, 0.24, 0.21, 0.166, 0.51, 0.427]","[0.155, 0.136, 0.088, 0.067, 0.036, 0.035, 0.025, 0.155, 0.136]","['neutral', 'contradiction', 'neutral', 'neutral', 'contradiction', 'neutral', 'neutral', 'neutral', 'contradiction']"
108,2401.06959v2,181.58,45.0,43.0,"[138.465, 140.698, 157.189, 168.314, 169.844, 177.028, 138.465, 140.698, 157.189, 168.314, 169.844, 205.823, 226.342]","[0.589, 0.582, 0.528, 0.491, 0.486, 0.463, 0.589, 0.582, 0.528, 0.491, 0.486, 0.368, 0.301]","[0.35, 0.27, 0.25, 0.245, 0.193, 0.189, 0.35, 0.27, 0.25, 0.245, 0.193, 0.001, 0.001]","['neutral', 'neutral', 'contradiction', 'neutral', 'neutral', 'neutral', 'neutral', 'neutral', 'contradiction', 'neutral', 'neutral', 'neutral', 'neutral']"
109,2404.11929v3,220.455,32.0,62.0,"[174.059, 191.473, 203.412, 229.5, 174.059, 191.473]","[0.472, 0.415, 0.376, 0.29, 0.472, 0.415]","[0.471, 0.266, 0.121, 0.065, 0.471, 0.266]","['neutral', 'neutral', 'neutral', 'neutral', 'neutral', 'neutral']"
110,2407.17674v2,407.43,0,98.0,"[361.427, 379.169, 388.933, 404.605, 408.07, 417.914, 361.427, 379.169, 388.933, 404.605]","[-0.143, -0.202, -0.234, -0.285, -0.297, -0.329, -0.143, -0.202, -0.234, -0.285]","[0.091, 0.076, 0.033, 0.0, 0.0, 0.0, 0.091, 0.076, 0.033, 0.0]","['neutral', 'neutral', 'neutral', 'neutral', 'neutral', 'neutral', 'neutral', 'neutral', 'neutral', 'neutral']"
111,2409.18681v6,227.766,30.0,57.0,"[129.709, 206.453, 215.475, 218.083, 225.082, 206.453, 225.082]","[0.618, 0.366, 0.336, 0.328, 0.305, 0.366, 0.305]","[0.754, 0.202, 0.128, 0.11, 0.091, 0.202, 0.091]","['neutral', 'neutral', 'neutral', 'neutral', 'neutral', 'neutral', 'neutral']"
112,2407.09711v4,257.766,20.0,74.0,"[150.597, 183.92, 207.799, 217.156, 227.998, 228.999, 233.655, 263.507, 233.655, 263.507, 183.92, 207.799, 217.156, 227.998, 0]","[0.549, 0.44, 0.362, 0.331, 0.295, 0.292, 0.277, 0.178, 0.277, 0.178, 0.44, 0.362, 0.331, 0.295, 0]","[0.196, 0.188, 0.14, 0.099, 0.074, 0.037, 0.028, 0.021, 0.028, 0.021, 0.188, 0.14, 0.099, 0.074, 0.002]","['neutral', 'contradiction', 'neutral', 'neutral', 'neutral', 'neutral', 'neutral', 'neutral', 'neutral', 'neutral', 'contradiction', 'neutral', 'neutral', 'neutral', 'contradiction']"
113,2405.13879v3,579.195,0,94.0,"[531.383, 569.309, 570.678, 572.573, 573.542, 578.351, 572.573, 573.542, 604.014, 606.399]","[-0.702, -0.826, -0.831, -0.837, -0.84, -0.856, -0.837, -0.84, -0.94, -0.948]","[0.04, 0.0, 0.0, 0.0, 0.0, 0.0, 0.0, 0.0, 0.0, 0.0]","['contradiction', 'neutral', 'neutral', 'neutral', 'contradiction', 'neutral', 'neutral', 'contradiction', 'neutral', 'neutral']"
114,2405.03910v2,309.804,3.0,83.0,"[205.318, 270.902, 273.171, 274.046, 299.295, 301.731, 301.811, 301.731, 270.902, 273.171, 274.046, 363.886, 404.657]","[0.37, 0.154, 0.147, 0.144, 0.061, 0.053, 0.053, 0.053, 0.154, 0.147, 0.144, -0.151, -0.285]","[0.525, 0.209, 0.106, 0.074, 0.066, 0.055, 0.053, 0.055, 0.209, 0.106, 0.074, 0.022, 0.022]","['contradiction', 'contradiction', 'neutral', 'contradiction', 'neutral', 'contradiction', 'contradiction', 'contradiction', 'contradiction', 'neutral', 'contradiction', 'neutral', 'neutral']"
115,2411.16245v2,256.879,20.0,80.0,"[177.861, 198.164, 198.597, 200.323, 209.373, 284.71, 177.861, 198.164, 198.597, 200.323, 209.373, 284.71]","[0.46, 0.393, 0.392, 0.386, 0.356, 0.109, 0.46, 0.393, 0.392, 0.386, 0.356, 0.109]","[0.584, 0.353, 0.321, 0.273, 0.241, 0.12, 0.584, 0.353, 0.321, 0.273, 0.241, 0.12]","['neutral', 'neutral', 'neutral', 'neutral', 'neutral', 'neutral', 'neutral', 'neutral', 'neutral', 'neutral', 'neutral', 'neutral']"
116,2408.07372v2,250.916,22.0,73.0,"[175.38, 177.151, 181.908, 214.89, 221.675, 175.38, 177.151, 181.908, 214.89, 221.675, 305.858, 307.047, 331.38]","[0.468, 0.462, 0.447, 0.338, 0.316, 0.468, 0.462, 0.447, 0.338, 0.316, 0.039, 0.035, -0.045]","[0.603, 0.472, 0.346, 0.219, 0.187, 0.603, 0.472, 0.346, 0.219, 0.187, 0.036, 0.0, 0.0]","['contradiction', 'neutral', 'neutral', 'neutral', 'neutral', 'contradiction', 'neutral', 'neutral', 'neutral', 'neutral', 'neutral', 'neutral', 'neutral']"
117,2410.14997v2,237.82,26.0,62.0,"[179.278, 185.42, 208.882, 218.687, 226.448, 231.949, 185.42, 231.949, 321.307]","[0.455, 0.435, 0.358, 0.326, 0.3, 0.282, 0.435, 0.282, -0.011]","[0.081, 0.062, 0.061, 0.055, 0.045, 0.04, 0.062, 0.04, 0.008]","['neutral', 'contradiction', 'neutral', 'neutral', 'neutral', 'neutral', 'contradiction', 'neutral', 'neutral']"
118,2410.20812v3,325.093,0,86.0,"[232.179, 269.583, 289.724, 296.291, 322.527, 323.042, 325.828, 333.062, 323.042, 232.179, 269.583, 289.724, 325.828, 399.707]","[0.281, 0.159, 0.092, 0.071, -0.015, -0.017, -0.026, -0.05, -0.017, 0.281, 0.159, 0.092, -0.026, -0.269]","[0.419, 0.084, 0.067, 0.044, 0.035, 0.029, 0.024, 0.017, 0.029, 0.419, 0.084, 0.067, 0.024, 0.0]","['neutral', 'neutral', 'neutral', 'neutral', 'neutral', 'neutral', 'neutral', 'neutral', 'neutral', 'neutral', 'neutral', 'neutral', 'neutral', 'neutral']"
119,2405.20936v5,250.657,22.0,62.0,"[191.066, 204.187, 209.2, 240.742, 209.2, 191.066, 259.23, 302.35, 338.699]","[0.417, 0.373, 0.357, 0.253, 0.357, 0.417, 0.193, 0.051, -0.069]","[0.225, 0.106, 0.091, 0.056, 0.091, 0.225, 0.023, 0.021, 0.014]","['neutral', 'neutral', 'neutral', 'neutral', 'neutral', 'neutral', 'neutral', 'neutral', 'contradiction']"
120,2410.05459v2,317.147,0.0,84.0,"[293.714, 295.076, 295.076, 304.408, 312.641, 342.254, 371.276]","[0.079, 0.075, 0.075, 0.044, 0.017, -0.08, -0.176]","[0.152, 0.035, 0.035, 0.026, 0.024, 0.018, 0.018]","['neutral', 'neutral', 'neutral', 'entailment', 'neutral', 'neutral', 'contradiction']"
121,2412.08070v2,150.523,55.0,37.0,"[108.831, 112.159, 115.317, 140.637, 140.887, 143.796, 143.796, 112.159, 224.777]","[0.687, 0.676, 0.665, 0.582, 0.581, 0.572, 0.572, 0.676, 0.306]","[0.423, 0.387, 0.285, 0.285, 0.284, 0.235, 0.235, 0.387, 0.116]","['neutral', 'neutral', 'neutral', 'neutral', 'neutral', 'neutral', 'neutral', 'neutral', 'neutral']"
122,2401.05657v5,151.097,55.0,32.0,"[117.104, 150.387, 185.801]","[0.66, 0.55, 0.434]","[0.126, 0.115, 0.101]","['neutral', 'neutral', 'neutral']"
123,2412.10128v2,191.648,41.0,48.0,"[117.855, 149.057, 181.179, 194.073, 195.787, 194.073, 149.057]","[0.657, 0.555, 0.449, 0.407, 0.401, 0.407, 0.555]","[0.515, 0.222, 0.195, 0.167, 0.112, 0.167, 0.222]","['neutral', 'neutral', 'neutral', 'neutral', 'neutral', 'neutral', 'neutral']"
124,2409.09862v3,196.694,40.0,48.0,"[113.695, 116.412, 163.823, 178.973, 184.569, 178.973, 113.695, 116.412, 244.533, 255.41, 275.129]","[0.671, 0.662, 0.506, 0.456, 0.438, 0.456, 0.671, 0.662, 0.241, 0.205, 0.14]","[0.389, 0.316, 0.302, 0.229, 0.124, 0.229, 0.389, 0.316, 0.089, 0.051, 0.034]","['neutral', 'neutral', 'neutral', 'neutral', 'neutral', 'neutral', 'neutral', 'neutral', 'neutral', 'neutral', 'neutral']"
125,2411.08909v3,275.265,14.0,88.0,"[151.283, 253.177, 264.364, 278.005, 151.283, 253.177, 264.364, 278.005, 339.959]","[0.547, 0.212, 0.176, 0.131, 0.547, 0.212, 0.176, 0.131, -0.073]","[0.927, 0.195, 0.137, 0.075, 0.927, 0.195, 0.137, 0.075, 0.0]","['neutral', 'neutral', 'neutral', 'neutral', 'neutral', 'neutral', 'neutral', 'neutral', 'neutral']"
126,2410.20812v3,263.897,18.0,68.0,"[208.012, 251.458, 253.406, 260.303, 264.978, 251.458, 260.303, 208.012, 303.222]","[0.361, 0.218, 0.212, 0.189, 0.174, 0.218, 0.189, 0.361, 0.048]","[0.241, 0.227, 0.11, 0.082, 0.062, 0.227, 0.082, 0.241, 0.007]","['contradiction', 'neutral', 'neutral', 'neutral', 'neutral', 'neutral', 'neutral', 'contradiction', 'neutral']"
127,2408.04307v3,344.697,0,82.0,"[218.514, 328.897, 330.61, 341.292, 344.904, 346.381, 367.37, 344.904, 218.514]","[0.326, -0.036, -0.042, -0.077, -0.089, -0.094, -0.163, -0.089, 0.326]","[0.155, 0.135, 0.086, 0.083, 0.047, 0.01, 0.002, 0.047, 0.155]","['neutral', 'neutral', 'neutral', 'neutral', 'neutral', 'neutral', 'neutral', 'neutral', 'neutral']"
128,2412.15929v3,259.925,19.0,77.0,"[163.342, 180.406, 220.417, 224.669, 224.669, 180.406, 220.417, 305.473, 306.843, 313.949, 331.123]","[0.508, 0.452, 0.32, 0.306, 0.306, 0.452, 0.32, 0.041, 0.036, 0.013, -0.044]","[0.464, 0.355, 0.255, 0.144, 0.144, 0.355, 0.255, 0.066, 0.026, 0.02, 0.019]","['neutral', 'neutral', 'neutral', 'neutral', 'neutral', 'neutral', 'neutral', 'neutral', 'neutral', 'neutral', 'neutral']"
129,2410.23473v2,173.617,47.0,49.0,"[85.184, 94.898, 111.01, 112.238, 119.454, 134.449, 155.232, 156.153, 163.674, 164.697, 171.691, 172.449, 197.94, 208.664, 156.153, 164.697, 197.94, 112.238]","[0.764, 0.733, 0.68, 0.676, 0.652, 0.603, 0.534, 0.531, 0.507, 0.503, 0.48, 0.478, 0.394, 0.359, 0.531, 0.503, 0.394, 0.676]","[0.657, 0.523, 0.361, 0.339, 0.279, 0.262, 0.256, 0.246, 0.173, 0.173, 0.105, 0.103, 0.098, 0.078, 0.246, 0.173, 0.098, 0.339]","['entailment', 'neutral', 'neutral', 'contradiction', 'contradiction', 'neutral', 'contradiction', 'neutral', 'entailment', 'neutral', 'neutral', 'neutral', 'neutral', 'contradiction', 'neutral', 'neutral', 'neutral', 'contradiction']"
130,2501.00398v2,215.571,34.0,52.0,"[173.696, 177.685, 181.125, 183.621, 201.346, 208.598, 213.953, 220.692, 222.948, 220.692, 173.696, 177.685, 183.621]","[0.474, 0.46, 0.449, 0.441, 0.383, 0.359, 0.341, 0.319, 0.312, 0.319, 0.474, 0.46, 0.441]","[0.232, 0.207, 0.175, 0.15, 0.142, 0.117, 0.087, 0.085, 0.081, 0.085, 0.232, 0.207, 0.15]","['neutral', 'neutral', 'entailment', 'entailment', 'neutral', 'contradiction', 'neutral', 'neutral', 'neutral', 'neutral', 'neutral', 'neutral', 'entailment']"
131,2403.05821v2,235.836,27.0,57.0,"[111.718, 234.082, 234.698, 111.718, 234.082, 293.349]","[0.677, 0.275, 0.273, 0.677, 0.275, 0.08]","[0.675, 0.177, 0.164, 0.675, 0.177, 0.0]","['neutral', 'neutral', 'neutral', 'neutral', 'neutral', 'neutral']"
132,2412.15239v2,175.749,47.0,42.0,"[126.018, 141.485, 143.642, 145.399, 145.469, 147.693, 152.539, 145.399, 145.469, 141.485, 237.061, 255.497, 267.124]","[0.63, 0.579, 0.572, 0.567, 0.566, 0.559, 0.543, 0.567, 0.566, 0.579, 0.265, 0.205, 0.167]","[0.323, 0.262, 0.204, 0.203, 0.163, 0.138, 0.103, 0.203, 0.163, 0.262, 0.074, 0.068, 0.064]","['entailment', 'neutral', 'neutral', 'neutral', 'neutral', 'neutral', 'neutral', 'neutral', 'neutral', 'neutral', 'neutral', 'neutral', 'neutral']"
133,2407.03285v2,186.17,43.0,49.0,"[141.457, 185.853, 185.853, 219.306]","[0.58, 0.434, 0.434, 0.324]","[0.259, 0.123, 0.123, 0.077]","['neutral', 'neutral', 'neutral', 'neutral']"
134,2404.18137v2,206.242,37.0,55.0,"[114.554, 114.554, 156.611, 163.352, 177.591, 225.734, 246.138, 253.354, 290.235, 309.835]","[0.668, 0.668, 0.53, 0.508, 0.461, 0.303, 0.236, 0.212, 0.091, 0.026]","[0.64, 0.64, 0.33, 0.329, 0.307, 0.179, 0.158, 0.097, 0.049, 0.039]","['neutral', 'neutral', 'neutral', 'neutral', 'neutral', 'neutral', 'neutral', 'neutral', 'neutral', 'neutral']"
135,2412.05495v6,225.984,30.0,61.0,"[184.482, 187.504, 215.097, 222.51, 184.482, 222.51, 266.988]","[0.438, 0.428, 0.338, 0.313, 0.438, 0.313, 0.167]","[0.042, 0.038, 0.007, 0.007, 0.042, 0.007, 0.004]","['neutral', 'neutral', 'neutral', 'neutral', 'neutral', 'neutral', 'neutral']"
136,2411.17395v2,234.139,27.0,68.0,"[162.595, 192.837, 202.246, 205.838, 208.131, 215.394, 216.156, 216.462, 219.475, 220.031, 237.159, 238.758, 162.595, 192.837, 238.758, 205.838, 208.131, 215.394, 216.156, 216.462, 219.475]","[0.51, 0.411, 0.38, 0.368, 0.36, 0.337, 0.334, 0.333, 0.323, 0.321, 0.265, 0.26, 0.51, 0.411, 0.26, 0.368, 0.36, 0.337, 0.334, 0.333, 0.323]","[0.283, 0.243, 0.224, 0.197, 0.191, 0.18, 0.128, 0.126, 0.097, 0.097, 0.091, 0.089, 0.283, 0.243, 0.089, 0.197, 0.191, 0.18, 0.128, 0.126, 0.097]","['neutral', 'neutral', 'neutral', 'neutral', 'neutral', 'neutral', 'neutral', 'neutral', 'neutral', 'neutral', 'neutral', 'neutral', 'neutral', 'neutral', 'neutral', 'neutral', 'neutral', 'neutral', 'neutral', 'neutral', 'neutral']"
137,2412.15448v2,487.603,0,88.0,"[405.679, 433.893, 451.458, 457.551, 457.551, 433.893, 484.163, 515.186, 523.838, 537.658, 552.634, 559.157, 0]","[-0.289, -0.381, -0.439, -0.459, -0.459, -0.381, -0.547, -0.648, -0.677, -0.722, -0.772, -0.793, 0]","[0.045, 0.035, 0.004, 0.003, 0.003, 0.035, 0.003, 0.003, 0.002, 0.002, 0.002, 0.002, 0.0]","['neutral', 'neutral', 'neutral', 'neutral', 'neutral', 'neutral', 'neutral', 'neutral', 'neutral', 'neutral', 'neutral', 'neutral', 'neutral']"
138,2411.03299v2,131.254,61.0,26.0,"[98.301, 100.383, 124.933, 129.082, 138.878, 100.383]","[0.721, 0.714, 0.634, 0.62, 0.588, 0.714]","[0.293, 0.271, 0.256, 0.128, 0.104, 0.271]","['neutral', 'neutral', 'neutral', 'neutral', 'neutral', 'neutral']"
139,2403.06613v3,174.457,47.0,40.0,"[91.359, 136.942, 154.281, 155.248, 188.16, 196.612, 91.359, 136.942, 154.281]","[0.744, 0.594, 0.537, 0.534, 0.426, 0.398, 0.744, 0.594, 0.537]","[0.725, 0.372, 0.306, 0.273, 0.258, 0.246, 0.725, 0.372, 0.306]","['neutral', 'neutral', 'neutral', 'neutral', 'neutral', 'neutral', 'neutral', 'neutral', 'neutral']"
140,2406.10343v4,180.223,45.0,45.0,"[95.165, 152.907, 181.962, 201.16, 209.531, 201.16, 95.165]","[0.732, 0.542, 0.446, 0.383, 0.356, 0.383, 0.732]","[0.31, 0.251, 0.251, 0.208, 0.168, 0.208, 0.31]","['neutral', 'neutral', 'neutral', 'neutral', 'neutral', 'neutral', 'neutral']"
141,2408.16004v3,231.258,28.0,62.0,"[203.288, 211.147, 203.288]","[0.376, 0.351, 0.376]","[0.054, 0.051, 0.054]","['neutral', 'neutral', 'neutral']"
142,2404.19707v4,220.855,32.0,59.0,"[165.613, 171.767, 181.284, 181.359, 198.093, 210.285, 217.761, 227.851, 232.449, 198.093, 171.767, 227.851]","[0.5, 0.48, 0.449, 0.448, 0.393, 0.353, 0.329, 0.296, 0.281, 0.393, 0.48, 0.296]","[0.168, 0.114, 0.105, 0.092, 0.092, 0.062, 0.062, 0.059, 0.037, 0.092, 0.114, 0.059]","['contradiction', 'contradiction', 'neutral', 'neutral', 'neutral', 'neutral', 'neutral', 'neutral', 'neutral', 'neutral', 'contradiction', 'neutral']"
143,2408.17188v2,217.724,33.0,55.0,"[120.542, 140.392, 166.383, 177.24, 187.311, 208.92, 166.383, 177.24, 187.311, 311.145, 326.848]","[0.648, 0.583, 0.498, 0.462, 0.429, 0.358, 0.498, 0.462, 0.429, 0.022, -0.03]","[0.534, 0.424, 0.396, 0.335, 0.216, 0.212, 0.396, 0.335, 0.216, 0.086, 0.01]","['neutral', 'neutral', 'neutral', 'neutral', 'neutral', 'neutral', 'neutral', 'neutral', 'neutral', 'neutral', 'neutral']"
144,2409.02293v3,167.962,49.0,37.0,"[130.827, 133.501, 148.206, 165.327, 180.157, 180.157]","[0.614, 0.606, 0.557, 0.501, 0.452, 0.452]","[0.171, 0.134, 0.075, 0.049, 0.049, 0.049]","['neutral', 'neutral', 'neutral', 'neutral', 'neutral', 'neutral']"
145,2412.07587v6,226.931,30.0,57.0,"[163.476, 168.787, 173.386, 190.891, 200.207, 190.891, 168.787, 349.472]","[0.507, 0.49, 0.475, 0.417, 0.386, 0.417, 0.49, -0.104]","[0.51, 0.343, 0.141, 0.074, 0.068, 0.074, 0.343, 0.013]","['neutral', 'neutral', 'neutral', 'neutral', 'neutral', 'neutral', 'neutral', 'neutral']"
146,2411.02770v3,217.427,33.0,57.0,"[161.9, 168.035, 197.082, 198.0, 212.067, 216.49, 217.862, 198.0, 168.035, 217.862, 277.527]","[0.512, 0.492, 0.397, 0.394, 0.348, 0.333, 0.328, 0.394, 0.492, 0.328, 0.132]","[0.186, 0.171, 0.138, 0.125, 0.088, 0.084, 0.057, 0.125, 0.171, 0.057, 0.03]","['entailment', 'neutral', 'neutral', 'entailment', 'neutral', 'neutral', 'neutral', 'entailment', 'neutral', 'neutral', 'neutral']"
147,2409.18681v6,181.392,45.0,44.0,"[135.631, 167.984, 168.652, 179.403, 179.844, 182.645, 196.603, 196.692, 199.44, 135.631, 0]","[0.599, 0.492, 0.49, 0.455, 0.453, 0.444, 0.398, 0.398, 0.389, 0.599, 0]","[0.058, 0.046, 0.036, 0.036, 0.023, 0.02, 0.02, 0.016, 0.003, 0.058, 0.003]","['neutral', 'neutral', 'neutral', 'neutral', 'neutral', 'neutral', 'neutral', 'neutral', 'neutral', 'neutral', 'neutral']"
148,2410.12036v2,244.948,24.0,67.0,"[172.713, 186.392, 201.471, 230.472, 245.561, 245.561, 186.392]","[0.477, 0.432, 0.382, 0.287, 0.237, 0.237, 0.432]","[0.56, 0.101, 0.093, 0.066, 0.02, 0.02, 0.101]","['neutral', 'neutral', 'neutral', 'neutral', 'neutral', 'neutral', 'neutral']"
149,2408.13427v2,111.96,68.0,21.0,"[111.96]","[0.676]","[0.128]","['neutral']"
150,2407.14986v2,210.831,35.0,55.0,"[180.778, 204.701, 207.041, 209.848, 222.821, 239.799]","[0.45, 0.372, 0.364, 0.355, 0.312, 0.256]","[0.137, 0.12, 0.075, 0.069, 0.048, 0.034]","['neutral', 'entailment', 'neutral', 'neutral', 'neutral', 'neutral']"
151,2411.09216v2,230.319,29.0,53.0,"[141.875, 172.865, 189.168, 220.003, 228.938, 220.003, 228.938, 172.865, 267.07, 279.794, 300.183]","[0.578, 0.476, 0.423, 0.321, 0.292, 0.321, 0.292, 0.476, 0.167, 0.125, 0.058]","[0.415, 0.2, 0.156, 0.146, 0.119, 0.146, 0.119, 0.2, 0.032, 0.021, 0.011]","['contradiction', 'neutral', 'neutral', 'neutral', 'neutral', 'neutral', 'neutral', 'neutral', 'contradiction', 'neutral', 'neutral']"
152,2412.20317v3,321.106,0,91.0,"[218.317, 218.317, 450.586]","[0.327, 0.327, -0.436]","[0.074, 0.074, 0.0]","['neutral', 'neutral', 'neutral']"
153,2412.15322v2,240.037,26.0,64.0,"[199.634, 201.521, 214.037, 225.556, 227.086, 227.098, 227.098, 201.521, 214.037, 225.556, 261.296, 270.256, 312.308]","[0.388, 0.382, 0.341, 0.303, 0.298, 0.298, 0.298, 0.382, 0.341, 0.303, 0.186, 0.156, 0.018]","[0.211, 0.085, 0.075, 0.074, 0.061, 0.059, 0.059, 0.085, 0.075, 0.074, 0.01, 0.01, 0.004]","['entailment', 'neutral', 'contradiction', 'neutral', 'contradiction', 'neutral', 'neutral', 'neutral', 'contradiction', 'neutral', 'neutral', 'neutral', 'contradiction']"
154,2408.17188v2,243.127,25.0,62.0,"[206.883, 236.774, 240.58, 246.706, 263.411, 263.411]","[0.365, 0.266, 0.254, 0.234, 0.179, 0.179]","[0.121, 0.109, 0.099, 0.048, 0.047, 0.047]","['neutral', 'neutral', 'neutral', 'neutral', 'neutral', 'neutral']"
155,2406.04928v3,197.092,40.0,54.0,"[110.391, 138.673, 185.611, 187.975, 188.271, 138.673, 185.611, 187.975, 188.271, 226.147, 323.892]","[0.682, 0.589, 0.434, 0.427, 0.426, 0.589, 0.434, 0.427, 0.426, 0.301, -0.02]","[0.743, 0.286, 0.272, 0.128, 0.128, 0.286, 0.272, 0.128, 0.128, 0.062, 0.053]","['neutral', 'neutral', 'neutral', 'neutral', 'neutral', 'neutral', 'neutral', 'neutral', 'neutral', 'neutral', 'neutral']"
156,2410.09555v2,162.04,51.0,42.0,"[97.351, 126.802, 156.002, 164.824, 171.867, 184.533, 171.867, 184.533]","[0.724, 0.628, 0.532, 0.503, 0.48, 0.438, 0.48, 0.438]","[0.196, 0.158, 0.142, 0.131, 0.076, 0.067, 0.076, 0.067]","['neutral', 'neutral', 'neutral', 'neutral', 'neutral', 'neutral', 'neutral', 'neutral']"
157,2408.06427v2,288.177,10.0,75.0,"[185.935, 229.734, 277.448, 278.428, 283.005, 299.221, 283.005, 229.734, 277.448, 326.901, 328.575, 339.618]","[0.433, 0.289, 0.133, 0.129, 0.114, 0.061, 0.114, 0.289, 0.133, -0.03, -0.035, -0.072]","[0.281, 0.16, 0.119, 0.117, 0.106, 0.085, 0.106, 0.16, 0.119, 0.069, 0.066, 0.008]","['neutral', 'contradiction', 'neutral', 'neutral', 'neutral', 'neutral', 'neutral', 'contradiction', 'neutral', 'neutral', 'neutral', 'neutral']"
158,2404.18869v2,279.327,13.0,77.0,"[175.687, 242.747, 273.442, 278.372, 175.687, 242.747, 273.442, 278.372, 300.672, 313.758, 318.369]","[0.467, 0.247, 0.146, 0.13, 0.467, 0.247, 0.146, 0.13, 0.056, 0.013, -0.002]","[0.25, 0.12, 0.079, 0.064, 0.25, 0.12, 0.079, 0.064, 0.039, 0.039, 0.035]","['neutral', 'neutral', 'neutral', 'contradiction', 'neutral', 'neutral', 'neutral', 'contradiction', 'neutral', 'neutral', 'neutral']"
159,2408.13427v2,243.708,24.0,65.0,"[151.701, 199.159, 243.873, 243.873, 257.588, 269.042, 336.366]","[0.546, 0.39, 0.243, 0.243, 0.198, 0.16, -0.061]","[0.205, 0.186, 0.081, 0.081, 0.033, 0.026, 0.0]","['neutral', 'neutral', 'neutral', 'neutral', 'contradiction', 'contradiction', 'neutral']"
160,2412.03227v2,217.509,33.0,59.0,"[141.546, 154.058, 179.529, 190.547, 195.012, 204.425, 211.108, 204.425, 211.108, 282.01, 325.946]","[0.579, 0.538, 0.454, 0.418, 0.404, 0.373, 0.351, 0.373, 0.351, 0.118, -0.027]","[0.26, 0.132, 0.129, 0.103, 0.08, 0.08, 0.069, 0.08, 0.069, 0.021, 0.021]","['contradiction', 'neutral', 'neutral', 'contradiction', 'contradiction', 'contradiction', 'neutral', 'contradiction', 'neutral', 'neutral', 'neutral']"
161,2405.03910v2,166.437,50.0,30.0,"[126.816, 137.794, 156.42, 158.136, 169.619, 170.456, 158.136, 169.619, 198.751]","[0.628, 0.592, 0.53, 0.525, 0.487, 0.484, 0.525, 0.487, 0.391]","[0.28, 0.258, 0.229, 0.227, 0.204, 0.159, 0.227, 0.204, 0.105]","['neutral', 'neutral', 'neutral', 'neutral', 'neutral', 'neutral', 'neutral', 'neutral', 'neutral']"
162,2409.06948v2,233.958,28.0,69.0,"[171.413, 180.416, 181.69, 188.093, 211.028, 216.448, 226.86, 171.413, 180.416, 181.69, 188.093, 211.028, 216.448, 226.86, 257.28, 269.7, 282.092, 323.316]","[0.481, 0.452, 0.447, 0.426, 0.351, 0.333, 0.299, 0.481, 0.452, 0.447, 0.426, 0.351, 0.333, 0.299, 0.199, 0.158, 0.117, -0.018]","[0.475, 0.425, 0.369, 0.364, 0.312, 0.311, 0.31, 0.475, 0.425, 0.369, 0.364, 0.312, 0.311, 0.31, 0.209, 0.203, 0.176, 0.0]","['neutral', 'neutral', 'neutral', 'neutral', 'neutral', 'neutral', 'neutral', 'neutral', 'neutral', 'neutral', 'neutral', 'neutral', 'neutral', 'neutral', 'neutral', 'neutral', 'neutral', 'neutral']"
163,2410.00908v2,217.596,33.0,57.0,"[154.279, 158.896, 171.135, 173.981, 195.074, 195.332, 201.367, 225.042, 195.332, 171.135, 225.042, 365.079]","[0.537, 0.522, 0.482, 0.473, 0.403, 0.403, 0.383, 0.305, 0.403, 0.482, 0.305, -0.155]","[0.172, 0.172, 0.149, 0.118, 0.111, 0.109, 0.104, 0.101, 0.109, 0.149, 0.101, 0.021]","['entailment', 'entailment', 'neutral', 'neutral', 'neutral', 'contradiction', 'neutral', 'neutral', 'contradiction', 'neutral', 'neutral', 'neutral']"
164,2403.11010v3,149.063,55.0,29.0,"[83.63, 100.273, 118.988, 132.77, 132.885, 139.383, 143.004, 157.97, 83.63, 100.273, 143.004, 157.97]","[0.77, 0.715, 0.653, 0.608, 0.608, 0.586, 0.574, 0.525, 0.77, 0.715, 0.574, 0.525]","[0.474, 0.33, 0.241, 0.216, 0.205, 0.204, 0.19, 0.159, 0.474, 0.33, 0.19, 0.159]","['neutral', 'neutral', 'neutral', 'neutral', 'neutral', 'neutral', 'neutral', 'neutral', 'neutral', 'neutral', 'neutral', 'neutral']"
165,2412.14918v3,139.943,58.0,28.0,"[119.903, 146.729, 153.196]","[0.65, 0.562, 0.541]","[0.358, 0.269, 0.124]","['neutral', 'neutral', 'neutral']"
166,2412.03848v3,241.108,25.0,67.0,"[194.63, 196.528, 205.154, 213.063, 215.198, 230.231, 233.624, 194.63, 196.528, 205.154, 213.063, 215.198, 230.231, 233.624, 267.12, 285.402]","[0.405, 0.399, 0.37, 0.344, 0.337, 0.288, 0.277, 0.405, 0.399, 0.37, 0.344, 0.337, 0.288, 0.277, 0.167, 0.107]","[0.184, 0.182, 0.139, 0.116, 0.111, 0.105, 0.099, 0.184, 0.182, 0.139, 0.116, 0.111, 0.105, 0.099, 0.001, 0.001]","['contradiction', 'neutral', 'neutral', 'neutral', 'neutral', 'neutral', 'neutral', 'contradiction', 'neutral', 'neutral', 'neutral', 'neutral', 'neutral', 'neutral', 'neutral', 'neutral']"
167,2401.07317v2,358.757,0,89.0,"[287.075, 299.784, 331.377, 331.739, 332.516, 335.54, 337.683, 350.291, 355.338, 358.409, 287.075, 299.784, 331.377, 332.516, 358.409, 335.54, 337.683, 350.291, 355.338]","[0.101, 0.059, -0.045, -0.046, -0.048, -0.058, -0.065, -0.107, -0.123, -0.133, 0.101, 0.059, -0.045, -0.048, -0.133, -0.058, -0.065, -0.107, -0.123]","[0.0, 0.0, 0.0, 0.0, 0.0, 0.0, 0.0, 0.0, 0.0, 0.0, 0.0, 0.0, 0.0, 0.0, 0.0, 0.0, 0.0, 0.0, 0.0]","['contradiction', 'entailment', 'neutral', 'neutral', 'neutral', 'entailment', 'neutral', 'neutral', 'neutral', 'neutral', 'contradiction', 'entailment', 'neutral', 'neutral', 'neutral', 'entailment', 'neutral', 'neutral', 'neutral']"
168,2409.06948v2,252.03,22.0,70.0,"[167.853, 192.482, 238.229, 238.229, 167.853, 192.482, 255.632, 261.222, 273.207, 311.555, 330.569]","[0.493, 0.412, 0.262, 0.262, 0.493, 0.412, 0.204, 0.186, 0.147, 0.021, -0.042]","[0.353, 0.29, 0.151, 0.151, 0.353, 0.29, 0.083, 0.063, 0.044, 0.027, 0.024]","['contradiction', 'neutral', 'neutral', 'neutral', 'contradiction', 'neutral', 'neutral', 'neutral', 'neutral', 'neutral', 'neutral']"
169,2407.00037v2,156.416,53.0,37.0,"[139.175, 173.658]","[0.587, 0.474]","[0.171, 0.091]","['neutral', 'neutral']"
170,2410.20476v2,288.106,10.0,88.0,"[253.716, 254.874, 273.624, 275.013, 275.398, 278.04, 281.421, 282.746, 283.676, 293.408, 294.828, 295.708, 254.874, 293.408, 273.624, 275.013, 275.398, 281.421]","[0.211, 0.207, 0.145, 0.141, 0.139, 0.131, 0.12, 0.115, 0.112, 0.08, 0.076, 0.073, 0.207, 0.08, 0.145, 0.141, 0.139, 0.12]","[0.07, 0.064, 0.057, 0.05, 0.049, 0.044, 0.04, 0.039, 0.037, 0.034, 0.033, 0.033, 0.064, 0.034, 0.057, 0.05, 0.049, 0.04]","['neutral', 'neutral', 'neutral', 'neutral', 'contradiction', 'contradiction', 'neutral', 'neutral', 'contradiction', 'entailment', 'neutral', 'neutral', 'neutral', 'entailment', 'neutral', 'neutral', 'contradiction', 'neutral']"
