qid,domain,question_key,question,for_testing
1,Pediatric populations,Peds_GeneralData,"Does the policy document include any general mention of pediatric populations, and does it describe any pediatric_related data such as the number of children with cancer, most common diagnoses, survival rates, causes of treatment failure, or whether the data come from national or international sources? Start your answer with 'Yes' and provide a short summary. If not, answer 'No.' Additional keywords related to pediatrics: child*, adol*, pedia*, paed*, youth, young*, teen*, infan*, minor*, school*.",no
2,Pediatric populations,Peds_NCDs,"Does the policy mention pediatric populations in the context of noncommunicable diseases, and does it describe any related issues affecting children or adolescents? Start your answer with 'Yes' and provide a short summary. If not, answer 'No.' Additional keywords related to noncommunicable disease and issues affecting children or adolescents: 'non-communicable disease*', NCD, 'health* behav*, dieta*, 'risk* factor*', 'health promot*', 'physical *activ*', overweight, exercise*, sedentary, eating, alcohol*, obesity. ",no
3,Pediatric populations,Peds_Prevention,"Does the policy mention pediatric or adolescent populations as a target group for interventions to prevent cancers in adulthood related to virus, immuni*, vaccin*, papillomavirus, HPV, HBV, hepatitis, infection*, sun protect*, sunscreen, sun exposure, tanning, UV rays, UV radiation, ultraviolet, tobacco, cigar*, e-cig*, smok*, vaping, substance* use? Start your answer with 'Yes' and provide a short summary. If not, answer 'No.'",no
4,Pediatric populations,Peds_CancerTypes,"Does the policy mention childhood cancer types such as wilm*, retinoblastoma, glioma*, neuroblast*, embryonal tumors, Burkitt lymphoma, lymphoma, leukemia, *sarcoma, rhabdo*, bone tumors, Ewing, brain tumors, ALL, spinal cord tumors, or medulloblastoma? Check whether anything specific to age, range, years, or mentions of infant, school, or minor is included to validate that the cancer is primarily pediatric. Start your answer with 'Yes' and provide a short summary. If not, answer 'No.'",no
5,Pediatric populations,Adol_CancerTypes,"Does the policy mention cancers common in teenagers such as lymphoma, leukemia, ALL, thyroid cancer, *sarcoma, bone tumors, Ewing, Hodgkin lymphoma, testic*, ovar*, brain tumors, spinal cord tumors, or germ_cell tumors? Check whether anything specific to age, range, years, or mentions of teen, youth, school, college, or university is included to validate that the cancer is primarily in adolescents. Start your answer with 'Yes' and provide a short summary. If not, answer 'No.'",no
6,Pediatric populations,Peds_GeneralData,"Does the policy document include any general mention of pediatric populations, and does it describe any pediatric_related data such as the number of children with cancer, most common diagnoses, survival rates, causes of treatment failure, or whether the data come from national or international sources? Start your answer with 'Yes' and provide a short summary. If not, answer 'No.'",yes
7,Pediatric populations,Peds_NCDs,"Does the policy mention pediatric or adolescent populations as a target group for interventions to prevent cancers in adulthood related to sun exposure, vaccination, tobacco, or substance use? Start your answer with 'Yes' and provide a short summary. If not, answer 'No.'",yes
8,Pediatric populations,Peds_Prevention,"Does the policy mention pediatric or adolescent populations as a target group for interventions to prevent cancers in adulthood related to sun exposure, vaccination, tobacco, or substance use? Start your answer with “Yes” and provide a short summary. If not, answer “No.”",yes
9,Pediatric populations,Peds_CancerTypes,"Does the policy mention childhood cancer types? Check whether anything specific to age, range, years, or mentions of infant, school, or minor is included to validate that the cancer is primarily pediatric. Start your answer with 'Yes' and provide a short summary. If not, answer 'No.'",yes
10,Pediatric populations,Adol_CancerTypes," Does the policy mention cancers common in teenagers? Check whether anything specific to age, range, years, or mentions of teen, youth, school, college, or university is included to validate that the cancer is primarily in adolescents. Start your answer with 'Yes' and provide a short summary. If not, answer 'No.'",yes
11,Cancer program,CancerProgram_Fund,"Does the policy describe the existence of a national cancer program that is staffed and government_funded, and does it include any information about its budget, planning processes, implementation capacity, or evidence of its impact? Start your answer with 'Yes' and provide a short summary. If not, answer 'No.'",no
12,MRI,MRI_Mention,"Is Magnetic Resonance Imaging (MRI) mentioned in the policy? If so, start your answer with 'Yes' and provide a short summary. If not, answer 'No'.",no
13,MRI,MRI_CancerContext,"Is Magnetic Resonance Imaging (MRI) mentioned in the policy? If yes, is it mentioned in the context of cancer, and note if specifically, childhood cancer, including a description of the current status. Start your answer with 'Yes' and provide a short summary. If not, answer 'No'.",no
14,MRI,MRI_ScaleUp,"Is Magnetic Resonance Imaging (MRI) mentioned in the policy? If yes, is it mentioned in the context of scale-up aims, including related outcomes/outputs - e.g., does the national policy mention aims to increase the availability of MRI machines, operational hours, anesthesia-compatible equipment, trained workforce, etc. Start your answer with 'Yes' and provide a short summary. If not, answer 'No'.",no
15,MRI,MRI_Investment,"Is Magnetic Resonance Imaging (MRI) mentioned in the policy? If so, is it noted with measurable inputs/investments? Start your answer with 'Yes' and provide a short summary. If not, answer 'No'.",no
16,MRI,MRI_SMART,"Is Magnetic Resonance Imaging (MRI) mentioned in the policy? If yes, is it noted with a comprehensive SMART planning note (specific, measurable, achievable, relevant, time-bound), e.g., with a baseline and targets? Start your answer with 'Yes' and provide a short summary. If not, answer 'No'.",no
17,HPV,HPV_Mention,"Is Human Papilloma virus (HPV) mentioned in the policy? If so, start your answer with 'Yes' and provide a short summary. If not, answer 'No.'",no
18,HPV,HPV_CancerContext,"Is Human Papilloma virus (HPV) mentioned in the policy? If yes, is it mentioned in the context of cancer prevention or control (e.g., cervical cancer), and does it specify childhood/adolescent populations? Start your answer with 'Yes' and provide a short summary. If not, answer 'No.'",no
19,HPV,HPV_ScaleUp,"Is Human Papilloma virus (HPV) mentioned in the policy? If yes, is it discussed in the context of scale_up aims for HPV vaccination, screening, laboratory capacity, or workforce training? Start your answer with 'Yes' and provide a short summary. If not, answer 'No.'",no
20,HPV,HPV_Investment,"Is HPV mentioned in the policy? If yes, does the policy include measurable inputs or investments (e.g., number of vaccine doses procured, screening equipment, lab infrastructure, trained vaccinators)? Start your answer with 'Yes' and provide a short summary. If not, answer 'No.'",no
21,HPV,HPV_SMART,"Is HPV mentioned in the policy? If yes, does it include SMART planning (specific, measurable, achievable, relevant, time_bound) such as vaccination coverage targets, screening coverage milestones, or timelines? Start your answer with 'Yes' and provide a short summary. If not, answer 'No.'",No