mean_distance_a,relevance_score,hallucination_index,vector_distances,vector_scores,bm25_scores,vector_reranked_scores,bm25_reranked_scores
106.356,69.0,-0.0,"[94.559, 101.198, 123.31]","[0.734, 0.712, 0.639]","[1.338, 0.607]","[['neutral'], ['neutral'], ['neutral']]","[['neutral'], ['neutral']]"
143.087,57.0,27.0,"[109.046, 118.18, 125.229, 126.804, 151.438, 152.755, 157.03, 157.089, 190.209]","[0.686, 0.656, 0.633, 0.628, 0.547, 0.542, 0.528, 0.528, 0.419]","[1.313, 1.301]","[['neutral'], ['neutral'], ['neutral'], ['neutral'], ['neutral'], ['neutral'], ['contradiction'], ['neutral'], ['neutral']]","[['neutral'], ['neutral']]"
293.693,8.0,73.0,"[243.879, 253.428, 253.762, 287.326, 326.435, 397.329]","[0.243, 0.212, 0.211, 0.1, -0.028, -0.261]","[2.386, 0.435]","[['neutral'], ['contradiction'], ['contradiction'], ['neutral'], ['neutral'], ['neutral']]","[['neutral'], ['neutral']]"
237.437,26.0,95.0,"[156.379, 190.355, 198.697, 246.775, 302.074, 330.342]","[0.53, 0.419, 0.391, 0.233, 0.052, -0.041]","[1.655, 1.227]","[['entailment'], ['neutral'], ['neutral'], ['neutral'], ['neutral'], ['neutral']]","[['neutral'], ['neutral']]"
204.759,37.0,71.0,"[185.06, 224.458]","[0.436, 0.307]","[1.085]","[['neutral'], ['neutral']]","[['neutral']]"
154.933,54.0,29.0,"[120.243, 144.043, 167.899, 187.548]","[0.649, 0.571, 0.493, 0.428]","[2.524, 0.706]","[['entailment'], ['contradiction'], ['neutral'], ['neutral']]","[['neutral'], ['neutral']]"
177.456,46.0,34.0,"[138.807, 151.126, 164.043, 164.117, 178.371, 178.561, 183.438, 187.72, 191.645, 236.731]","[0.588, 0.548, 0.505, 0.505, 0.458, 0.458, 0.442, 0.428, 0.415, 0.266]","[4.325, 1.956, 0.611]","[['neutral'], ['neutral'], ['neutral'], ['neutral'], ['neutral'], ['neutral'], ['neutral'], ['neutral'], ['neutral'], ['neutral']]","[['neutral'], ['neutral'], ['neutral']]"
121.378,65.0,18.0,"[75.099, 89.824, 92.589, 104.098, 116.847, 117.426, 126.542, 133.042, 166.292, 192.02]","[0.798, 0.749, 0.74, 0.702, 0.66, 0.658, 0.629, 0.607, 0.498, 0.413]","[3.035, 1.54]","[['neutral'], ['contradiction'], ['neutral'], ['neutral'], ['contradiction'], ['neutral'], ['neutral'], ['neutral'], ['neutral'], ['neutral']]","[['neutral'], ['neutral']]"
179.143,46.0,53.0,"[132.061, 160.008, 171.544, 204.589, 227.512]","[0.61, 0.519, 0.481, 0.372, 0.297]","[0.46]","[['entailment'], ['contradiction'], ['neutral'], ['neutral'], ['contradiction']]","[['contradiction']]"
142.592,58.0,20.0,"[124.972, 127.858, 174.945]","[0.634, 0.624, 0.469]","[4.733, 1.825]","[['neutral'], ['neutral'], ['neutral']]","[['neutral'], ['neutral']]"
162.351,51.0,73.0,"[134.618, 139.138, 140.596, 141.333, 175.425, 179.975, 189.661, 198.059]","[0.602, 0.587, 0.582, 0.58, 0.468, 0.453, 0.421, 0.394]","[1.627, 0.859, 0.073]","[['neutral'], ['neutral'], ['contradiction'], ['neutral'], ['contradiction'], ['entailment'], ['entailment'], ['neutral']]","[['neutral'], ['neutral'], ['neutral']]"
73.966,80.0,0,"[57.205, 59.303, 68.099, 68.22, 72.2, 81.278, 83.79, 101.632]","[0.856, 0.849, 0.821, 0.82, 0.807, 0.777, 0.769, 0.71]","[1.835, 1.835, 1.835, 0.751, 0.751, 0.751]","[['neutral'], ['neutral'], ['neutral'], ['neutral'], ['neutral'], ['contradiction'], ['neutral'], ['contradiction'], ['neutral'], ['neutral'], ['neutral'], ['neutral'], ['neutral'], ['contradiction'], ['neutral'], ['contradiction'], ['neutral'], ['neutral'], ['neutral'], ['neutral'], ['neutral'], ['contradiction'], ['neutral'], ['contradiction']]","[['neutral'], ['contradiction'], ['neutral'], ['contradiction'], ['neutral'], ['contradiction']]"
241.53,25.0,61.0,"[206.071, 238.019, 239.866, 282.164]","[0.367, 0.262, 0.256, 0.117]","[2.731, 2.358]","[['neutral'], ['neutral'], ['neutral'], ['neutral']]","[['neutral'], ['neutral']]"
266.933,17.0,57.0,"[221.695, 277.497, 301.606]","[0.316, 0.133, 0.053]","[0.356]","[['neutral'], ['neutral'], ['neutral']]","[['neutral']]"
196.928,40.0,41.0,"[130.843, 144.079, 175.079, 177.357, 185.255, 202.467, 202.88, 206.702, 214.98, 216.179, 217.011, 221.833, 265.396]","[0.614, 0.571, 0.469, 0.462, 0.436, 0.379, 0.378, 0.365, 0.338, 0.334, 0.331, 0.315, 0.172]","[2.191, 0.263]","[['neutral'], ['contradiction'], ['neutral'], ['neutral'], ['neutral'], ['neutral'], ['neutral'], ['neutral'], ['neutral'], ['neutral'], ['neutral'], ['neutral'], ['neutral']]","[['neutral'], ['neutral']]"
155.023,53.0,27.0,"[119.243, 134.047, 144.356, 150.311, 154.68, 158.774, 163.504, 175.643, 194.653]","[0.653, 0.604, 0.57, 0.55, 0.536, 0.523, 0.507, 0.467, 0.405]","[0.947, 0.743, 0.716]","[['neutral'], ['neutral'], ['neutral'], ['neutral'], ['neutral'], ['neutral'], ['neutral'], ['neutral'], ['neutral']]","[['neutral'], ['neutral'], ['neutral']]"
226.699,30.0,32.0,"[226.699]","[0.299]","[0.97, 0.348]","[['neutral']]","[['contradiction'], ['contradiction']]"
163.334,51.0,36.0,"[77.206, 118.649, 150.352, 182.323, 194.641, 200.38, 219.784]","[0.791, 0.654, 0.55, 0.445, 0.405, 0.386, 0.322]","[4.329, 0.896]","[['neutral'], ['entailment'], ['neutral'], ['neutral'], ['neutral'], ['neutral'], ['neutral']]","[['neutral'], ['neutral']]"
222.919,31.0,61.0,"[154.908, 189.242, 227.015, 235.531, 241.26, 245.124, 267.351]","[0.535, 0.423, 0.298, 0.27, 0.252, 0.239, 0.166]","[1.11, 0.238]","[['neutral'], ['neutral'], ['neutral'], ['neutral'], ['entailment'], ['neutral'], ['entailment']]","[['neutral'], ['entailment']]"
205.529,37.0,62.0,"[94.349, 138.638, 165.878, 168.386, 214.968, 217.603, 221.107, 231.644, 239.183, 261.312, 307.749]","[0.734, 0.589, 0.499, 0.491, 0.338, 0.329, 0.318, 0.283, 0.258, 0.186, 0.033]","[3.133, 0.812, 0.428]","[['neutral'], ['neutral'], ['neutral'], ['neutral'], ['neutral'], ['neutral'], ['neutral'], ['neutral'], ['neutral'], ['neutral'], ['neutral']]","[['neutral'], ['neutral'], ['neutral']]"
158.13,52.0,22.0,"[115.736, 128.48, 135.867, 144.437, 148.846, 154.619, 166.434, 173.516, 176.632, 178.986, 179.524, 194.485]","[0.664, 0.622, 0.598, 0.57, 0.555, 0.536, 0.497, 0.474, 0.464, 0.456, 0.454, 0.405]","[3.663, 2.544, 1.343]","[['neutral'], ['neutral'], ['neutral'], ['contradiction'], ['neutral'], ['neutral'], ['neutral'], ['neutral'], ['neutral'], ['neutral'], ['neutral'], ['neutral']]","[['neutral'], ['neutral'], ['neutral']]"
257.884,20.0,88.0,"[245.558, 245.675, 258.852, 265.375, 273.962]","[0.237, 0.237, 0.194, 0.172, 0.144]","[0.661, 0.251]","[['neutral'], ['contradiction'], ['neutral'], ['entailment'], ['neutral']]","[['entailment'], ['neutral']]"
148.261,56.0,17.0,"[98.008, 147.101, 152.655, 156.992, 166.28, 168.529]","[0.722, 0.561, 0.543, 0.528, 0.498, 0.491]","[1.193, 1.027]","[['neutral'], ['neutral'], ['neutral'], ['neutral'], ['neutral'], ['neutral']]","[['neutral'], ['neutral']]"
149.14,55.0,18.0,"[124.893, 126.689, 148.134, 150.881, 156.729, 162.726, 173.931]","[0.634, 0.628, 0.558, 0.549, 0.529, 0.51, 0.473]","[1.911, 1.846, 1.688]","[['neutral'], ['entailment'], ['contradiction'], ['entailment'], ['neutral'], ['neutral'], ['neutral']]","[['neutral'], ['neutral'], ['neutral']]"
236.652,27.0,52.0,"[191.678, 191.875, 204.218, 210.779, 243.168, 291.275, 323.573]","[0.415, 0.414, 0.373, 0.352, 0.245, 0.087, -0.019]","[0.795]","[['neutral'], ['neutral'], ['neutral'], ['neutral'], ['neutral'], ['neutral'], ['neutral']]","[['neutral']]"
197.933,39.0,42.0,"[171.134, 184.52, 186.269, 187.885, 190.829, 193.848, 207.949, 261.032]","[0.482, 0.438, 0.432, 0.427, 0.417, 0.407, 0.361, 0.187]","[2.732, 1.004, 0.805]","[['neutral'], ['neutral'], ['neutral'], ['neutral'], ['neutral'], ['neutral'], ['neutral'], ['neutral']]","[['neutral'], ['neutral'], ['neutral']]"
132.959,61.0,64.0,"[76.333, 145.907, 154.511, 155.087]","[0.794, 0.565, 0.537, 0.535]","[1.715, 1.58]","[['neutral'], ['neutral'], ['contradiction'], ['neutral']]","[['neutral'], ['neutral']]"
264.439,18.0,92.0,"[160.306, 368.571]","[0.518, -0.167]","[2.773, 0.145]","[['neutral'], ['contradiction']]","[['neutral'], ['contradiction']]"
155.332,53.0,27.0,"[88.506, 89.299, 96.807, 125.87, 136.592, 137.286, 139.762, 156.355, 165.032, 167.393, 261.777, 299.3]","[0.754, 0.751, 0.726, 0.631, 0.596, 0.593, 0.585, 0.531, 0.502, 0.494, 0.184, 0.061]","[2.236, 0.985, 0.435]","[['neutral'], ['neutral'], ['neutral'], ['neutral'], ['neutral'], ['neutral'], ['neutral'], ['neutral'], ['neutral'], ['neutral'], ['neutral'], ['neutral']]","[['neutral'], ['neutral'], ['neutral']]"
166.546,50.0,32.0,"[129.058, 142.677, 144.323, 152.373, 180.125, 185.633, 186.533, 211.643]","[0.62, 0.576, 0.57, 0.544, 0.452, 0.434, 0.431, 0.349]","[1.694, 1.212, 0.621]","[['neutral'], ['neutral'], ['neutral'], ['neutral'], ['neutral'], ['neutral'], ['neutral'], ['neutral']]","[['neutral'], ['neutral'], ['neutral']]"
202.895,38.0,48.0,"[202.895]","[0.378]","[0.674, 0.36]","[['contradiction']]","[['neutral'], ['neutral']]"
136.638,60.0,24.0,"[98.883, 113.278, 115.812, 124.358, 124.818, 142.266, 144.837, 150.009, 155.754, 162.638, 170.366]","[0.719, 0.672, 0.664, 0.636, 0.634, 0.577, 0.568, 0.551, 0.533, 0.51, 0.485]","[1.849, 0.718]","[['neutral'], ['neutral'], ['neutral'], ['neutral'], ['contradiction'], ['neutral'], ['neutral'], ['entailment'], ['neutral'], ['neutral'], ['neutral']]","[['neutral'], ['neutral']]"
395.711,0,100,"[306.994, 374.942, 384.963, 413.48, 422.171, 430.255, 437.172]","[0.036, -0.188, -0.221, -0.314, -0.343, -0.369, -0.392]","[1.381]","[['entailment'], ['neutral'], ['entailment'], ['neutral'], ['entailment'], ['neutral'], ['neutral']]","[['neutral']]"
158.138,52.0,30.0,"[133.328, 150.254, 159.461, 173.413, 174.234]","[0.606, 0.551, 0.52, 0.475, 0.472]","[0.832]","[['neutral'], ['neutral'], ['neutral'], ['neutral'], ['neutral']]","[['neutral']]"
132.374,61.0,24.0,"[110.373, 111.15, 112.977, 116.34, 116.513, 121.687, 124.848, 125.102, 131.079, 133.468, 139.399, 155.031, 156.567, 198.696]","[0.682, 0.679, 0.673, 0.662, 0.661, 0.644, 0.634, 0.633, 0.614, 0.606, 0.586, 0.535, 0.53, 0.391]","[1.534, 0.999, 0.97]","[['neutral'], ['neutral'], ['neutral'], ['neutral'], ['neutral'], ['contradiction'], ['neutral'], ['neutral'], ['neutral'], ['neutral'], ['neutral'], ['neutral'], ['neutral'], ['entailment']]","[['neutral'], ['neutral'], ['entailment']]"
113.953,67.0,8.0,"[105.789, 106.054, 121.785, 122.184]","[0.697, 0.696, 0.644, 0.643]","[1.612, 1.351]","[['neutral'], ['entailment'], ['neutral'], ['neutral']]","[['neutral'], ['contradiction']]"
281.245,12.0,58.0,"[241.372, 259.436, 260.672, 280.553, 283.751, 284.101, 286.069, 289.711, 298.302, 328.485]","[0.251, 0.192, 0.188, 0.122, 0.112, 0.111, 0.104, 0.092, 0.064, -0.035]","[1.251, 0.707, 0.319]","[['neutral'], ['neutral'], ['neutral'], ['neutral'], ['neutral'], ['neutral'], ['neutral'], ['neutral'], ['neutral'], ['neutral']]","[['neutral'], ['neutral'], ['neutral']]"
108.331,69.0,15.0,"[55.92, 90.524, 90.903, 107.723, 118.49, 130.996, 135.528, 136.561]","[0.861, 0.747, 0.746, 0.69, 0.655, 0.614, 0.599, 0.596]","[1.816, 1.259, 1.041]","[['contradiction'], ['neutral'], ['neutral'], ['neutral'], ['contradiction'], ['neutral'], ['neutral'], ['neutral']]","[['neutral'], ['neutral'], ['neutral']]"
200.068,39.0,39.0,"[153.167, 154.187, 167.331, 173.169, 186.331, 192.154, 199.404, 210.5, 211.469, 243.224, 243.665, 266.218]","[0.541, 0.538, 0.495, 0.475, 0.432, 0.413, 0.389, 0.353, 0.349, 0.245, 0.244, 0.17]","[2.045, 0.338]","[['neutral'], ['contradiction'], ['neutral'], ['neutral'], ['neutral'], ['neutral'], ['neutral'], ['contradiction'], ['neutral'], ['neutral'], ['neutral'], ['contradiction']]","[['neutral'], ['contradiction']]"
253.393,21.0,53.0,"[171.461, 186.952, 292.255, 304.529, 311.77]","[0.481, 0.43, 0.084, 0.044, 0.02]","[1.92, 0.644]","[['neutral'], ['neutral'], ['neutral'], ['neutral'], ['neutral']]","[['neutral'], ['neutral']]"
111.094,68.0,13.0,"[72.361, 86.209, 96.816, 103.928, 109.131, 113.599, 120.906, 120.919, 121.102, 128.306, 148.752]","[0.807, 0.761, 0.726, 0.703, 0.686, 0.671, 0.647, 0.647, 0.646, 0.623, 0.556]","[2.873, 1.75]","[['neutral'], ['neutral'], ['neutral'], ['neutral'], ['neutral'], ['neutral'], ['neutral'], ['neutral'], ['neutral'], ['neutral'], ['neutral']]","[['neutral'], ['neutral']]"
226.291,30.0,64.0,"[160.51, 181.156, 195.621, 207.804, 242.336, 260.84, 261.0, 261.47, 265.88]","[0.517, 0.449, 0.402, 0.362, 0.248, 0.187, 0.187, 0.185, 0.171]","[0.556, 0.554, 0.28]","[['contradiction'], ['neutral'], ['neutral'], ['entailment'], ['contradiction'], ['contradiction'], ['neutral'], ['contradiction'], ['neutral']]","[['neutral'], ['contradiction'], ['neutral']]"
177.658,46.0,40.0,"[139.166, 157.406, 161.814, 177.359, 179.123, 185.619, 186.459, 201.637, 210.337]","[0.587, 0.527, 0.513, 0.462, 0.456, 0.434, 0.432, 0.382, 0.353]","[1.026]","[['contradiction'], ['neutral'], ['neutral'], ['neutral'], ['neutral'], ['contradiction'], ['neutral'], ['neutral'], ['neutral']]","[['neutral']]"
169.012,49.0,35.0,"[111.557, 118.081, 132.529, 153.158, 156.459, 172.909, 188.617, 190.518, 231.913, 234.38]","[0.678, 0.656, 0.609, 0.541, 0.53, 0.476, 0.425, 0.418, 0.282, 0.274]","[1.143, 0.831]","[['contradiction'], ['neutral'], ['neutral'], ['entailment'], ['neutral'], ['entailment'], ['neutral'], ['neutral'], ['neutral'], ['neutral']]","[['neutral'], ['neutral']]"
99.663,72.0,2.0,"[60.869, 61.375, 78.583, 79.613, 84.348, 103.826, 124.188, 148.311, 155.857]","[0.844, 0.843, 0.786, 0.783, 0.767, 0.703, 0.636, 0.557, 0.532]","[1.022, 0.815, 0.771]","[['contradiction'], ['neutral'], ['neutral'], ['neutral'], ['contradiction'], ['neutral'], ['neutral'], ['neutral'], ['neutral']]","[['neutral'], ['neutral'], ['neutral']]"
246.254,24.0,46.0,"[188.404, 224.34, 252.058, 281.018, 285.45]","[0.425, 0.307, 0.216, 0.121, 0.106]","[0.746, 0.209]","[['neutral'], ['neutral'], ['neutral'], ['neutral'], ['neutral']]","[['neutral'], ['neutral']]"
107.165,69.0,8.0,"[104.045, 106.7, 107.313, 110.6]","[0.702, 0.694, 0.692, 0.681]","[2.081, 1.452]","[['neutral'], ['contradiction'], ['neutral'], ['neutral']]","[['neutral'], ['neutral']]"
158.815,52.0,21.0,"[121.08, 134.289, 134.431, 165.403, 172.456, 175.385, 208.658]","[0.646, 0.603, 0.603, 0.501, 0.478, 0.468, 0.359]","[1.85, 1.183]","[['contradiction'], ['neutral'], ['neutral'], ['neutral'], ['neutral'], ['neutral'], ['neutral']]","[['neutral'], ['neutral']]"
122.979,64.0,17.0,"[94.355, 97.62, 102.468, 105.16, 109.598, 121.529, 125.257, 130.03, 135.008, 135.375, 141.442, 147.36, 153.531]","[0.734, 0.724, 0.708, 0.699, 0.684, 0.645, 0.633, 0.617, 0.601, 0.6, 0.58, 0.56, 0.54]","[2.548, 1.349, 0.913]","[['neutral'], ['neutral'], ['neutral'], ['neutral'], ['neutral'], ['neutral'], ['neutral'], ['neutral'], ['neutral'], ['neutral'], ['neutral'], ['neutral'], ['neutral']]","[['neutral'], ['neutral'], ['neutral']]"
152.849,54.0,27.0,"[80.183, 125.135, 129.646, 135.086, 151.736, 194.84, 196.329, 209.833]","[0.781, 0.633, 0.618, 0.6, 0.546, 0.404, 0.399, 0.355]","[0.891, 0.666]","[['neutral'], ['contradiction'], ['contradiction'], ['neutral'], ['neutral'], ['neutral'], ['neutral'], ['contradiction']]","[['neutral'], ['contradiction']]"
191.543,41.0,44.0,"[130.463, 151.747, 152.09, 164.734, 177.813, 194.144, 197.548, 201.555, 209.79, 212.053, 214.49, 228.534, 255.092]","[0.616, 0.546, 0.545, 0.503, 0.46, 0.406, 0.395, 0.382, 0.355, 0.348, 0.34, 0.293, 0.206]","[3.653, 1.172, 0.453]","[['neutral'], ['neutral'], ['neutral'], ['neutral'], ['neutral'], ['neutral'], ['neutral'], ['contradiction'], ['neutral'], ['neutral'], ['neutral'], ['neutral'], ['neutral']]","[['neutral'], ['neutral'], ['neutral']]"
246.831,23.0,77.0,"[183.706, 228.051, 235.011, 241.435, 252.018, 262.638, 271.586, 300.199]","[0.441, 0.295, 0.272, 0.251, 0.216, 0.181, 0.152, 0.058]","[0.345]","[['neutral'], ['neutral'], ['neutral'], ['neutral'], ['neutral'], ['neutral'], ['neutral'], ['neutral']]","[['neutral']]"
121.042,65.0,17.0,"[81.52, 88.52, 193.086]","[0.776, 0.753, 0.41]","[1.757]","[['contradiction'], ['neutral'], ['neutral']]","[['neutral']]"
126.877,63.0,19.0,"[82.689, 90.528, 91.131, 101.617, 105.862, 121.304, 124.987, 136.783, 141.803, 147.026, 172.289, 206.503]","[0.773, 0.747, 0.745, 0.71, 0.696, 0.646, 0.634, 0.595, 0.578, 0.561, 0.478, 0.366]","[2.438, 1.343]","[['neutral'], ['neutral'], ['neutral'], ['neutral'], ['neutral'], ['neutral'], ['neutral'], ['neutral'], ['neutral'], ['neutral'], ['neutral'], ['entailment']]","[['neutral'], ['entailment']]"
106.687,69.0,12.0,"[78.716, 88.895, 96.187, 103.404, 110.366, 125.579, 143.663]","[0.786, 0.752, 0.728, 0.705, 0.682, 0.632, 0.572]","[1.644]","[['neutral'], ['neutral'], ['neutral'], ['neutral'], ['neutral'], ['neutral'], ['neutral']]","[['neutral']]"
177.434,46.0,53.0,"[125.821, 134.345, 137.9, 143.49, 152.02, 201.475, 207.304, 246.897, 247.656]","[0.631, 0.603, 0.591, 0.573, 0.545, 0.382, 0.363, 0.233, 0.231]","[2.05]","[['contradiction'], ['neutral'], ['neutral'], ['neutral'], ['neutral'], ['neutral'], ['contradiction'], ['neutral'], ['neutral']]","[['neutral']]"
147.412,56.0,26.0,"[125.621, 130.073, 151.075, 164.922, 165.369]","[0.632, 0.617, 0.548, 0.502, 0.501]","[1.193]","[['neutral'], ['neutral'], ['neutral'], ['neutral'], ['neutral']]","[['neutral']]"
464.88,0,100,"[439.703, 448.565, 464.768, 471.624, 472.97, 476.899, 479.629]","[-0.4, -0.43, -0.483, -0.505, -0.51, -0.523, -0.532]","[]","[['neutral'], ['entailment'], ['neutral'], ['neutral'], ['neutral'], ['neutral'], ['neutral']]","[]"
200.118,39.0,53.0,"[152.27, 161.064, 164.77, 169.083, 169.987, 222.661, 248.188, 312.923]","[0.544, 0.515, 0.503, 0.489, 0.486, 0.313, 0.229, 0.016]","[1.425, 0.462]","[['neutral'], ['neutral'], ['neutral'], ['neutral'], ['neutral'], ['neutral'], ['neutral'], ['neutral']]","[['neutral'], ['neutral']]"
153.36,54.0,26.0,"[83.844, 87.852, 107.741, 135.254, 152.836, 173.942, 176.622, 177.758, 184.748, 253.001]","[0.769, 0.756, 0.69, 0.6, 0.542, 0.473, 0.464, 0.46, 0.437, 0.213]","[2.147, 1.699, 0.944]","[['neutral'], ['neutral'], ['neutral'], ['neutral'], ['neutral'], ['neutral'], ['neutral'], ['neutral'], ['entailment'], ['neutral']]","[['neutral'], ['entailment'], ['neutral']]"
177.286,46.0,38.0,"[124.239, 149.066, 150.247, 152.594, 157.572, 181.849, 182.203, 182.816, 189.03, 203.843, 221.012, 232.965]","[0.636, 0.555, 0.551, 0.543, 0.527, 0.447, 0.446, 0.444, 0.423, 0.375, 0.318, 0.279]","[1.058, 0.605]","[['neutral'], ['neutral'], ['neutral'], ['neutral'], ['neutral'], ['neutral'], ['neutral'], ['neutral'], ['neutral'], ['neutral'], ['neutral'], ['neutral']]","[['neutral'], ['neutral']]"
279.54,13.0,58.0,"[235.59, 248.151, 254.771, 255.037, 268.985, 271.752, 281.373, 298.054, 333.173, 348.516]","[0.27, 0.229, 0.207, 0.206, 0.16, 0.151, 0.12, 0.065, -0.05, -0.101]","[0.99, 0.916, 0.503]","[['neutral'], ['neutral'], ['neutral'], ['neutral'], ['neutral'], ['neutral'], ['contradiction'], ['neutral'], ['neutral'], ['neutral']]","[['neutral'], ['neutral'], ['neutral']]"
278.073,13.0,89.0,"[183.357, 253.546, 261.931, 275.577, 276.421, 317.282, 378.396]","[0.442, 0.211, 0.184, 0.139, 0.136, 0.002, -0.199]","[1.249, 0.358]","[['neutral'], ['neutral'], ['contradiction'], ['neutral'], ['neutral'], ['neutral'], ['entailment']]","[['neutral'], ['entailment']]"
207.88,36.0,55.0,"[190.505, 200.474, 220.085, 220.458]","[0.418, 0.386, 0.321, 0.32]","[1.453, 0.417]","[['neutral'], ['contradiction'], ['contradiction'], ['neutral']]","[['entailment'], ['neutral']]"
181.973,45.0,39.0,"[138.566, 140.804, 153.621, 156.402, 162.209, 195.397, 220.204, 228.055, 242.497]","[0.589, 0.582, 0.54, 0.53, 0.511, 0.402, 0.321, 0.295, 0.248]","[1.437, 0.98]","[['neutral'], ['neutral'], ['contradiction'], ['neutral'], ['contradiction'], ['neutral'], ['neutral'], ['neutral'], ['neutral']]","[['neutral'], ['neutral']]"
111.686,68.0,11.0,"[70.365, 82.656, 83.107, 92.802, 102.912, 103.083, 107.902, 112.903, 114.343, 116.536, 118.951, 125.907, 135.279, 152.991, 155.555]","[0.813, 0.773, 0.771, 0.739, 0.706, 0.706, 0.69, 0.673, 0.669, 0.661, 0.653, 0.631, 0.6, 0.542, 0.533]","[0.866, 0.765, 0.626]","[['neutral'], ['neutral'], ['neutral'], ['neutral'], ['neutral'], ['neutral'], ['neutral'], ['neutral'], ['neutral'], ['neutral'], ['contradiction'], ['neutral'], ['neutral'], ['neutral'], ['contradiction']]","[['neutral'], ['neutral'], ['contradiction']]"
174.968,47.0,31.0,"[115.31, 159.764, 166.651, 174.322, 191.323, 200.504, 216.901]","[0.665, 0.519, 0.497, 0.472, 0.416, 0.386, 0.332]","[1.151]","[['neutral'], ['neutral'], ['neutral'], ['contradiction'], ['neutral'], ['neutral'], ['neutral']]","[['neutral']]"
145.723,57.0,22.0,"[122.081, 126.018, 131.063, 143.12, 173.743, 178.312]","[0.643, 0.63, 0.614, 0.574, 0.473, 0.458]","[1.832, 1.712]","[['contradiction'], ['neutral'], ['neutral'], ['neutral'], ['neutral'], ['neutral']]","[['neutral'], ['neutral']]"
175.164,47.0,27.0,"[124.362, 175.543, 225.587]","[0.636, 0.468, 0.303]","[1.651, 1.249, 1.11]","[['contradiction'], ['neutral'], ['neutral']]","[['neutral'], ['neutral'], ['neutral']]"
183.757,44.0,37.0,"[92.183, 194.338, 207.859, 240.649]","[0.741, 0.406, 0.361, 0.254]","[2.036, 1.394, 0.869]","[['neutral'], ['entailment'], ['contradiction'], ['neutral']]","[['entailment'], ['contradiction'], ['neutral']]"
135.892,60.0,27.0,"[87.723, 143.193, 176.76]","[0.756, 0.574, 0.464]","[1.986]","[['neutral'], ['contradiction'], ['neutral']]","[['neutral']]"
210.001,35.0,49.0,"[93.696, 148.767, 206.136, 210.226, 210.707, 241.628, 245.203, 245.568, 247.111, 250.969]","[0.736, 0.556, 0.367, 0.354, 0.352, 0.25, 0.239, 0.237, 0.232, 0.22]","[2.327, 0.344]","[['neutral'], ['neutral'], ['contradiction'], ['neutral'], ['neutral'], ['neutral'], ['neutral'], ['neutral'], ['neutral'], ['neutral']]","[['neutral'], ['neutral']]"
92.108,74.0,7.0,"[59.076, 73.138, 75.964, 77.237, 83.827, 101.478, 101.966, 108.97, 109.218, 130.205]","[0.85, 0.804, 0.795, 0.791, 0.769, 0.711, 0.709, 0.686, 0.685, 0.617]","[2.673, 2.47]","[['neutral'], ['contradiction'], ['neutral'], ['neutral'], ['neutral'], ['neutral'], ['neutral'], ['neutral'], ['neutral'], ['neutral']]","[['neutral'], ['neutral']]"
154.804,54.0,30.0,"[106.529, 131.505, 135.491, 172.35, 183.735, 199.214]","[0.694, 0.612, 0.599, 0.478, 0.441, 0.39]","[2.247, 1.157]","[['neutral'], ['neutral'], ['neutral'], ['neutral'], ['neutral'], ['contradiction']]","[['contradiction'], ['neutral']]"
161.847,51.0,32.0,"[115.917, 121.095, 159.275, 182.775, 194.07, 197.95]","[0.663, 0.646, 0.521, 0.444, 0.407, 0.394]","[1.531, 1.175]","[['neutral'], ['contradiction'], ['neutral'], ['contradiction'], ['entailment'], ['contradiction']]","[['entailment'], ['contradiction']]"
157.306,53.0,34.0,"[112.987, 141.026, 143.809, 149.984, 159.243, 159.602, 163.453, 182.985, 202.668]","[0.673, 0.581, 0.572, 0.552, 0.521, 0.52, 0.507, 0.443, 0.378]","[3.211, 2.755, 0.324]","[['neutral'], ['neutral'], ['neutral'], ['neutral'], ['neutral'], ['neutral'], ['neutral'], ['neutral'], ['neutral']]","[['neutral'], ['neutral'], ['neutral']]"
146.481,56.0,27.0,"[85.766, 99.495, 164.098, 177.908, 205.139]","[0.763, 0.717, 0.505, 0.46, 0.37]","[1.975, 1.421]","[['neutral'], ['contradiction'], ['neutral'], ['neutral'], ['neutral']]","[['neutral'], ['neutral']]"
157.989,53.0,22.0,"[157.989]","[0.525]","[1.907]","[['neutral']]","[['neutral']]"
237.285,26.0,50.0,"[153.446, 261.353, 262.229, 272.112]","[0.54, 0.186, 0.183, 0.15]","[2.084]","[['neutral'], ['neutral'], ['contradiction'], ['neutral']]","[['neutral']]"
209.235,36.0,47.0,"[139.345, 164.319, 185.986, 193.673, 199.943, 205.163, 229.655, 240.198, 260.606, 273.457]","[0.586, 0.504, 0.433, 0.408, 0.387, 0.37, 0.29, 0.255, 0.188, 0.146]","[2.643, 1.45]","[['neutral'], ['neutral'], ['neutral'], ['neutral'], ['neutral'], ['neutral'], ['neutral'], ['contradiction'], ['neutral'], ['neutral']]","[['neutral'], ['neutral']]"
100.699,71.0,12.0,"[63.39, 85.344, 90.471, 96.64, 102.583, 103.672, 106.703, 109.703, 114.884, 133.604]","[0.836, 0.764, 0.747, 0.727, 0.707, 0.704, 0.694, 0.684, 0.667, 0.605]","[2.314, 1.378]","[['contradiction'], ['neutral'], ['neutral'], ['neutral'], ['neutral'], ['neutral'], ['neutral'], ['neutral'], ['entailment'], ['neutral']]","[['entailment'], ['neutral']]"
164.182,50.0,38.0,"[133.617, 162.876, 175.343, 184.892]","[0.605, 0.509, 0.468, 0.437]","[1.257]","[['neutral'], ['contradiction'], ['neutral'], ['neutral']]","[['neutral']]"
246.816,23.0,54.0,"[212.248, 224.606, 252.482, 261.081, 283.663]","[0.347, 0.306, 0.215, 0.186, 0.112]","[0.921]","[['neutral'], ['neutral'], ['neutral'], ['neutral'], ['neutral']]","[['neutral']]"
102.782,71.0,4.0,"[71.591, 71.867, 75.6, 84.244, 90.496, 95.389, 102.466, 117.461, 127.707, 128.31, 132.329, 135.92]","[0.809, 0.808, 0.796, 0.768, 0.747, 0.731, 0.708, 0.658, 0.625, 0.623, 0.61, 0.598]","[1.395]","[['contradiction'], ['neutral'], ['neutral'], ['neutral'], ['neutral'], ['neutral'], ['contradiction'], ['neutral'], ['neutral'], ['neutral'], ['contradiction'], ['neutral']]","[['neutral']]"
220.209,32.0,67.0,"[163.597, 170.131, 193.517, 197.228, 287.742, 309.041]","[0.507, 0.485, 0.408, 0.396, 0.099, 0.029]","[2.881, 1.117]","[['contradiction'], ['contradiction'], ['neutral'], ['neutral'], ['neutral'], ['neutral']]","[['neutral'], ['neutral']]"
304.08,5.0,83.0,"[232.25, 239.475, 266.34, 304.998, 345.981, 367.396, 372.122]","[0.281, 0.257, 0.169, 0.042, -0.093, -0.163, -0.178]","[0.663]","[['neutral'], ['neutral'], ['neutral'], ['neutral'], ['neutral'], ['neutral'], ['neutral']]","[['neutral']]"
151.085,55.0,32.0,"[93.291, 125.141, 135.457, 160.457, 163.164, 168.331, 168.389, 194.452]","[0.738, 0.633, 0.599, 0.517, 0.508, 0.491, 0.491, 0.405]","[0.453, 0.431, 0.384]","[['entailment'], ['neutral'], ['neutral'], ['neutral'], ['neutral'], ['neutral'], ['neutral'], ['neutral']]","[['neutral'], ['neutral'], ['neutral']]"
261.344,19.0,100,"[261.344]","[0.186]","[1.141]","[['neutral']]","[['neutral']]"
156.853,53.0,28.0,"[115.145, 122.578, 128.89, 166.904, 170.907, 180.138, 183.427, 186.837]","[0.666, 0.642, 0.621, 0.496, 0.483, 0.452, 0.442, 0.43]","[1.857, 0.297]","[['neutral'], ['neutral'], ['neutral'], ['neutral'], ['neutral'], ['neutral'], ['neutral'], ['neutral']]","[['neutral'], ['neutral']]"
150.304,55.0,21.0,"[78.279, 118.966, 127.061, 146.128, 146.247, 152.019, 167.722, 181.029, 181.653, 203.939]","[0.787, 0.653, 0.627, 0.564, 0.564, 0.545, 0.493, 0.45, 0.447, 0.374]","[1.225, 0.837, 0.712]","[['neutral'], ['contradiction'], ['neutral'], ['neutral'], ['neutral'], ['neutral'], ['neutral'], ['neutral'], ['neutral'], ['neutral']]","[['neutral'], ['neutral'], ['neutral']]"
104.174,70.0,11.0,"[86.265, 91.099, 91.591, 94.488, 99.076, 101.914, 109.286, 116.435, 120.673, 130.914]","[0.761, 0.745, 0.743, 0.734, 0.719, 0.709, 0.685, 0.662, 0.648, 0.614]","[2.006, 1.6, 1.048]","[['neutral'], ['neutral'], ['contradiction'], ['neutral'], ['neutral'], ['neutral'], ['neutral'], ['neutral'], ['neutral'], ['neutral']]","[['neutral'], ['neutral'], ['neutral']]"
211.97,35.0,49.0,"[158.658, 163.678, 199.091, 219.749, 221.503, 222.897, 252.485, 257.695]","[0.523, 0.507, 0.39, 0.322, 0.317, 0.312, 0.215, 0.198]","[1.669]","[['neutral'], ['neutral'], ['neutral'], ['neutral'], ['neutral'], ['contradiction'], ['neutral'], ['neutral']]","[['neutral']]"
122.071,64.0,13.0,"[94.205, 102.049, 121.612, 170.418]","[0.735, 0.709, 0.645, 0.484]","[1.313, 1.013]","[['neutral'], ['neutral'], ['entailment'], ['neutral']]","[['neutral'], ['neutral']]"
123.289,64.0,11.0,"[104.833, 141.745]","[0.7, 0.579]","[]","[['neutral'], ['neutral']]","[]"
252.175,22.0,55.0,"[174.508, 233.007, 236.385, 236.451, 236.749, 241.371, 252.4, 267.254, 321.246, 322.38]","[0.471, 0.279, 0.268, 0.267, 0.266, 0.251, 0.215, 0.166, -0.011, -0.015]","[0.347, 0.298]","[['neutral'], ['contradiction'], ['neutral'], ['neutral'], ['contradiction'], ['neutral'], ['neutral'], ['neutral'], ['neutral'], ['neutral']]","[['neutral'], ['neutral']]"
239.793,26.0,70.0,"[92.781, 147.961, 162.717, 179.829, 209.104, 278.574, 307.599, 334.763, 337.515, 347.088]","[0.739, 0.558, 0.51, 0.453, 0.357, 0.129, 0.034, -0.056, -0.065, -0.096]","[0.993, 0.981, 0.602]","[['neutral'], ['contradiction'], ['neutral'], ['neutral'], ['neutral'], ['neutral'], ['neutral'], ['neutral'], ['neutral'], ['neutral']]","[['neutral'], ['neutral'], ['neutral']]"
98.378,72.0,2.0,"[98.378]","[0.721]","[0.866]","[['neutral']]","[['neutral']]"
171.576,48.0,38.0,"[118.728, 128.777, 134.117, 157.772, 173.764, 176.477, 206.477, 214.547, 233.523]","[0.654, 0.621, 0.604, 0.526, 0.473, 0.464, 0.366, 0.339, 0.277]","[1.801, 0.783]","[['neutral'], ['neutral'], ['neutral'], ['contradiction'], ['neutral'], ['neutral'], ['neutral'], ['neutral'], ['neutral']]","[['neutral'], ['neutral']]"
168.985,49.0,46.0,"[126.399, 156.113, 156.757, 163.425, 165.417, 169.63, 171.365, 171.808, 172.884, 173.163, 178.183, 191.046, 200.619]","[0.629, 0.531, 0.529, 0.507, 0.501, 0.487, 0.481, 0.48, 0.476, 0.475, 0.459, 0.417, 0.385]","[2.073, 0.98, 0.875]","[['contradiction'], ['neutral'], ['neutral'], ['neutral'], ['neutral'], ['neutral'], ['neutral'], ['neutral'], ['contradiction'], ['neutral'], ['neutral'], ['neutral'], ['neutral']]","[['neutral'], ['neutral'], ['neutral']]"
124.675,63.0,26.0,"[94.478, 154.873]","[0.734, 0.535]","[]","[['neutral'], ['neutral']]","[]"
309.16,3.0,67.0,"[188.315, 287.569, 301.821, 313.583, 327.502, 332.527, 352.39, 369.574]","[0.426, 0.099, 0.053, 0.014, -0.032, -0.048, -0.114, -0.17]","[1.574, 0.493]","[['neutral'], ['neutral'], ['neutral'], ['neutral'], ['neutral'], ['neutral'], ['neutral'], ['neutral']]","[['neutral'], ['neutral']]"
134.263,60.0,19.0,"[71.24, 112.049, 114.719, 126.876, 149.279, 159.547, 159.956, 180.439]","[0.81, 0.676, 0.667, 0.627, 0.554, 0.52, 0.519, 0.451]","[2.357, 0.949, 0.414]","[['neutral'], ['neutral'], ['neutral'], ['neutral'], ['neutral'], ['neutral'], ['neutral'], ['neutral']]","[['neutral'], ['neutral'], ['neutral']]"
157.332,53.0,30.0,"[130.223, 136.465, 142.615, 158.883, 171.867, 203.937]","[0.616, 0.596, 0.576, 0.522, 0.48, 0.374]","[2.029, 1.541]","[['neutral'], ['neutral'], ['neutral'], ['contradiction'], ['neutral'], ['neutral']]","[['neutral'], ['neutral']]"
111.041,68.0,10.0,"[83.015, 87.234, 105.274, 106.853, 172.83]","[0.772, 0.758, 0.698, 0.693, 0.476]","[1.337]","[['entailment'], ['neutral'], ['neutral'], ['neutral'], ['neutral']]","[['neutral']]"
177.093,46.0,33.0,"[128.233, 225.953]","[0.623, 0.302]","[2.507, 0.827]","[['neutral'], ['neutral']]","[['neutral'], ['neutral']]"
259.28,19.0,58.0,"[210.032, 251.37, 263.73, 263.925, 264.243, 266.606, 295.051]","[0.354, 0.218, 0.178, 0.177, 0.176, 0.168, 0.075]","[0.885, 0.509]","[['contradiction'], ['neutral'], ['neutral'], ['neutral'], ['neutral'], ['neutral'], ['contradiction']]","[['neutral'], ['contradiction']]"
138.502,59.0,28.0,"[73.476, 106.024, 117.146, 124.619, 127.034, 128.764, 137.412, 140.554, 150.199, 163.647, 174.963, 177.75, 178.934]","[0.803, 0.696, 0.659, 0.635, 0.627, 0.621, 0.593, 0.582, 0.551, 0.507, 0.469, 0.46, 0.456]","[0.75, 0.314, 0.286]","[['neutral'], ['neutral'], ['neutral'], ['contradiction'], ['neutral'], ['neutral'], ['neutral'], ['neutral'], ['neutral'], ['neutral'], ['neutral'], ['neutral'], ['contradiction']]","[['neutral'], ['neutral'], ['contradiction']]"
153.097,54.0,38.0,"[133.096, 142.652, 147.842, 151.634, 152.591, 190.766]","[0.607, 0.576, 0.559, 0.546, 0.543, 0.418]","[3.201, 1.198, 1.083]","[['neutral'], ['neutral'], ['neutral'], ['neutral'], ['neutral'], ['neutral']]","[['neutral'], ['neutral'], ['entailment']]"
174.329,47.0,39.0,"[126.408, 143.783, 177.333, 181.699, 183.047, 198.182, 209.853]","[0.629, 0.572, 0.462, 0.447, 0.443, 0.393, 0.355]","[1.483, 1.063]","[['neutral'], ['neutral'], ['neutral'], ['neutral'], ['neutral'], ['neutral'], ['neutral']]","[['neutral'], ['neutral']]"
154.805,54.0,28.0,"[122.578, 124.542, 131.653, 142.705, 148.594, 155.816, 156.427, 160.508, 163.043, 164.024, 165.447, 175.156, 177.51, 179.274]","[0.642, 0.635, 0.612, 0.575, 0.556, 0.532, 0.53, 0.517, 0.509, 0.505, 0.501, 0.469, 0.461, 0.455]","[1.3, 1.139, 0.821]","[['neutral'], ['neutral'], ['neutral'], ['neutral'], ['neutral'], ['neutral'], ['neutral'], ['neutral'], ['neutral'], ['neutral'], ['neutral'], ['neutral'], ['contradiction'], ['neutral']]","[['neutral'], ['contradiction'], ['neutral']]"
107.301,69.0,14.0,"[63.606, 86.355, 87.104, 87.704, 104.374, 105.567, 106.244, 111.568, 111.656, 113.475, 114.266, 114.622, 123.298, 124.593, 155.079]","[0.835, 0.761, 0.758, 0.756, 0.701, 0.697, 0.695, 0.678, 0.677, 0.671, 0.669, 0.668, 0.639, 0.635, 0.535]","[4.766, 2.372, 1.668]","[['neutral'], ['neutral'], ['neutral'], ['neutral'], ['neutral'], ['neutral'], ['neutral'], ['neutral'], ['neutral'], ['neutral'], ['neutral'], ['neutral'], ['neutral'], ['neutral'], ['neutral']]","[['neutral'], ['neutral'], ['neutral']]"
168.611,49.0,32.0,"[130.955, 149.612, 156.61, 160.454, 160.969, 186.57, 194.441, 209.276]","[0.614, 0.553, 0.53, 0.517, 0.515, 0.431, 0.405, 0.357]","[1.634, 0.586, 0.582]","[['entailment'], ['entailment'], ['neutral'], ['neutral'], ['contradiction'], ['entailment'], ['entailment'], ['neutral']]","[['entailment'], ['entailment'], ['neutral']]"
281.255,12.0,100,"[150.558, 248.452, 322.464, 340.006, 344.793]","[0.55, 0.228, -0.015, -0.073, -0.089]","[1.883, 1.826, 1.274]","[['neutral'], ['neutral'], ['neutral'], ['neutral'], ['neutral']]","[['neutral'], ['neutral'], ['neutral']]"
266.485,17.0,61.0,"[221.619, 236.726, 261.508, 297.618, 314.952]","[0.316, 0.266, 0.185, 0.066, 0.009]","[1.688, 0.583]","[['neutral'], ['neutral'], ['neutral'], ['neutral'], ['neutral']]","[['neutral'], ['neutral']]"
304.726,4.0,77.0,"[262.296, 285.89, 300.483, 300.917, 304.448, 307.56, 316.125, 323.579, 341.24]","[0.182, 0.105, 0.057, 0.056, 0.044, 0.034, 0.006, -0.019, -0.077]","[1.083, 0.637, 0.0]","[['contradiction'], ['neutral'], ['contradiction'], ['neutral'], ['contradiction'], ['contradiction'], ['neutral'], ['neutral'], ['contradiction']]","[['neutral'], ['neutral'], ['contradiction']]"
135.31,60.0,20.0,"[84.946, 145.965, 151.963, 158.368]","[0.765, 0.565, 0.545, 0.524]","[1.107]","[['neutral'], ['neutral'], ['neutral'], ['neutral']]","[['neutral']]"
144.226,57.0,24.0,"[107.357, 136.37, 140.512, 152.046, 155.353, 158.23, 159.715]","[0.692, 0.596, 0.583, 0.545, 0.534, 0.524, 0.52]","[0.921]","[['neutral'], ['neutral'], ['neutral'], ['contradiction'], ['neutral'], ['neutral'], ['neutral']]","[['neutral']]"
289.534,9.0,93.0,"[174.101, 227.796, 230.838, 347.023, 359.329, 398.116]","[0.472, 0.296, 0.286, -0.096, -0.136, -0.264]","[1.303, 0.787]","[['neutral'], ['neutral'], ['neutral'], ['contradiction'], ['entailment'], ['contradiction']]","[['neutral'], ['neutral']]"
151.774,55.0,23.0,"[90.301, 98.533, 114.123, 121.243, 148.095, 173.697, 179.709, 213.165, 227.098]","[0.748, 0.721, 0.669, 0.646, 0.558, 0.474, 0.454, 0.344, 0.298]","[1.86]","[['neutral'], ['neutral'], ['neutral'], ['neutral'], ['neutral'], ['neutral'], ['neutral'], ['neutral'], ['neutral']]","[['neutral']]"
281.164,12.0,87.0,"[255.245, 256.529, 261.283, 262.89, 280.387, 281.264, 282.501, 302.3, 314.163, 315.08]","[0.206, 0.201, 0.186, 0.181, 0.123, 0.12, 0.116, 0.051, 0.012, 0.009]","[0.586, 0.227]","[['neutral'], ['neutral'], ['neutral'], ['neutral'], ['neutral'], ['neutral'], ['neutral'], ['neutral'], ['neutral'], ['neutral']]","[['neutral'], ['neutral']]"
138.922,59.0,27.0,"[75.688, 76.853, 88.12, 109.047, 125.251, 129.625, 148.88, 148.902, 161.355, 166.092, 170.746, 188.913, 216.518]","[0.796, 0.792, 0.755, 0.686, 0.633, 0.618, 0.555, 0.555, 0.514, 0.499, 0.483, 0.424, 0.333]","[4.866, 1.06, 0.592]","[['contradiction'], ['neutral'], ['neutral'], ['neutral'], ['neutral'], ['neutral'], ['neutral'], ['neutral'], ['neutral'], ['neutral'], ['neutral'], ['entailment'], ['neutral']]","[['neutral'], ['entailment'], ['neutral']]"
236.294,27.0,47.0,"[170.312, 217.294, 234.059, 239.029, 241.392, 264.489, 287.48]","[0.485, 0.33, 0.275, 0.259, 0.251, 0.175, 0.1]","[1.27, 0.902, 0.559]","[['neutral'], ['neutral'], ['contradiction'], ['neutral'], ['contradiction'], ['neutral'], ['contradiction']]","[['contradiction'], ['neutral'], ['contradiction']]"
205.495,37.0,37.0,"[151.467, 191.447, 193.247, 222.156, 223.533, 227.49, 229.124]","[0.547, 0.415, 0.409, 0.314, 0.31, 0.297, 0.291]","[1.356, 0.913]","[['neutral'], ['neutral'], ['contradiction'], ['neutral'], ['neutral'], ['neutral'], ['neutral']]","[['neutral'], ['neutral']]"
210.17,35.0,45.0,"[145.868, 153.677, 205.75, 211.008, 217.544, 327.173]","[0.565, 0.539, 0.368, 0.351, 0.33, -0.031]","[1.269, 0.533]","[['neutral'], ['neutral'], ['contradiction'], ['neutral'], ['neutral'], ['neutral']]","[['neutral'], ['neutral']]"
143.445,57.0,81.0,"[143.445]","[0.573]","[1.315, 0.997]","[['entailment']]","[['entailment'], ['entailment']]"
255.813,20.0,89.0,"[212.942, 216.881, 231.912, 251.846, 287.003, 288.336, 301.774]","[0.345, 0.332, 0.282, 0.217, 0.101, 0.097, 0.053]","[1.728, 0.981, 0.618]","[['contradiction'], ['neutral'], ['neutral'], ['contradiction'], ['neutral'], ['neutral'], ['contradiction']]","[['neutral'], ['neutral'], ['contradiction']]"
248.437,23.0,57.0,"[138.002, 171.377, 239.428, 248.708, 252.046, 259.785, 286.471, 288.823, 295.745, 303.983]","[0.591, 0.481, 0.258, 0.227, 0.216, 0.191, 0.103, 0.095, 0.073, 0.045]","[0.753, 0.631, 0.255]","[['neutral'], ['neutral'], ['neutral'], ['neutral'], ['neutral'], ['neutral'], ['neutral'], ['neutral'], ['neutral'], ['contradiction']]","[['neutral'], ['contradiction'], ['neutral']]"
159.692,52.0,35.0,"[105.035, 132.478, 145.186, 151.328, 161.196, 166.257, 166.598, 170.359, 182.547, 186.848, 188.775]","[0.699, 0.609, 0.567, 0.547, 0.515, 0.498, 0.497, 0.485, 0.445, 0.43, 0.424]","[2.65, 2.31, 1.067]","[['neutral'], ['neutral'], ['neutral'], ['neutral'], ['neutral'], ['neutral'], ['contradiction'], ['contradiction'], ['entailment'], ['neutral'], ['neutral']]","[['entailment'], ['neutral'], ['neutral']]"
120.62,65.0,16.0,"[95.024, 100.345, 109.985, 114.759, 140.04, 163.565]","[0.732, 0.715, 0.683, 0.667, 0.584, 0.507]","[1.402, 0.679, 0.393]","[['neutral'], ['neutral'], ['neutral'], ['neutral'], ['neutral'], ['neutral']]","[['neutral'], ['neutral'], ['neutral']]"
124.927,63.0,36.0,"[111.497, 138.357]","[0.678, 0.59]","[]","[['neutral'], ['entailment']]","[]"
219.921,32.0,52.0,"[129.822, 165.48, 166.82, 191.276, 206.402, 209.973, 252.114, 253.395, 269.45, 274.75, 299.646]","[0.618, 0.501, 0.496, 0.416, 0.366, 0.354, 0.216, 0.212, 0.159, 0.142, 0.06]","[1.178, 0.439, 0.096]","[['neutral'], ['neutral'], ['neutral'], ['neutral'], ['neutral'], ['neutral'], ['neutral'], ['neutral'], ['neutral'], ['neutral'], ['neutral']]","[['neutral'], ['neutral'], ['neutral']]"
131.775,61.0,23.0,"[97.369, 97.611, 114.143, 114.453, 114.993, 126.06, 137.056, 141.429, 144.551, 157.188, 164.352, 172.091]","[0.724, 0.724, 0.669, 0.668, 0.666, 0.63, 0.594, 0.58, 0.569, 0.528, 0.504, 0.479]","[4.469, 1.618, 1.322]","[['neutral'], ['neutral'], ['neutral'], ['neutral'], ['neutral'], ['neutral'], ['neutral'], ['neutral'], ['neutral'], ['entailment'], ['neutral'], ['entailment']]","[['entailment'], ['neutral'], ['entailment']]"
185.361,44.0,42.0,"[131.304, 139.28, 149.351, 155.474, 205.461, 213.227, 229.82, 258.974]","[0.613, 0.587, 0.554, 0.533, 0.369, 0.344, 0.289, 0.193]","[2.5, 0.765]","[['neutral'], ['neutral'], ['neutral'], ['neutral'], ['neutral'], ['neutral'], ['neutral'], ['neutral']]","[['neutral'], ['neutral']]"
172.397,48.0,34.0,"[120.775, 136.025, 140.149, 167.939, 172.103, 206.407, 206.515, 229.263]","[0.647, 0.597, 0.584, 0.493, 0.479, 0.366, 0.366, 0.291]","[7.235, 1.341, 0.563]","[['neutral'], ['neutral'], ['neutral'], ['neutral'], ['neutral'], ['neutral'], ['neutral'], ['neutral']]","[['neutral'], ['neutral'], ['neutral']]"
158.676,52.0,33.0,"[121.38, 145.522, 157.635, 180.871, 187.97]","[0.646, 0.566, 0.526, 0.45, 0.427]","[2.205, 1.541, 0.774]","[['neutral'], ['neutral'], ['neutral'], ['neutral'], ['neutral']]","[['neutral'], ['neutral'], ['neutral']]"
208.947,36.0,57.0,"[179.032, 188.413, 197.538, 208.754, 239.337, 240.609]","[0.456, 0.425, 0.395, 0.358, 0.258, 0.254]","[1.03, 0.632]","[['neutral'], ['contradiction'], ['neutral'], ['neutral'], ['neutral'], ['neutral']]","[['neutral'], ['contradiction']]"
187.842,43.0,41.0,"[137.456, 144.226, 146.531, 197.234, 199.539, 207.188, 219.787, 250.773]","[0.593, 0.57, 0.563, 0.396, 0.389, 0.364, 0.322, 0.22]","[0.915]","[['contradiction'], ['neutral'], ['neutral'], ['contradiction'], ['neutral'], ['contradiction'], ['neutral'], ['neutral']]","[['neutral']]"
165.722,50.0,33.0,"[119.594, 123.302, 160.5, 192.012, 198.258, 200.669]","[0.651, 0.639, 0.517, 0.413, 0.393, 0.385]","[1.978, 1.117]","[['contradiction'], ['neutral'], ['contradiction'], ['contradiction'], ['neutral'], ['neutral']]","[['neutral'], ['neutral']]"
116.832,66.0,16.0,"[83.124, 87.772, 91.012, 94.49, 104.285, 109.047, 121.927, 133.376, 134.83, 161.628, 163.664]","[0.771, 0.756, 0.745, 0.734, 0.702, 0.686, 0.644, 0.606, 0.601, 0.513, 0.507]","[1.285, 0.841, 0.841]","[['neutral'], ['neutral'], ['neutral'], ['neutral'], ['neutral'], ['neutral'], ['neutral'], ['contradiction'], ['neutral'], ['neutral'], ['neutral']]","[['neutral'], ['neutral'], ['neutral']]"
105.452,70.0,2.0,"[62.695, 68.454, 72.139, 81.559, 82.447, 87.517, 118.403, 125.758, 128.214, 137.194, 140.809, 160.23]","[0.838, 0.819, 0.807, 0.776, 0.773, 0.757, 0.655, 0.631, 0.623, 0.594, 0.582, 0.518]","[1.109, 1.025, 0.979]","[['neutral'], ['contradiction'], ['neutral'], ['neutral'], ['neutral'], ['contradiction'], ['neutral'], ['entailment'], ['neutral'], ['neutral'], ['neutral'], ['neutral']]","[['neutral'], ['neutral'], ['neutral']]"
333.513,0,100,"[186.865, 206.948, 308.258, 308.899, 315.469, 355.538, 378.806, 460.786, 480.049]","[0.43, 0.364, 0.031, 0.029, 0.008, -0.124, -0.2, -0.47, -0.533]","[0.738, 0.67, 0.552]","[['contradiction'], ['neutral'], ['contradiction'], ['neutral'], ['neutral'], ['entailment'], ['neutral'], ['entailment'], ['neutral']]","[['contradiction'], ['neutral'], ['neutral']]"
115.481,66.0,12.0,"[114.33, 116.633]","[0.669, 0.661]","[1.026]","[['neutral'], ['neutral']]","[['neutral']]"
132.341,61.0,14.0,"[83.136, 103.697, 121.18, 127.371, 128.399, 174.851, 187.754]","[0.771, 0.704, 0.646, 0.626, 0.622, 0.47, 0.427]","[0.91, 0.681]","[['neutral'], ['neutral'], ['neutral'], ['contradiction'], ['neutral'], ['neutral'], ['neutral']]","[['neutral'], ['neutral']]"
127.325,63.0,17.0,"[77.157, 82.978, 97.328, 109.919, 114.021, 125.943, 129.038, 132.061, 143.566, 147.618, 158.53, 164.046, 173.023]","[0.791, 0.772, 0.725, 0.683, 0.67, 0.631, 0.62, 0.61, 0.573, 0.559, 0.523, 0.505, 0.476]","[2.325, 1.288, 1.226]","[['neutral'], ['neutral'], ['neutral'], ['neutral'], ['neutral'], ['neutral'], ['neutral'], ['neutral'], ['neutral'], ['neutral'], ['neutral'], ['contradiction'], ['neutral']]","[['contradiction'], ['neutral'], ['neutral']]"
190.662,42.0,46.0,"[122.945, 164.45, 175.095, 194.115, 195.679, 198.801, 213.663, 215.607, 235.607]","[0.64, 0.504, 0.469, 0.407, 0.401, 0.391, 0.342, 0.336, 0.27]","[1.605, 1.389]","[['neutral'], ['neutral'], ['entailment'], ['neutral'], ['neutral'], ['neutral'], ['neutral'], ['neutral'], ['neutral']]","[['neutral'], ['neutral']]"
113.462,67.0,12.0,"[85.264, 86.981, 92.527, 108.882, 112.22, 121.372, 128.698, 141.443, 143.772]","[0.764, 0.759, 0.74, 0.687, 0.676, 0.646, 0.621, 0.58, 0.572]","[0.926, 0.51]","[['neutral'], ['neutral'], ['neutral'], ['neutral'], ['neutral'], ['neutral'], ['neutral'], ['contradiction'], ['contradiction']]","[['contradiction'], ['neutral']]"
166.548,50.0,32.0,"[115.831, 127.626, 146.201, 147.705, 167.367, 174.901, 191.073, 195.461, 232.763]","[0.664, 0.625, 0.564, 0.559, 0.494, 0.47, 0.416, 0.402, 0.28]","[0.857, 0.669, 0.664]","[['neutral'], ['neutral'], ['contradiction'], ['neutral'], ['neutral'], ['neutral'], ['neutral'], ['contradiction'], ['neutral']]","[['contradiction'], ['neutral'], ['entailment']]"
160.239,52.0,24.0,"[123.849, 124.51, 142.5, 154.717, 165.819, 170.21, 180.576, 188.476, 191.497]","[0.637, 0.635, 0.576, 0.536, 0.499, 0.485, 0.451, 0.425, 0.415]","[1.476, 0.89]","[['neutral'], ['neutral'], ['neutral'], ['neutral'], ['contradiction'], ['neutral'], ['neutral'], ['neutral'], ['neutral']]","[['neutral'], ['neutral']]"
254.334,21.0,54.0,"[207.557, 216.399, 230.229, 235.231, 264.035, 266.552, 277.766, 336.899]","[0.362, 0.333, 0.288, 0.271, 0.177, 0.168, 0.132, -0.063]","[1.938]","[['neutral'], ['neutral'], ['neutral'], ['neutral'], ['neutral'], ['contradiction'], ['neutral'], ['neutral']]","[['neutral']]"
128.22,62.0,15.0,"[90.572, 96.829, 109.077, 111.576, 112.923, 115.234, 129.008, 148.918, 157.441, 168.772, 170.068]","[0.747, 0.726, 0.686, 0.678, 0.673, 0.666, 0.62, 0.555, 0.527, 0.49, 0.486]","[3.454, 0.443, 0.429]","[['neutral'], ['neutral'], ['neutral'], ['neutral'], ['contradiction'], ['neutral'], ['neutral'], ['contradiction'], ['neutral'], ['neutral'], ['neutral']]","[['neutral'], ['neutral'], ['neutral']]"
147.257,56.0,32.0,"[74.185, 91.392, 133.822, 137.971, 166.967, 169.193, 174.84, 229.688]","[0.801, 0.744, 0.605, 0.591, 0.496, 0.488, 0.47, 0.29]","[1.776, 0.293]","[['neutral'], ['entailment'], ['neutral'], ['neutral'], ['neutral'], ['neutral'], ['neutral'], ['neutral']]","[['neutral'], ['neutral']]"
140.607,58.0,33.0,"[99.987, 106.529, 110.079, 119.356, 134.124, 140.007, 143.856, 146.452, 154.406, 161.994, 229.889]","[0.716, 0.694, 0.683, 0.652, 0.604, 0.584, 0.572, 0.563, 0.537, 0.512, 0.289]","[2.881, 2.746, 1.416]","[['neutral'], ['neutral'], ['entailment'], ['neutral'], ['entailment'], ['contradiction'], ['neutral'], ['contradiction'], ['neutral'], ['neutral'], ['neutral']]","[['neutral'], ['neutral'], ['neutral']]"
125.385,63.0,15.0,"[105.905, 127.273, 142.978]","[0.696, 0.626, 0.575]","[1.559]","[['neutral'], ['neutral'], ['neutral']]","[['neutral']]"
149.315,55.0,27.0,"[96.239, 96.257, 107.89, 121.226, 138.628, 172.66, 175.0, 180.662, 195.994, 208.599]","[0.728, 0.728, 0.69, 0.646, 0.589, 0.477, 0.469, 0.451, 0.4, 0.359]","[5.373, 3.357, 2.256]","[['neutral'], ['neutral'], ['neutral'], ['neutral'], ['neutral'], ['neutral'], ['neutral'], ['neutral'], ['neutral'], ['neutral']]","[['neutral'], ['neutral'], ['neutral']]"
188.184,43.0,34.0,"[136.696, 179.689, 189.11, 199.854, 207.193, 216.561]","[0.595, 0.454, 0.423, 0.388, 0.364, 0.333]","[0.77, 0.738]","[['neutral'], ['neutral'], ['contradiction'], ['neutral'], ['neutral'], ['contradiction']]","[['neutral'], ['contradiction']]"
153.272,54.0,29.0,"[106.541, 122.551, 131.946, 132.815, 152.243, 155.676, 158.519, 181.186, 192.239, 199.0]","[0.694, 0.642, 0.611, 0.608, 0.544, 0.533, 0.523, 0.449, 0.413, 0.39]","[1.788, 1.123, 0.642]","[['neutral'], ['neutral'], ['neutral'], ['neutral'], ['neutral'], ['neutral'], ['neutral'], ['neutral'], ['neutral'], ['neutral']]","[['neutral'], ['neutral'], ['neutral']]"
140.39,58.0,32.0,"[77.874, 110.284, 118.064, 156.794, 162.182, 162.654, 165.815, 169.457]","[0.788, 0.682, 0.656, 0.529, 0.511, 0.51, 0.499, 0.488]","[4.145, 1.723, 0.319]","[['neutral'], ['neutral'], ['neutral'], ['neutral'], ['neutral'], ['neutral'], ['neutral'], ['neutral']]","[['neutral'], ['neutral'], ['neutral']]"
132.494,61.0,8.0,"[105.786, 127.032, 130.329, 130.724, 144.734, 156.361]","[0.697, 0.627, 0.616, 0.615, 0.569, 0.531]","[3.415, 3.401, 2.883]","[['neutral'], ['neutral'], ['neutral'], ['neutral'], ['neutral'], ['neutral']]","[['neutral'], ['neutral'], ['neutral']]"
157.585,53.0,30.0,"[115.167, 139.572, 147.08, 168.809, 168.887, 171.131, 174.623, 175.414]","[0.666, 0.586, 0.561, 0.49, 0.489, 0.482, 0.471, 0.468]","[4.398, 1.076]","[['neutral'], ['neutral'], ['neutral'], ['neutral'], ['neutral'], ['neutral'], ['neutral'], ['neutral']]","[['neutral'], ['neutral']]"
237.773,26.0,48.0,"[161.868, 181.395, 232.378, 233.636, 244.077, 264.837, 272.519, 311.472]","[0.512, 0.448, 0.281, 0.277, 0.242, 0.174, 0.149, 0.021]","[4.099, 0.821, 0.36]","[['neutral'], ['neutral'], ['contradiction'], ['neutral'], ['neutral'], ['neutral'], ['neutral'], ['neutral']]","[['neutral'], ['neutral'], ['neutral']]"
98.608,72.0,8.0,"[41.654, 65.783, 80.478, 88.381, 94.466, 114.086, 114.284, 119.448, 133.014, 134.482]","[0.907, 0.828, 0.78, 0.754, 0.734, 0.669, 0.669, 0.652, 0.607, 0.602]","[2.576, 2.098, 0.28]","[['neutral'], ['neutral'], ['neutral'], ['contradiction'], ['neutral'], ['neutral'], ['neutral'], ['neutral'], ['neutral'], ['neutral']]","[['neutral'], ['neutral'], ['neutral']]"
150.875,55.0,25.0,"[119.179, 164.406, 169.039]","[0.653, 0.504, 0.489]","[1.403, 1.046]","[['neutral'], ['neutral'], ['neutral']]","[['neutral'], ['neutral']]"
186.753,43.0,38.0,"[122.105, 171.535, 186.561, 190.792, 194.885, 211.453, 229.941]","[0.643, 0.481, 0.431, 0.417, 0.404, 0.35, 0.289]","[]","[['neutral'], ['neutral'], ['neutral'], ['neutral'], ['neutral'], ['neutral'], ['neutral']]","[]"
127.806,62.0,12.0,"[100.767, 110.761, 114.615, 116.008, 116.848, 135.058, 140.024, 152.942, 163.227]","[0.713, 0.68, 0.668, 0.663, 0.66, 0.601, 0.584, 0.542, 0.508]","[2.356, 1.404, 1.317]","[['neutral'], ['neutral'], ['neutral'], ['contradiction'], ['neutral'], ['neutral'], ['neutral'], ['neutral'], ['neutral']]","[['neutral'], ['neutral'], ['neutral']]"
200.402,39.0,43.0,"[140.798, 179.647, 187.414, 190.861, 197.88, 203.243, 204.67, 209.132, 219.627, 219.652, 224.113, 227.787]","[0.582, 0.454, 0.429, 0.417, 0.394, 0.377, 0.372, 0.357, 0.323, 0.323, 0.308, 0.296]","[1.942, 0.986, 0.917]","[['neutral'], ['neutral'], ['neutral'], ['neutral'], ['neutral'], ['neutral'], ['neutral'], ['neutral'], ['neutral'], ['neutral'], ['neutral'], ['neutral']]","[['neutral'], ['neutral'], ['neutral']]"
149.132,55.0,18.0,"[104.473, 123.427, 142.05, 143.691, 146.221, 153.378, 158.753, 166.355, 168.712, 184.263]","[0.701, 0.639, 0.578, 0.572, 0.564, 0.54, 0.523, 0.498, 0.49, 0.439]","[2.438, 0.729]","[['neutral'], ['neutral'], ['neutral'], ['neutral'], ['neutral'], ['neutral'], ['neutral'], ['neutral'], ['neutral'], ['neutral']]","[['neutral'], ['neutral']]"
96.43,73.0,20.0,"[63.219, 78.455, 81.325, 83.807, 84.399, 89.816, 100.883, 110.302, 114.489, 115.607, 116.059, 118.799]","[0.837, 0.787, 0.777, 0.769, 0.767, 0.749, 0.713, 0.682, 0.668, 0.664, 0.663, 0.654]","[1.893, 1.797]","[['neutral'], ['neutral'], ['neutral'], ['neutral'], ['neutral'], ['neutral'], ['neutral'], ['neutral'], ['neutral'], ['neutral'], ['contradiction'], ['neutral']]","[['contradiction'], ['neutral']]"
243.361,24.0,67.0,"[185.731, 210.982, 230.44, 235.637, 239.726, 251.821, 252.766, 268.055, 275.454, 282.995]","[0.434, 0.351, 0.287, 0.27, 0.257, 0.217, 0.214, 0.164, 0.139, 0.114]","[0.356, 0.072]","[['neutral'], ['neutral'], ['entailment'], ['neutral'], ['neutral'], ['neutral'], ['neutral'], ['neutral'], ['neutral'], ['neutral']]","[['neutral'], ['neutral']]"
217.168,33.0,57.0,"[146.126, 164.093, 190.63, 207.339, 230.63, 258.974, 322.384]","[0.564, 0.505, 0.418, 0.363, 0.287, 0.193, -0.015]","[1.312]","[['neutral'], ['entailment'], ['contradiction'], ['neutral'], ['neutral'], ['neutral'], ['neutral']]","[['neutral']]"
190.593,42.0,52.0,"[130.646, 169.125, 169.929, 179.164, 179.364, 187.343, 189.079, 205.28, 207.358, 229.318, 249.922]","[0.615, 0.489, 0.486, 0.456, 0.455, 0.429, 0.423, 0.37, 0.363, 0.291, 0.223]","[4.354, 1.011, 0.165]","[['neutral'], ['contradiction'], ['entailment'], ['neutral'], ['neutral'], ['contradiction'], ['neutral'], ['neutral'], ['neutral'], ['neutral'], ['entailment']]","[['neutral'], ['entailment'], ['neutral']]"
116.626,66.0,17.0,"[67.895, 72.737, 83.867, 101.601, 109.79, 112.306, 112.616, 125.79, 127.54, 132.363, 139.194, 140.072, 151.323, 155.674]","[0.821, 0.805, 0.769, 0.71, 0.684, 0.675, 0.674, 0.631, 0.625, 0.609, 0.587, 0.584, 0.547, 0.533]","[3.29, 0.867, 0.686]","[['neutral'], ['neutral'], ['neutral'], ['neutral'], ['neutral'], ['neutral'], ['neutral'], ['neutral'], ['contradiction'], ['neutral'], ['neutral'], ['neutral'], ['neutral'], ['neutral']]","[['neutral'], ['neutral'], ['neutral']]"
231.697,28.0,95.0,"[194.213, 201.092, 211.652, 258.604, 292.926]","[0.406, 0.384, 0.349, 0.195, 0.082]","[2.597, 1.592, 0.805]","[['neutral'], ['contradiction'], ['neutral'], ['contradiction'], ['neutral']]","[['neutral'], ['neutral'], ['neutral']]"
188.537,42.0,39.0,"[151.064, 155.143, 175.539, 197.233, 203.833, 248.407]","[0.548, 0.535, 0.468, 0.396, 0.375, 0.228]","[0.949]","[['neutral'], ['neutral'], ['neutral'], ['neutral'], ['neutral'], ['neutral']]","[['neutral']]"
114.645,67.0,11.0,"[75.091, 75.291, 107.677, 114.142, 129.489, 148.675, 152.149]","[0.798, 0.797, 0.691, 0.669, 0.619, 0.556, 0.544]","[1.376, 0.714, 0.464]","[['neutral'], ['neutral'], ['neutral'], ['neutral'], ['neutral'], ['neutral'], ['neutral']]","[['neutral'], ['neutral'], ['neutral']]"
223.147,31.0,54.0,"[184.669, 218.021, 218.398, 224.847, 230.452, 262.493]","[0.438, 0.328, 0.327, 0.306, 0.287, 0.182]","[4.116, 0.557]","[['neutral'], ['neutral'], ['neutral'], ['neutral'], ['neutral'], ['neutral']]","[['neutral'], ['neutral']]"
209.559,36.0,43.0,"[147.772, 165.434, 176.962, 204.237, 206.995, 218.77, 242.134, 257.942, 265.782]","[0.559, 0.501, 0.463, 0.373, 0.364, 0.325, 0.249, 0.197, 0.171]","[2.143, 1.137]","[['neutral'], ['neutral'], ['neutral'], ['neutral'], ['neutral'], ['contradiction'], ['neutral'], ['neutral'], ['neutral']]","[['neutral'], ['neutral']]"
371.254,0,67.0,"[314.202, 319.054, 398.851, 400.344, 423.82]","[0.012, -0.004, -0.266, -0.271, -0.348]","[1.709, 0.073]","[['neutral'], ['neutral'], ['contradiction'], ['neutral'], ['neutral']]","[['neutral'], ['neutral']]"
119.535,65.0,12.0,"[75.949, 87.074, 100.368, 109.315, 111.717, 119.426, 124.18, 124.658, 126.015, 127.913, 133.815, 146.388, 167.138]","[0.795, 0.758, 0.715, 0.685, 0.677, 0.652, 0.636, 0.635, 0.63, 0.624, 0.605, 0.563, 0.495]","[1.232, 1.057, 1.042]","[['neutral'], ['neutral'], ['neutral'], ['neutral'], ['neutral'], ['neutral'], ['neutral'], ['neutral'], ['neutral'], ['neutral'], ['neutral'], ['neutral'], ['neutral']]","[['neutral'], ['neutral'], ['neutral']]"
157.234,53.0,32.0,"[133.673, 134.687, 143.422, 148.524, 160.059, 161.951, 163.831, 165.984, 176.55, 183.659]","[0.605, 0.602, 0.573, 0.556, 0.518, 0.512, 0.506, 0.499, 0.464, 0.441]","[1.547, 1.478, 1.367]","[['neutral'], ['contradiction'], ['contradiction'], ['neutral'], ['neutral'], ['contradiction'], ['neutral'], ['neutral'], ['neutral'], ['entailment']]","[['neutral'], ['entailment'], ['neutral']]"
189.097,42.0,48.0,"[152.424, 162.436, 179.054, 184.512, 188.982, 206.68, 217.024, 221.662]","[0.543, 0.511, 0.456, 0.438, 0.423, 0.365, 0.331, 0.316]","[0.843, 0.498, 0.422]","[['neutral'], ['neutral'], ['neutral'], ['neutral'], ['contradiction'], ['neutral'], ['neutral'], ['neutral']]","[['neutral'], ['contradiction'], ['neutral']]"
182.254,45.0,32.0,"[168.038, 173.274, 177.596, 180.065, 181.153, 186.989, 190.412, 200.502]","[0.492, 0.475, 0.461, 0.453, 0.449, 0.43, 0.419, 0.386]","[2.916, 2.155, 0.194]","[['neutral'], ['neutral'], ['neutral'], ['neutral'], ['neutral'], ['neutral'], ['neutral'], ['neutral']]","[['neutral'], ['neutral'], ['neutral']]"
142.893,57.0,24.0,"[99.323, 124.737, 134.213, 152.285, 203.907]","[0.718, 0.634, 0.603, 0.544, 0.374]","[1.974, 1.024, 0.866]","[['neutral'], ['neutral'], ['neutral'], ['neutral'], ['neutral']]","[['neutral'], ['neutral'], ['neutral']]"
123.647,64.0,11.0,"[92.521, 95.605, 117.103, 120.452, 125.75, 127.894, 127.955, 147.611, 157.932]","[0.74, 0.73, 0.66, 0.649, 0.631, 0.624, 0.624, 0.559, 0.525]","[3.686, 0.923, 0.881]","[['neutral'], ['neutral'], ['entailment'], ['neutral'], ['contradiction'], ['neutral'], ['neutral'], ['neutral'], ['contradiction']]","[['neutral'], ['neutral'], ['contradiction']]"
211.589,35.0,46.0,"[154.528, 182.437, 184.898, 186.286, 191.176, 200.218, 221.456, 284.257, 299.046]","[0.537, 0.445, 0.437, 0.432, 0.416, 0.386, 0.317, 0.11, 0.062]","[1.475]","[['contradiction'], ['neutral'], ['neutral'], ['neutral'], ['contradiction'], ['neutral'], ['neutral'], ['neutral'], ['neutral']]","[['neutral']]"
71.741,81.0,0,"[42.286, 44.197, 65.436, 101.454, 105.331]","[0.905, 0.899, 0.829, 0.711, 0.698]","[3.152]","[['neutral'], ['neutral'], ['neutral'], ['neutral'], ['neutral']]","[['neutral']]"
149.02,55.0,26.0,"[140.389, 143.215, 145.556, 152.099, 163.842]","[0.583, 0.574, 0.566, 0.545, 0.506]","[2.332, 1.261, 0.468]","[['neutral'], ['neutral'], ['neutral'], ['neutral'], ['neutral']]","[['neutral'], ['neutral'], ['neutral']]"
207.68,36.0,51.0,"[145.383, 147.153, 173.487, 178.351, 208.817, 219.794, 380.773]","[0.567, 0.561, 0.474, 0.458, 0.358, 0.322, -0.207]","[1.213, 1.045]","[['neutral'], ['contradiction'], ['neutral'], ['neutral'], ['contradiction'], ['neutral'], ['neutral']]","[['neutral'], ['neutral']]"
122.558,64.0,33.0,"[84.262, 95.985, 99.466, 100.712, 105.194, 112.59, 140.643, 143.923, 143.991, 154.64, 166.735]","[0.767, 0.729, 0.718, 0.713, 0.699, 0.674, 0.582, 0.571, 0.571, 0.536, 0.496]","[3.888, 1.665, 1.517]","[['neutral'], ['neutral'], ['contradiction'], ['neutral'], ['neutral'], ['neutral'], ['neutral'], ['neutral'], ['neutral'], ['neutral'], ['contradiction']]","[['neutral'], ['neutral'], ['contradiction']]"
94.452,73.0,2.0,"[62.184, 77.728, 80.132, 83.008, 83.905, 88.396, 93.341, 98.735, 102.266, 103.124, 114.294, 119.701, 121.068]","[0.84, 0.789, 0.781, 0.772, 0.769, 0.754, 0.738, 0.72, 0.708, 0.705, 0.669, 0.651, 0.647]","[2.359, 1.531, 1.474]","[['neutral'], ['neutral'], ['neutral'], ['neutral'], ['contradiction'], ['neutral'], ['neutral'], ['neutral'], ['neutral'], ['neutral'], ['neutral'], ['neutral'], ['neutral']]","[['neutral'], ['neutral'], ['neutral']]"
126.888,63.0,27.0,"[85.837, 101.497, 104.977, 127.728, 145.335, 195.955]","[0.762, 0.711, 0.699, 0.625, 0.567, 0.4]","[1.651, 1.412]","[['neutral'], ['neutral'], ['neutral'], ['neutral'], ['neutral'], ['neutral']]","[['neutral'], ['neutral']]"
276.426,14.0,72.0,"[187.92, 230.844, 231.351, 299.997, 303.965, 404.479]","[0.427, 0.286, 0.284, 0.059, 0.046, -0.285]","[2.391, 0.873]","[['neutral'], ['neutral'], ['neutral'], ['neutral'], ['neutral'], ['neutral']]","[['contradiction'], ['neutral']]"
192.791,41.0,47.0,"[165.797, 178.535, 234.041]","[0.5, 0.458, 0.275]","[0.969, 0.758, 0.593]","[['neutral'], ['neutral'], ['neutral']]","[['neutral'], ['neutral'], ['neutral']]"
98.122,72.0,8.0,"[57.403, 75.167, 78.885, 88.716, 92.423, 141.522, 152.736]","[0.856, 0.797, 0.785, 0.753, 0.741, 0.579, 0.542]","[1.279, 1.174, 0.861]","[['neutral'], ['neutral'], ['neutral'], ['neutral'], ['neutral'], ['neutral'], ['neutral']]","[['neutral'], ['neutral'], ['contradiction']]"
143.111,57.0,23.0,"[102.376, 113.58, 121.93, 138.247, 139.447, 158.985, 177.438, 192.883]","[0.708, 0.671, 0.644, 0.59, 0.586, 0.522, 0.461, 0.411]","[1.598, 1.244, 1.224]","[['neutral'], ['neutral'], ['neutral'], ['entailment'], ['neutral'], ['neutral'], ['neutral'], ['neutral']]","[['neutral'], ['neutral'], ['neutral']]"
122.358,64.0,18.0,"[65.319, 95.499, 107.322, 107.338, 120.54, 131.771, 149.349, 160.245, 163.842]","[0.83, 0.731, 0.692, 0.692, 0.648, 0.611, 0.554, 0.518, 0.506]","[1.016, 1.01, 0.532]","[['entailment'], ['neutral'], ['neutral'], ['contradiction'], ['neutral'], ['neutral'], ['neutral'], ['neutral'], ['neutral']]","[['neutral'], ['neutral'], ['neutral']]"
154.521,54.0,32.0,"[121.516, 121.85, 136.886, 147.172, 183.549, 216.154]","[0.645, 0.644, 0.595, 0.561, 0.441, 0.334]","[3.036, 1.243]","[['neutral'], ['neutral'], ['neutral'], ['neutral'], ['neutral'], ['neutral']]","[['neutral'], ['neutral']]"
130.985,61.0,17.0,"[97.833, 120.599, 130.81, 132.077, 149.556, 155.036]","[0.723, 0.648, 0.615, 0.61, 0.553, 0.535]","[1.176, 0.677, 0.58]","[['neutral'], ['neutral'], ['neutral'], ['neutral'], ['neutral'], ['neutral']]","[['neutral'], ['neutral'], ['neutral']]"
101.441,71.0,7.0,"[54.501, 69.573, 91.658, 97.541, 98.191, 105.294, 106.749, 141.425, 148.041]","[0.865, 0.816, 0.743, 0.724, 0.722, 0.698, 0.694, 0.58, 0.558]","[3.299, 2.348, 1.113]","[['neutral'], ['contradiction'], ['neutral'], ['neutral'], ['neutral'], ['contradiction'], ['neutral'], ['neutral'], ['neutral']]","[['neutral'], ['neutral'], ['neutral']]"
134.75,60.0,28.0,"[84.209, 105.296, 108.399, 113.944, 118.135, 138.322, 178.624, 179.08, 186.742]","[0.768, 0.698, 0.688, 0.67, 0.656, 0.59, 0.457, 0.456, 0.431]","[2.019, 1.108]","[['neutral'], ['neutral'], ['neutral'], ['contradiction'], ['neutral'], ['neutral'], ['neutral'], ['contradiction'], ['neutral']]","[['contradiction'], ['neutral']]"
274.923,14.0,86.0,"[220.923, 237.124, 244.186, 246.573, 267.529, 279.723, 284.481, 284.632, 335.163, 348.892]","[0.318, 0.265, 0.242, 0.234, 0.165, 0.125, 0.11, 0.109, -0.057, -0.102]","[0.415, 0.211, 0.161]","[['contradiction'], ['neutral'], ['neutral'], ['neutral'], ['neutral'], ['neutral'], ['contradiction'], ['neutral'], ['contradiction'], ['neutral']]","[['neutral'], ['neutral'], ['neutral']]"
207.623,36.0,42.0,"[153.989, 170.768, 175.537, 175.998, 214.366, 215.436, 230.983, 244.229, 287.305]","[0.538, 0.483, 0.468, 0.466, 0.34, 0.336, 0.285, 0.242, 0.1]","[2.556, 1.719, 0.921]","[['neutral'], ['neutral'], ['entailment'], ['contradiction'], ['neutral'], ['neutral'], ['neutral'], ['neutral'], ['neutral']]","[['neutral'], ['neutral'], ['neutral']]"
192.775,41.0,43.0,"[117.624, 118.465, 129.399, 139.369, 161.072, 187.275, 212.757, 215.445, 229.15, 265.687, 344.282]","[0.658, 0.655, 0.619, 0.586, 0.515, 0.429, 0.345, 0.336, 0.291, 0.171, -0.087]","[0.871, 0.761, 0.499]","[['neutral'], ['neutral'], ['neutral'], ['neutral'], ['neutral'], ['contradiction'], ['neutral'], ['neutral'], ['neutral'], ['neutral'], ['neutral']]","[['neutral'], ['neutral'], ['neutral']]"
102.671,71.0,5.0,"[75.889, 77.761, 84.577, 85.219, 113.891, 132.642, 148.716]","[0.795, 0.789, 0.766, 0.764, 0.67, 0.608, 0.556]","[0.927, 0.858]","[['neutral'], ['entailment'], ['neutral'], ['neutral'], ['neutral'], ['neutral'], ['neutral']]","[['neutral'], ['neutral']]"
136.036,60.0,19.0,"[77.575, 93.273, 101.926, 121.938, 136.497, 155.394, 200.738, 200.95]","[0.789, 0.738, 0.709, 0.644, 0.596, 0.534, 0.385, 0.384]","[2.397, 0.655, 0.503]","[['entailment'], ['neutral'], ['neutral'], ['contradiction'], ['neutral'], ['neutral'], ['neutral'], ['neutral']]","[['neutral'], ['neutral'], ['neutral']]"
131.027,61.0,24.0,"[80.527, 105.754, 109.695, 118.669, 124.53, 126.019, 128.285, 129.494, 131.096, 132.942, 134.417, 145.244, 176.975, 190.735]","[0.78, 0.697, 0.684, 0.654, 0.635, 0.63, 0.623, 0.619, 0.614, 0.608, 0.603, 0.567, 0.463, 0.418]","[0.604]","[['neutral'], ['neutral'], ['neutral'], ['neutral'], ['contradiction'], ['neutral'], ['neutral'], ['neutral'], ['neutral'], ['neutral'], ['neutral'], ['contradiction'], ['neutral'], ['contradiction']]","[['contradiction']]"
158.572,52.0,32.0,"[82.112, 124.983, 125.749, 128.582, 135.001, 146.283, 168.893, 175.46, 181.359, 182.615, 184.972, 185.18, 196.143, 202.678]","[0.775, 0.634, 0.631, 0.622, 0.601, 0.564, 0.489, 0.468, 0.448, 0.444, 0.437, 0.436, 0.4, 0.378]","[0.815, 0.709, 0.626]","[['neutral'], ['neutral'], ['contradiction'], ['neutral'], ['neutral'], ['neutral'], ['neutral'], ['neutral'], ['neutral'], ['neutral'], ['neutral'], ['neutral'], ['neutral'], ['neutral']]","[['neutral'], ['neutral'], ['neutral']]"
234.67,27.0,49.0,"[140.914, 168.779, 186.945, 189.556, 228.848, 232.016, 246.847, 258.237, 261.552, 270.937, 272.308, 274.89, 318.88]","[0.581, 0.49, 0.43, 0.421, 0.292, 0.282, 0.233, 0.196, 0.185, 0.154, 0.15, 0.141, -0.003]","[2.974, 1.288, 0.813]","[['neutral'], ['neutral'], ['neutral'], ['neutral'], ['neutral'], ['neutral'], ['contradiction'], ['neutral'], ['neutral'], ['neutral'], ['neutral'], ['neutral'], ['neutral']]","[['neutral'], ['neutral'], ['neutral']]"
148.912,56.0,24.0,"[115.706, 122.451, 132.664, 134.054, 149.506, 157.78, 168.592, 168.882, 190.572]","[0.664, 0.642, 0.608, 0.604, 0.553, 0.526, 0.49, 0.489, 0.418]","[3.196, 1.432]","[['neutral'], ['neutral'], ['neutral'], ['neutral'], ['neutral'], ['contradiction'], ['neutral'], ['neutral'], ['neutral']]","[['neutral'], ['neutral']]"
163.423,51.0,32.0,"[138.737, 142.644, 155.645, 167.008, 172.308, 178.683, 188.938]","[0.588, 0.576, 0.533, 0.496, 0.478, 0.457, 0.424]","[1.477, 0.97, 0.681]","[['neutral'], ['neutral'], ['neutral'], ['neutral'], ['neutral'], ['neutral'], ['contradiction']]","[['neutral'], ['contradiction'], ['neutral']]"
174.829,47.0,38.0,"[126.835, 127.617, 137.804, 140.582, 176.39, 185.01, 185.931, 192.806, 228.467, 246.848]","[0.628, 0.625, 0.592, 0.582, 0.465, 0.436, 0.433, 0.411, 0.294, 0.233]","[2.15, 1.739]","[['neutral'], ['contradiction'], ['neutral'], ['neutral'], ['neutral'], ['neutral'], ['neutral'], ['neutral'], ['neutral'], ['neutral']]","[['neutral'], ['neutral']]"
285.615,11.0,76.0,"[223.81, 259.714, 265.109, 290.243, 292.17, 299.597, 310.421, 313.973, 315.494]","[0.309, 0.191, 0.173, 0.091, 0.084, 0.06, 0.024, 0.013, 0.008]","[0.345]","[['neutral'], ['neutral'], ['contradiction'], ['neutral'], ['contradiction'], ['neutral'], ['neutral'], ['neutral'], ['neutral']]","[['neutral']]"
295.176,7.0,96.0,"[189.299, 278.159, 418.071]","[0.422, 0.13, -0.329]","[2.744, 0.586]","[['entailment'], ['neutral'], ['neutral']]","[['neutral'], ['neutral']]"
168.791,49.0,44.0,"[129.846, 139.06, 140.941, 141.421, 153.679, 174.605, 177.464, 194.94, 212.758, 223.192]","[0.618, 0.587, 0.581, 0.58, 0.539, 0.471, 0.461, 0.404, 0.345, 0.311]","[2.904, 1.733, 0.95]","[['neutral'], ['neutral'], ['contradiction'], ['neutral'], ['neutral'], ['neutral'], ['neutral'], ['neutral'], ['neutral'], ['neutral']]","[['neutral'], ['neutral'], ['neutral']]"
230.244,29.0,62.0,"[186.294, 190.362, 207.493, 215.249, 224.507, 229.527, 233.827, 243.923, 244.304, 249.676, 263.34, 274.429]","[0.432, 0.419, 0.363, 0.337, 0.307, 0.29, 0.276, 0.243, 0.242, 0.224, 0.179, 0.143]","[0.542, 0.515, 0.449]","[['neutral'], ['neutral'], ['neutral'], ['neutral'], ['neutral'], ['neutral'], ['neutral'], ['contradiction'], ['neutral'], ['neutral'], ['neutral'], ['neutral']]","[['neutral'], ['neutral'], ['neutral']]"
273.49,15.0,83.0,"[257.569, 267.404, 273.837, 295.15]","[0.198, 0.166, 0.145, 0.075]","[0.795, 0.0, 0.0]","[['neutral'], ['entailment'], ['neutral'], ['neutral']]","[['neutral'], ['neutral'], ['neutral']]"
176.5,46.0,36.0,"[137.738, 152.344, 156.247, 164.594, 167.815, 176.272, 190.453, 220.781, 222.258]","[0.592, 0.544, 0.531, 0.504, 0.493, 0.465, 0.419, 0.319, 0.314]","[0.934, 0.36, 0.338]","[['neutral'], ['neutral'], ['neutral'], ['neutral'], ['neutral'], ['neutral'], ['neutral'], ['neutral'], ['neutral']]","[['neutral'], ['neutral'], ['contradiction']]"
124.949,63.0,27.0,"[90.024, 97.222, 98.115, 128.071, 161.247, 175.017]","[0.749, 0.725, 0.722, 0.624, 0.515, 0.469]","[2.321, 0.832]","[['neutral'], ['neutral'], ['neutral'], ['neutral'], ['neutral'], ['neutral']]","[['neutral'], ['neutral']]"
113.923,67.0,18.0,"[92.332, 92.749, 99.027, 101.431, 108.612, 109.046, 109.229, 111.567, 116.534, 129.831, 134.73, 137.806, 138.103]","[0.741, 0.74, 0.719, 0.711, 0.687, 0.686, 0.685, 0.678, 0.661, 0.618, 0.602, 0.592, 0.591]","[1.99, 1.794]","[['neutral'], ['contradiction'], ['neutral'], ['neutral'], ['neutral'], ['neutral'], ['neutral'], ['neutral'], ['neutral'], ['neutral'], ['neutral'], ['neutral'], ['neutral']]","[['neutral'], ['neutral']]"
193.534,41.0,45.0,"[128.749, 156.429, 161.473, 176.63, 189.373, 200.067, 212.224, 219.437, 240.986, 249.969]","[0.621, 0.53, 0.514, 0.464, 0.422, 0.387, 0.347, 0.323, 0.252, 0.223]","[1.504, 1.396, 1.297]","[['neutral'], ['neutral'], ['entailment'], ['neutral'], ['neutral'], ['neutral'], ['neutral'], ['neutral'], ['neutral'], ['neutral']]","[['neutral'], ['neutral'], ['neutral']]"
191.25,42.0,32.0,"[133.153, 166.77, 172.902, 177.307, 237.413, 259.957]","[0.607, 0.496, 0.476, 0.462, 0.264, 0.19]","[1.951, 0.511]","[['neutral'], ['neutral'], ['contradiction'], ['neutral'], ['neutral'], ['neutral']]","[['neutral'], ['neutral']]"
107.081,69.0,7.0,"[73.328, 88.519, 92.041, 92.299, 93.485, 98.201, 112.283, 113.093, 153.713, 153.848]","[0.803, 0.753, 0.742, 0.741, 0.737, 0.722, 0.675, 0.673, 0.539, 0.539]","[1.505, 0.279, 0.264]","[['neutral'], ['neutral'], ['neutral'], ['neutral'], ['entailment'], ['neutral'], ['neutral'], ['contradiction'], ['neutral'], ['neutral']]","[['contradiction'], ['neutral'], ['neutral']]"
129.698,62.0,25.0,"[113.163, 117.845, 120.276, 122.317, 133.489, 171.095]","[0.673, 0.657, 0.649, 0.642, 0.606, 0.482]","[2.761, 1.528]","[['neutral'], ['neutral'], ['neutral'], ['entailment'], ['neutral'], ['neutral']]","[['neutral'], ['neutral']]"
262.662,18.0,78.0,"[237.05, 240.819, 249.552, 288.102, 297.787]","[0.265, 0.253, 0.224, 0.098, 0.066]","[]","[['contradiction'], ['entailment'], ['neutral'], ['contradiction'], ['contradiction']]","[]"
110.869,68.0,13.0,"[90.496, 99.447, 111.657, 141.876]","[0.747, 0.718, 0.677, 0.578]","[1.749]","[['contradiction'], ['neutral'], ['neutral'], ['neutral']]","[['neutral']]"
141.91,58.0,12.0,"[102.35, 112.882, 118.967, 121.393, 123.968, 128.832, 132.811, 144.492, 144.781, 146.067, 146.254, 157.259, 167.606, 189.073, 191.911]","[0.708, 0.673, 0.653, 0.645, 0.637, 0.621, 0.608, 0.57, 0.569, 0.564, 0.564, 0.528, 0.494, 0.423, 0.414]","[2.845, 2.762, 0.721]","[['entailment'], ['neutral'], ['neutral'], ['neutral'], ['neutral'], ['neutral'], ['neutral'], ['entailment'], ['neutral'], ['neutral'], ['entailment'], ['neutral'], ['neutral'], ['neutral'], ['entailment']]","[['neutral'], ['neutral'], ['entailment']]"
167.913,49.0,32.0,"[131.768, 147.837, 165.111, 178.615, 189.46, 194.689]","[0.611, 0.559, 0.502, 0.457, 0.422, 0.405]","[1.124]","[['contradiction'], ['neutral'], ['entailment'], ['neutral'], ['neutral'], ['neutral']]","[['neutral']]"
196.448,40.0,87.0,"[169.379, 183.22, 193.945, 207.039, 210.648, 214.455]","[0.488, 0.442, 0.407, 0.364, 0.352, 0.34]","[1.923]","[['neutral'], ['neutral'], ['neutral'], ['neutral'], ['neutral'], ['neutral']]","[['neutral']]"
210.216,35.0,52.0,"[127.311, 157.05, 182.512, 183.28, 196.108, 228.22, 253.797, 274.235, 289.428]","[0.626, 0.528, 0.445, 0.442, 0.4, 0.294, 0.21, 0.143, 0.093]","[1.387]","[['neutral'], ['neutral'], ['entailment'], ['neutral'], ['neutral'], ['neutral'], ['neutral'], ['neutral'], ['neutral']]","[['neutral']]"
197.131,40.0,57.0,"[177.304, 189.948, 198.748, 206.689, 212.967]","[0.462, 0.42, 0.391, 0.365, 0.345]","[2.375]","[['neutral'], ['neutral'], ['neutral'], ['neutral'], ['neutral']]","[['neutral']]"
146.612,56.0,32.0,"[89.568, 109.622, 135.295, 139.186, 139.465, 142.389, 159.375, 164.496, 189.77, 196.955]","[0.75, 0.684, 0.6, 0.587, 0.586, 0.576, 0.521, 0.504, 0.421, 0.397]","[1.974, 1.596, 0.321]","[['neutral'], ['neutral'], ['neutral'], ['neutral'], ['neutral'], ['neutral'], ['neutral'], ['neutral'], ['neutral'], ['neutral']]","[['neutral'], ['neutral'], ['neutral']]"
144.89,57.0,27.0,"[99.067, 108.939, 128.598, 133.071, 157.126, 157.646, 169.504, 174.12, 175.941]","[0.719, 0.686, 0.622, 0.607, 0.528, 0.526, 0.487, 0.472, 0.466]","[0.767]","[['neutral'], ['neutral'], ['entailment'], ['neutral'], ['neutral'], ['entailment'], ['entailment'], ['neutral'], ['entailment']]","[['entailment']]"
148.275,56.0,29.0,"[93.505, 98.903, 129.725, 133.544, 148.663, 169.804, 184.843, 227.213]","[0.737, 0.719, 0.618, 0.606, 0.556, 0.486, 0.437, 0.298]","[4.302, 2.991, 2.702]","[['neutral'], ['neutral'], ['neutral'], ['neutral'], ['neutral'], ['neutral'], ['neutral'], ['neutral']]","[['neutral'], ['neutral'], ['neutral']]"
125.095,63.0,26.0,"[90.797, 95.578, 118.549, 157.359, 163.193]","[0.746, 0.73, 0.655, 0.527, 0.508]","[2.374, 1.041, 0.588]","[['neutral'], ['neutral'], ['neutral'], ['neutral'], ['neutral']]","[['neutral'], ['neutral'], ['neutral']]"
141.029,58.0,19.0,"[62.786, 116.407, 128.907, 157.093, 177.036, 203.946]","[0.838, 0.662, 0.621, 0.528, 0.463, 0.374]","[2.419, 0.893]","[['entailment'], ['neutral'], ['contradiction'], ['contradiction'], ['entailment'], ['neutral']]","[['entailment'], ['neutral']]"
124.686,63.0,17.0,"[89.838, 100.079, 184.142]","[0.749, 0.715, 0.439]","[1.382]","[['neutral'], ['contradiction'], ['neutral']]","[['neutral']]"
109.173,69.0,7.0,"[64.192, 88.964, 94.003, 106.811, 121.72, 126.41, 129.107, 142.179]","[0.833, 0.752, 0.735, 0.693, 0.644, 0.629, 0.62, 0.577]","[3.228, 2.753]","[['neutral'], ['entailment'], ['neutral'], ['neutral'], ['neutral'], ['neutral'], ['neutral'], ['neutral']]","[['neutral'], ['neutral']]"
158.092,52.0,43.0,"[119.149, 123.119, 133.255, 141.217, 149.32, 164.601, 168.915, 173.61, 183.085, 186.889, 195.848]","[0.653, 0.64, 0.606, 0.58, 0.554, 0.503, 0.489, 0.474, 0.443, 0.43, 0.401]","[2.264, 1.468, 0.941]","[['entailment'], ['neutral'], ['neutral'], ['contradiction'], ['neutral'], ['entailment'], ['neutral'], ['neutral'], ['neutral'], ['neutral'], ['neutral']]","[['neutral'], ['neutral'], ['neutral']]"
165.131,50.0,41.0,"[109.027, 138.005, 143.17, 179.958, 192.942, 227.683]","[0.686, 0.591, 0.574, 0.453, 0.41, 0.296]","[2.124, 1.062]","[['neutral'], ['neutral'], ['neutral'], ['neutral'], ['neutral'], ['neutral']]","[['neutral'], ['neutral']]"
188.227,43.0,45.0,"[150.671, 157.864, 166.187, 176.097, 181.476, 187.375, 193.373, 207.631, 273.368]","[0.549, 0.526, 0.498, 0.466, 0.448, 0.429, 0.409, 0.362, 0.146]","[0.781, 0.761, 0.442]","[['neutral'], ['neutral'], ['neutral'], ['neutral'], ['neutral'], ['neutral'], ['neutral'], ['neutral'], ['neutral']]","[['neutral'], ['neutral'], ['neutral']]"
156.271,53.0,29.0,"[112.447, 116.103, 120.892, 143.29, 158.905, 184.579, 206.623, 207.332]","[0.675, 0.663, 0.647, 0.574, 0.522, 0.438, 0.365, 0.363]","[0.988]","[['neutral'], ['entailment'], ['contradiction'], ['neutral'], ['neutral'], ['neutral'], ['neutral'], ['neutral']]","[['entailment']]"
172.151,48.0,38.0,"[155.262, 156.116, 156.334, 158.768, 159.132, 159.194, 175.107, 184.113, 187.01, 193.886, 208.741]","[0.534, 0.531, 0.531, 0.523, 0.521, 0.521, 0.469, 0.439, 0.43, 0.407, 0.358]","[1.069, 0.727]","[['neutral'], ['neutral'], ['neutral'], ['neutral'], ['neutral'], ['neutral'], ['neutral'], ['neutral'], ['neutral'], ['neutral'], ['neutral']]","[['neutral'], ['neutral']]"
n/a,n/a,n/a
198.156,39.0,47.0,"[132.834, 137.592, 154.682, 200.058, 203.116, 203.432, 208.771, 212.872, 213.353, 214.499, 216.885, 218.981, 228.439, 228.665]","[0.608, 0.592, 0.536, 0.387, 0.377, 0.376, 0.358, 0.345, 0.343, 0.34, 0.332, 0.325, 0.294, 0.293]","[4.803, 0.475]","[['neutral'], ['contradiction'], ['contradiction'], ['neutral'], ['neutral'], ['neutral'], ['neutral'], ['neutral'], ['neutral'], ['contradiction'], ['neutral'], ['neutral'], ['contradiction'], ['contradiction']]","[['neutral'], ['contradiction']]"
128.445,62.0,17.0,"[59.806, 76.903, 118.802, 121.345, 125.775, 128.426, 135.452, 143.207, 153.831, 155.096, 159.734, 162.96]","[0.848, 0.792, 0.654, 0.646, 0.631, 0.622, 0.599, 0.574, 0.539, 0.535, 0.519, 0.509]","[2.349, 1.352, 0.879]","[['neutral'], ['neutral'], ['neutral'], ['entailment'], ['neutral'], ['contradiction'], ['neutral'], ['neutral'], ['neutral'], ['neutral'], ['neutral'], ['neutral']]","[['neutral'], ['neutral'], ['neutral']]"
128.505,62.0,18.0,"[99.003, 99.481, 121.686, 129.288, 136.251, 140.9, 172.927]","[0.719, 0.717, 0.644, 0.62, 0.597, 0.581, 0.476]","[4.037, 1.44]","[['contradiction'], ['neutral'], ['contradiction'], ['neutral'], ['neutral'], ['neutral'], ['neutral']]","[['neutral'], ['neutral']]"
312.897,2.0,70.0,"[243.096, 261.435, 261.541, 268.694, 277.133, 297.786, 305.181, 325.078, 327.522, 343.895, 344.432, 346.969, 347.698, 366.702, 376.292]","[0.246, 0.185, 0.185, 0.161, 0.134, 0.066, 0.042, -0.024, -0.032, -0.086, -0.087, -0.096, -0.098, -0.161, -0.192]","[0.815, 0.715, 0.289]","[['neutral'], ['neutral'], ['contradiction'], ['contradiction'], ['neutral'], ['neutral'], ['neutral'], ['contradiction'], ['neutral'], ['neutral'], ['neutral'], ['contradiction'], ['contradiction'], ['neutral'], ['neutral']]","[['contradiction'], ['neutral'], ['neutral']]"
108.673,69.0,13.0,"[74.726, 94.919, 156.373]","[0.799, 0.732, 0.531]","[1.019]","[['neutral'], ['contradiction'], ['neutral']]","[['neutral']]"
216.537,33.0,47.0,"[143.69, 184.965, 203.416, 218.66, 219.77, 221.661, 248.815, 252.193, 255.66]","[0.572, 0.437, 0.376, 0.326, 0.322, 0.316, 0.227, 0.216, 0.204]","[0.865, 0.84]","[['neutral'], ['neutral'], ['neutral'], ['neutral'], ['neutral'], ['neutral'], ['neutral'], ['neutral'], ['neutral']]","[['neutral'], ['neutral']]"
216.537,33.0,47.0,"[143.69, 184.965, 203.416, 218.66, 219.77, 221.661, 248.815, 252.193, 255.66]","[0.572, 0.437, 0.376, 0.326, 0.322, 0.316, 0.227, 0.216, 0.204]","[0.865, 0.84]","[['neutral'], ['neutral'], ['neutral'], ['neutral'], ['neutral'], ['neutral'], ['neutral'], ['neutral'], ['neutral']]","[['neutral'], ['neutral']]"
216.537,33.0,47.0,"[143.69, 184.965, 203.416, 218.66, 219.77, 221.661, 248.815, 252.193, 255.66]","[0.572, 0.437, 0.376, 0.326, 0.322, 0.316, 0.227, 0.216, 0.204]","[0.865, 0.84]","[['neutral'], ['neutral'], ['neutral'], ['neutral'], ['neutral'], ['neutral'], ['neutral'], ['neutral'], ['neutral']]","[['neutral'], ['neutral']]"
216.537,33.0,47.0,"[143.69, 184.965, 203.416, 218.66, 219.77, 221.661, 248.815, 252.193, 255.66]","[0.572, 0.437, 0.376, 0.326, 0.322, 0.316, 0.227, 0.216, 0.204]","[0.865, 0.84]","[['neutral'], ['neutral'], ['neutral'], ['neutral'], ['neutral'], ['neutral'], ['neutral'], ['neutral'], ['neutral']]","[['neutral'], ['neutral']]"
216.537,33.0,47.0,"[143.69, 184.965, 203.416, 218.66, 219.77, 221.661, 248.815, 252.193, 255.66]","[0.572, 0.437, 0.376, 0.326, 0.322, 0.316, 0.227, 0.216, 0.204]","[0.865, 0.84]","[['neutral'], ['neutral'], ['neutral'], ['neutral'], ['neutral'], ['neutral'], ['neutral'], ['neutral'], ['neutral']]","[['neutral'], ['neutral']]"
216.537,33.0,47.0,"[143.69, 184.965, 203.416, 218.66, 219.77, 221.661, 248.815, 252.193, 255.66]","[0.572, 0.437, 0.376, 0.326, 0.322, 0.316, 0.227, 0.216, 0.204]","[0.865, 0.84]","[['neutral'], ['neutral'], ['neutral'], ['neutral'], ['neutral'], ['neutral'], ['neutral'], ['neutral'], ['neutral']]","[['neutral'], ['neutral']]"
216.537,33.0,47.0,"[143.69, 184.965, 203.416, 218.66, 219.77, 221.661, 248.815, 252.193, 255.66]","[0.572, 0.437, 0.376, 0.326, 0.322, 0.316, 0.227, 0.216, 0.204]","[0.865, 0.84]","[['neutral'], ['neutral'], ['neutral'], ['neutral'], ['neutral'], ['neutral'], ['neutral'], ['neutral'], ['neutral']]","[['neutral'], ['neutral']]"
216.537,33.0,47.0,"[143.69, 184.965, 203.416, 218.66, 219.77, 221.661, 248.815, 252.193, 255.66]","[0.572, 0.437, 0.376, 0.326, 0.322, 0.316, 0.227, 0.216, 0.204]","[0.865, 0.84]","[['neutral'], ['neutral'], ['neutral'], ['neutral'], ['neutral'], ['neutral'], ['neutral'], ['neutral'], ['neutral']]","[['neutral'], ['neutral']]"
216.537,33.0,47.0,"[143.69, 184.965, 203.416, 218.66, 219.77, 221.661, 248.815, 252.193, 255.66]","[0.572, 0.437, 0.376, 0.326, 0.322, 0.316, 0.227, 0.216, 0.204]","[0.865, 0.84]","[['neutral'], ['neutral'], ['neutral'], ['neutral'], ['neutral'], ['neutral'], ['neutral'], ['neutral'], ['neutral']]","[['neutral'], ['neutral']]"
216.537,33.0,47.0,"[143.69, 184.965, 203.416, 218.66, 219.77, 221.661, 248.815, 252.193, 255.66]","[0.572, 0.437, 0.376, 0.326, 0.322, 0.316, 0.227, 0.216, 0.204]","[0.865, 0.84]","[['neutral'], ['neutral'], ['neutral'], ['neutral'], ['neutral'], ['neutral'], ['neutral'], ['neutral'], ['neutral']]","[['neutral'], ['neutral']]"
216.537,33.0,47.0,"[143.69, 184.965, 203.416, 218.66, 219.77, 221.661, 248.815, 252.193, 255.66]","[0.572, 0.437, 0.376, 0.326, 0.322, 0.316, 0.227, 0.216, 0.204]","[0.865, 0.84]","[['neutral'], ['neutral'], ['neutral'], ['neutral'], ['neutral'], ['neutral'], ['neutral'], ['neutral'], ['neutral']]","[['neutral'], ['neutral']]"
216.537,33.0,47.0,"[143.69, 184.965, 203.416, 218.66, 219.77, 221.661, 248.815, 252.193, 255.66]","[0.572, 0.437, 0.376, 0.326, 0.322, 0.316, 0.227, 0.216, 0.204]","[0.865, 0.84]","[['neutral'], ['neutral'], ['neutral'], ['neutral'], ['neutral'], ['neutral'], ['neutral'], ['neutral'], ['neutral']]","[['neutral'], ['neutral']]"
216.537,33.0,47.0,"[143.69, 184.965, 203.416, 218.66, 219.77, 221.661, 248.815, 252.193, 255.66]","[0.572, 0.437, 0.376, 0.326, 0.322, 0.316, 0.227, 0.216, 0.204]","[0.865, 0.84]","[['neutral'], ['neutral'], ['neutral'], ['neutral'], ['neutral'], ['neutral'], ['neutral'], ['neutral'], ['neutral']]","[['neutral'], ['neutral']]"
216.537,33.0,47.0,"[143.69, 184.965, 203.416, 218.66, 219.77, 221.661, 248.815, 252.193, 255.66]","[0.572, 0.437, 0.376, 0.326, 0.322, 0.316, 0.227, 0.216, 0.204]","[0.865, 0.84]","[['neutral'], ['neutral'], ['neutral'], ['neutral'], ['neutral'], ['neutral'], ['neutral'], ['neutral'], ['neutral']]","[['neutral'], ['neutral']]"
216.537,33.0,47.0,"[143.69, 184.965, 203.416, 218.66, 219.77, 221.661, 248.815, 252.193, 255.66]","[0.572, 0.437, 0.376, 0.326, 0.322, 0.316, 0.227, 0.216, 0.204]","[0.865, 0.84]","[['neutral'], ['neutral'], ['neutral'], ['neutral'], ['neutral'], ['neutral'], ['neutral'], ['neutral'], ['neutral']]","[['neutral'], ['neutral']]"
216.537,33.0,47.0,"[143.69, 184.965, 203.416, 218.66, 219.77, 221.661, 248.815, 252.193, 255.66]","[0.572, 0.437, 0.376, 0.326, 0.322, 0.316, 0.227, 0.216, 0.204]","[0.865, 0.84]","[['neutral'], ['neutral'], ['neutral'], ['neutral'], ['neutral'], ['neutral'], ['neutral'], ['neutral'], ['neutral']]","[['neutral'], ['neutral']]"
216.537,33.0,47.0,"[143.69, 184.965, 203.416, 218.66, 219.77, 221.661, 248.815, 252.193, 255.66]","[0.572, 0.437, 0.376, 0.326, 0.322, 0.316, 0.227, 0.216, 0.204]","[0.865, 0.84]","[['neutral'], ['neutral'], ['neutral'], ['neutral'], ['neutral'], ['neutral'], ['neutral'], ['neutral'], ['neutral']]","[['neutral'], ['neutral']]"
216.537,33.0,47.0,"[143.69, 184.965, 203.416, 218.66, 219.77, 221.661, 248.815, 252.193, 255.66]","[0.572, 0.437, 0.376, 0.326, 0.322, 0.316, 0.227, 0.216, 0.204]","[0.865, 0.84]","[['neutral'], ['neutral'], ['neutral'], ['neutral'], ['neutral'], ['neutral'], ['neutral'], ['neutral'], ['neutral']]","[['neutral'], ['neutral']]"
216.537,33.0,47.0,"[143.69, 184.965, 203.416, 218.66, 219.77, 221.661, 248.815, 252.193, 255.66]","[0.572, 0.437, 0.376, 0.326, 0.322, 0.316, 0.227, 0.216, 0.204]","[0.865, 0.84]","[['neutral'], ['neutral'], ['neutral'], ['neutral'], ['neutral'], ['neutral'], ['neutral'], ['neutral'], ['neutral']]","[['neutral'], ['neutral']]"
216.537,33.0,47.0,"[143.69, 184.965, 203.416, 218.66, 219.77, 221.661, 248.815, 252.193, 255.66]","[0.572, 0.437, 0.376, 0.326, 0.322, 0.316, 0.227, 0.216, 0.204]","[0.865, 0.84]","[['neutral'], ['neutral'], ['neutral'], ['neutral'], ['neutral'], ['neutral'], ['neutral'], ['neutral'], ['neutral']]","[['neutral'], ['neutral']]"
216.537,33.0,47.0,"[143.69, 184.965, 203.416, 218.66, 219.77, 221.661, 248.815, 252.193, 255.66]","[0.572, 0.437, 0.376, 0.326, 0.322, 0.316, 0.227, 0.216, 0.204]","[0.865, 0.84]","[['neutral'], ['neutral'], ['neutral'], ['neutral'], ['neutral'], ['neutral'], ['neutral'], ['neutral'], ['neutral']]","[['neutral'], ['neutral']]"
216.537,33.0,47.0,"[143.69, 184.965, 203.416, 218.66, 219.77, 221.661, 248.815, 252.193, 255.66]","[0.572, 0.437, 0.376, 0.326, 0.322, 0.316, 0.227, 0.216, 0.204]","[0.865, 0.84]","[['neutral'], ['neutral'], ['neutral'], ['neutral'], ['neutral'], ['neutral'], ['neutral'], ['neutral'], ['neutral']]","[['neutral'], ['neutral']]"
216.537,33.0,47.0,"[143.69, 184.965, 203.416, 218.66, 219.77, 221.661, 248.815, 252.193, 255.66]","[0.572, 0.437, 0.376, 0.326, 0.322, 0.316, 0.227, 0.216, 0.204]","[0.865, 0.84]","[['neutral'], ['neutral'], ['neutral'], ['neutral'], ['neutral'], ['neutral'], ['neutral'], ['neutral'], ['neutral']]","[['neutral'], ['neutral']]"
216.537,33.0,47.0,"[143.69, 184.965, 203.416, 218.66, 219.77, 221.661, 248.815, 252.193, 255.66]","[0.572, 0.437, 0.376, 0.326, 0.322, 0.316, 0.227, 0.216, 0.204]","[0.865, 0.84]","[['neutral'], ['neutral'], ['neutral'], ['neutral'], ['neutral'], ['neutral'], ['neutral'], ['neutral'], ['neutral']]","[['neutral'], ['neutral']]"
216.537,33.0,47.0,"[143.69, 184.965, 203.416, 218.66, 219.77, 221.661, 248.815, 252.193, 255.66]","[0.572, 0.437, 0.376, 0.326, 0.322, 0.316, 0.227, 0.216, 0.204]","[0.865, 0.84]","[['neutral'], ['neutral'], ['neutral'], ['neutral'], ['neutral'], ['neutral'], ['neutral'], ['neutral'], ['neutral']]","[['neutral'], ['neutral']]"
216.537,33.0,47.0,"[143.69, 184.965, 203.416, 218.66, 219.77, 221.661, 248.815, 252.193, 255.66]","[0.572, 0.437, 0.376, 0.326, 0.322, 0.316, 0.227, 0.216, 0.204]","[0.865, 0.84]","[['neutral'], ['neutral'], ['neutral'], ['neutral'], ['neutral'], ['neutral'], ['neutral'], ['neutral'], ['neutral']]","[['neutral'], ['neutral']]"
216.537,33.0,47.0,"[143.69, 184.965, 203.416, 218.66, 219.77, 221.661, 248.815, 252.193, 255.66]","[0.572, 0.437, 0.376, 0.326, 0.322, 0.316, 0.227, 0.216, 0.204]","[0.865, 0.84]","[['neutral'], ['neutral'], ['neutral'], ['neutral'], ['neutral'], ['neutral'], ['neutral'], ['neutral'], ['neutral']]","[['neutral'], ['neutral']]"
216.537,33.0,47.0,"[143.69, 184.965, 203.416, 218.66, 219.77, 221.661, 248.815, 252.193, 255.66]","[0.572, 0.437, 0.376, 0.326, 0.322, 0.316, 0.227, 0.216, 0.204]","[0.865, 0.84]","[['neutral'], ['neutral'], ['neutral'], ['neutral'], ['neutral'], ['neutral'], ['neutral'], ['neutral'], ['neutral']]","[['neutral'], ['neutral']]"
216.537,33.0,47.0,"[143.69, 184.965, 203.416, 218.66, 219.77, 221.661, 248.815, 252.193, 255.66]","[0.572, 0.437, 0.376, 0.326, 0.322, 0.316, 0.227, 0.216, 0.204]","[0.865, 0.84]","[['neutral'], ['neutral'], ['neutral'], ['neutral'], ['neutral'], ['neutral'], ['neutral'], ['neutral'], ['neutral']]","[['neutral'], ['neutral']]"
216.537,33.0,47.0,"[143.69, 184.965, 203.416, 218.66, 219.77, 221.661, 248.815, 252.193, 255.66]","[0.572, 0.437, 0.376, 0.326, 0.322, 0.316, 0.227, 0.216, 0.204]","[0.865, 0.84]","[['neutral'], ['neutral'], ['neutral'], ['neutral'], ['neutral'], ['neutral'], ['neutral'], ['neutral'], ['neutral']]","[['neutral'], ['neutral']]"
216.537,33.0,47.0,"[143.69, 184.965, 203.416, 218.66, 219.77, 221.661, 248.815, 252.193, 255.66]","[0.572, 0.437, 0.376, 0.326, 0.322, 0.316, 0.227, 0.216, 0.204]","[0.865, 0.84]","[['neutral'], ['neutral'], ['neutral'], ['neutral'], ['neutral'], ['neutral'], ['neutral'], ['neutral'], ['neutral']]","[['neutral'], ['neutral']]"
216.537,33.0,47.0,"[143.69, 184.965, 203.416, 218.66, 219.77, 221.661, 248.815, 252.193, 255.66]","[0.572, 0.437, 0.376, 0.326, 0.322, 0.316, 0.227, 0.216, 0.204]","[0.865, 0.84]","[['neutral'], ['neutral'], ['neutral'], ['neutral'], ['neutral'], ['neutral'], ['neutral'], ['neutral'], ['neutral']]","[['neutral'], ['neutral']]"
216.537,33.0,47.0,"[143.69, 184.965, 203.416, 218.66, 219.77, 221.661, 248.815, 252.193, 255.66]","[0.572, 0.437, 0.376, 0.326, 0.322, 0.316, 0.227, 0.216, 0.204]","[0.865, 0.84]","[['neutral'], ['neutral'], ['neutral'], ['neutral'], ['neutral'], ['neutral'], ['neutral'], ['neutral'], ['neutral']]","[['neutral'], ['neutral']]"
216.537,33.0,47.0,"[143.69, 184.965, 203.416, 218.66, 219.77, 221.661, 248.815, 252.193, 255.66]","[0.572, 0.437, 0.376, 0.326, 0.322, 0.316, 0.227, 0.216, 0.204]","[0.865, 0.84]","[['neutral'], ['neutral'], ['neutral'], ['neutral'], ['neutral'], ['neutral'], ['neutral'], ['neutral'], ['neutral']]","[['neutral'], ['neutral']]"
216.537,33.0,47.0,"[143.69, 184.965, 203.416, 218.66, 219.77, 221.661, 248.815, 252.193, 255.66]","[0.572, 0.437, 0.376, 0.326, 0.322, 0.316, 0.227, 0.216, 0.204]","[0.865, 0.84]","[['neutral'], ['neutral'], ['neutral'], ['neutral'], ['neutral'], ['neutral'], ['neutral'], ['neutral'], ['neutral']]","[['neutral'], ['neutral']]"
216.537,33.0,47.0,"[143.69, 184.965, 203.416, 218.66, 219.77, 221.661, 248.815, 252.193, 255.66]","[0.572, 0.437, 0.376, 0.326, 0.322, 0.316, 0.227, 0.216, 0.204]","[0.865, 0.84]","[['neutral'], ['neutral'], ['neutral'], ['neutral'], ['neutral'], ['neutral'], ['neutral'], ['neutral'], ['neutral']]","[['neutral'], ['neutral']]"
216.537,33.0,47.0,"[143.69, 184.965, 203.416, 218.66, 219.77, 221.661, 248.815, 252.193, 255.66]","[0.572, 0.437, 0.376, 0.326, 0.322, 0.316, 0.227, 0.216, 0.204]","[0.865, 0.84]","[['neutral'], ['neutral'], ['neutral'], ['neutral'], ['neutral'], ['neutral'], ['neutral'], ['neutral'], ['neutral']]","[['neutral'], ['neutral']]"
216.537,33.0,47.0,"[143.69, 184.965, 203.416, 218.66, 219.77, 221.661, 248.815, 252.193, 255.66]","[0.572, 0.437, 0.376, 0.326, 0.322, 0.316, 0.227, 0.216, 0.204]","[0.865, 0.84]","[['neutral'], ['neutral'], ['neutral'], ['neutral'], ['neutral'], ['neutral'], ['neutral'], ['neutral'], ['neutral']]","[['neutral'], ['neutral']]"
216.537,33.0,47.0,"[143.69, 184.965, 203.416, 218.66, 219.77, 221.661, 248.815, 252.193, 255.66]","[0.572, 0.437, 0.376, 0.326, 0.322, 0.316, 0.227, 0.216, 0.204]","[0.865, 0.84]","[['neutral'], ['neutral'], ['neutral'], ['neutral'], ['neutral'], ['neutral'], ['neutral'], ['neutral'], ['neutral']]","[['neutral'], ['neutral']]"
216.537,33.0,47.0,"[143.69, 184.965, 203.416, 218.66, 219.77, 221.661, 248.815, 252.193, 255.66]","[0.572, 0.437, 0.376, 0.326, 0.322, 0.316, 0.227, 0.216, 0.204]","[0.865, 0.84]","[['neutral'], ['neutral'], ['neutral'], ['neutral'], ['neutral'], ['neutral'], ['neutral'], ['neutral'], ['neutral']]","[['neutral'], ['neutral']]"
216.537,33.0,47.0,"[143.69, 184.965, 203.416, 218.66, 219.77, 221.661, 248.815, 252.193, 255.66]","[0.572, 0.437, 0.376, 0.326, 0.322, 0.316, 0.227, 0.216, 0.204]","[0.865, 0.84]","[['neutral'], ['neutral'], ['neutral'], ['neutral'], ['neutral'], ['neutral'], ['neutral'], ['neutral'], ['neutral']]","[['neutral'], ['neutral']]"
216.537,33.0,47.0,"[143.69, 184.965, 203.416, 218.66, 219.77, 221.661, 248.815, 252.193, 255.66]","[0.572, 0.437, 0.376, 0.326, 0.322, 0.316, 0.227, 0.216, 0.204]","[0.865, 0.84]","[['neutral'], ['neutral'], ['neutral'], ['neutral'], ['neutral'], ['neutral'], ['neutral'], ['neutral'], ['neutral']]","[['neutral'], ['neutral']]"
216.537,33.0,47.0,"[143.69, 184.965, 203.416, 218.66, 219.77, 221.661, 248.815, 252.193, 255.66]","[0.572, 0.437, 0.376, 0.326, 0.322, 0.316, 0.227, 0.216, 0.204]","[0.865, 0.84]","[['neutral'], ['neutral'], ['neutral'], ['neutral'], ['neutral'], ['neutral'], ['neutral'], ['neutral'], ['neutral']]","[['neutral'], ['neutral']]"
216.537,33.0,47.0,"[143.69, 184.965, 203.416, 218.66, 219.77, 221.661, 248.815, 252.193, 255.66]","[0.572, 0.437, 0.376, 0.326, 0.322, 0.316, 0.227, 0.216, 0.204]","[0.865, 0.84]","[['neutral'], ['neutral'], ['neutral'], ['neutral'], ['neutral'], ['neutral'], ['neutral'], ['neutral'], ['neutral']]","[['neutral'], ['neutral']]"
216.537,33.0,47.0,"[143.69, 184.965, 203.416, 218.66, 219.77, 221.661, 248.815, 252.193, 255.66]","[0.572, 0.437, 0.376, 0.326, 0.322, 0.316, 0.227, 0.216, 0.204]","[0.865, 0.84]","[['neutral'], ['neutral'], ['neutral'], ['neutral'], ['neutral'], ['neutral'], ['neutral'], ['neutral'], ['neutral']]","[['neutral'], ['neutral']]"
216.537,33.0,47.0,"[143.69, 184.965, 203.416, 218.66, 219.77, 221.661, 248.815, 252.193, 255.66]","[0.572, 0.437, 0.376, 0.326, 0.322, 0.316, 0.227, 0.216, 0.204]","[0.865, 0.84]","[['neutral'], ['neutral'], ['neutral'], ['neutral'], ['neutral'], ['neutral'], ['neutral'], ['neutral'], ['neutral']]","[['neutral'], ['neutral']]"
216.537,33.0,47.0,"[143.69, 184.965, 203.416, 218.66, 219.77, 221.661, 248.815, 252.193, 255.66]","[0.572, 0.437, 0.376, 0.326, 0.322, 0.316, 0.227, 0.216, 0.204]","[0.865, 0.84]","[['neutral'], ['neutral'], ['neutral'], ['neutral'], ['neutral'], ['neutral'], ['neutral'], ['neutral'], ['neutral']]","[['neutral'], ['neutral']]"
