#,question_id,pubmed_id,answer
0,1,21645374,"Yes, mitochondria actively remodel lace plant leaves during PCD, shown by their dynamic redistribution, clustering with chloroplasts around the nucleus, and altered membrane potential."
1,2,26852225,"No, adjustment for reporting heterogeneity is not necessary for managing sleep and energy problems among Japanese adults."
2,3,17113061,"No, the study found cIMT was nearly identical between low‑HDL mutation carriers and controls, indicating no significant increase."
3,4,25957366,"No, the study found no increase in identification or screening of at‑risk patients after prompting PCPs with family history risk alerts."
4,5,26578404,"Yes, patient‑controlled opioid therapy for breathlessness is a novel, evidence‑based approach in palliative care, with studies demonstrating its safety and efficacy."
5,6,21669959,"Yes, the study shows that low‑income, minority families with smokers are less likely to have total smoking bans, increasing infants’ secondhand smoke exposure and heightening the risk of significant health disparities."
6,7,23806388,"Yes, the study found that the four BCR‑nomograms (DPC, Kattan postoperative, JHH, CPDR/CaPSURE) predicted prostate‑cancer‑specific mortality and aggressive BCR with higher accuracy than they predicted overall BCR."
7,8,17919952,"Yes, reports of mechanical dysfunction in chronic oro‑facial pain are linked to somatisation, as self‑reported factors are confounded by psychological variables and are common across other unexplained syndromes."
8,9,10966943,"No, amblyopia is not permanent if treated early; occlusion therapy can improve vision, especially when started between 6 months and 9 years."
9,10,28707539,"Yes, a single‑slice VAT area—particularly 4 cm above the lower margin of L3—shows an r ≈ 0.98 correlation with total VAT volume, indicating it can reliably represent visceral adipose tissue volume."
10,11,26298839,"Yes, the randomized controlled trial showed significant improvements in voice function and quality of life in the genuine acupuncture group compared to sham and no‑treatment controls."
11,12,19054501,"Yes, studies suggest motion perception deficits in schizophrenia arise from impaired extraretinal motion processing linked to abnormal smooth pursuit, indicating the deficits are largely a consequence of eye‑tracking abnormalities."
12,13,24237112,"Yes, PSNs achieved lower PMPM expenditures than HMOs, with $7 more savings per member per month, indicating a cost advantage over both HMOs and primary‑care case management."
13,14,11340218,"Maybe, the study shows a non‑significant trend toward better outcomes (OR≈1.4) but confidence intervals include 1, so evidence is inconclusive."
14,15,25481573,"Yes, fluent fonts and titles reduce perceived complexity, boost attractiveness, and improve recruitment for an antenatal intervention."
15,16,23177368,"No, immediate breast reconstruction does not compromise the delivery of adjuvant chemotherapy."
16,17,17179167,"Maybe, evidence is inconclusive; some studies detect HPV in pterygia, others do not."
17,18,27491658,"Yes, studies show that transcatheter aortic valve implantation can be performed safely without balloon predilatation, with no significant difference in early hemodynamic results or complication rates."
18,19,19822586,"Yes, autoerotic asphyxiation can result in lethal outcomes."
19,20,22453060,"Yes, a four‑diagram manual allows laypersons to insert and ventilate with the Laryngeal Mask Supreme® in a manikin, achieving a 79.3 % success rate within two minutes."
20,21,22427593,"Maybe, because normally sighted and visually‑impaired pedestrians are accurate and reliable when using vision (with or without hearing), but blind pedestrians are less accurate, especially under auditory‑only conditions."
21,22,11570976,"No, it is drug‑induced granulomatous reaction to sulfasalazine, not Crohn’s disease."
22,23,27592038,"Yes, it can improve tinnitus in some patients with cervicogenic somatic tinnitus, but evidence is limited and larger, more rigorous trials are needed."
23,24,27044366,"No, they show low‑grade airway and systemic inflammation, with elevated sputum eosinophils, epithelial cells, and higher blood leukocytes, neutrophils, and lymphocytes compared to healthy subjects."
24,25,23076787,"Yes, in market economies tax hikes are usually passed to retail prices, but in China they are not."
25,26,22564465,"Yes, early outcome measures such as attendance rates differ by ethnicity, with Sami municipalities showing slightly higher attendance, though detection rates require further analysis."
26,27,27456836,"Yes, ECL assays (ECL‑IAA and ECL‑GADA) enhance prediction of time to type 1 diabetes in TrialNet autoantibody‑positive subjects."
27,28,24160268,"No, a supportive man would cherish and stand by his wife, not discard her."
28,29,18565233,"Yes, the BIP study post‑hoc analysis shows a lower colon cancer incidence in bezafibrate‑treated patients (8/1506 vs 17/1505), a 53 % risk reduction (HR 0.47, 95 % CI 0.2–1.1). The result is borderline significant and needs confirmation in prospective trials."
29,30,22042121,"No, pre‑operative fasting is not required for abdominal surgery in rabbits; the study showed no gastric content and no hypoglycemia even without fasting."
30,31,18322741,"No, the provided data does not indicate that laparoscopic foregut surgery reduces the risk of atrial fibrillation."
31,32,25691513,"Yes, communication disorders can impair the perception and decoding of musical messages, affecting how musical cues convey emotion or movement."
32,33,19409117,"Yes, a short infundibular height predicts lower clearance of lower‑pole stones after ESWL."
33,34,21900017,"Yes, lung ischemia and reperfusion significantly reduce coronary flow."
34,35,27448572,"Yes, longer treatment duration is associated with a lower risk of returning to mental health care, though the effect size is modest."
35,36,25987398,"Yes, larger aneurysm diameter increases rupture risk, and atmospheric pressure changes appear to affect rupture likelihood more in larger aneurysms."
36,37,16816043,"Yes, lay people find it acceptable, but physicians do not."
37,38,23497210,"Yes, women with major depression in pregnancy can be identified in population health data, but identification is incomplete. Only about 13.6 % of cases appear in both PBS dispensing and HMDS hospital records, and capture‑recapture estimates suggest ~15 % prevalence, indicating many cases are missed in either dataset alone."
38,39,20602784,"Yes, scale matters; census‑tract analysis uncovers more significant disparities than zip‑code or county levels, and findings differ by relative versus absolute statistics."
39,40,12913878,"Yes, Nd:YAG‑LITT locally disrupts the BBB, permitting paclitaxel to penetrate brain tissue and potentially enhance glioma treatment."
40,41,10223070,"Maybe. Current studies show only modest, non‑specific associations and lack strong causal evidence. A definitive risk of tubal infertility or ectopic pregnancy from appendiceal perforation cannot be confirmed without well‑designed case‑control research."
41,42,8566975,"No, the study found no evidence of serovar‑specific immunity to Neisseria gonorrhoeae."
42,43,28359277,"No, healthier lifestyles increase preventive health service use and do not significantly reduce overall outpatient visits."
43,44,11411430,"Yes, antral follicle count is a better predictor of IVF outcome than age or basal FSH."
44,45,28127977,"No, serum leptin levels are not a prognostic factor in advanced lung cancer."
45,46,22428608,"Yes, QTcD predicts LVH in hypertensives."
46,47,27858166,"Yes, the aortic arch anatomy influences trauma severity. A steeper arch angle and smaller arch index are associated with more severe injuries, as shown by significant differences between injury types."
47,48,22758782,"No, regional anesthesia does not reduce morbidity, mortality, or healthcare costs compared with general anesthesia in geriatric hip‑fracture surgery."
48,49,16428354,"Yes, rural residence is linked to poorer neonatal outcomes in premature births, with higher mortality and stillbirth rates compared to urban counterparts."
49,50,24245816,"Yes, trabecular bone significantly influences primary stability of miniscrews."
50,51,24666444,"No, overall no July effect was found in major cancer surgery outcomes; only a small rise in hematologic complications was noted, with no increase in overall complications or mortality."
51,52,1571683,"Yes, community vaccine storage often fails to meet guidelines—many practices lack designated staff, proper thermometers, and daily monitoring, resulting in temperatures outside recommended ranges and risking potency loss."
52,53,11970923,"Yes, retinal haemorrhages after convulsions are rare but should prompt a thorough search for systemic disease or abuse."
53,54,12846929,"Yes, lower socioeconomic status is linked to poorer quality of life at baseline in lung cancer patients, though the difference largely disappears after three months of treatment."
54,55,25156467,"Yes, early extubation is safe, feasible, and linked to lower morbidity and shorter ICU/hospital stays in most children undergoing congenital heart surgery."
55,56,28143468,"Yes, evidence shows that when used strategically, non‑financial performance measurement systems enhance decision‑making, managerial discretion, flexibility, and lead to improved processes in health‑care organizations."
56,57,22720085,"Yes, insulin resistance explains the link between hyperglycemia and cardiovascular risk."
57,58,24433626,"Yes, prevalence rose, indicating Medicare beneficiaries are getting sicker."
58,59,17008699,"No, most patients chose the lower dose, preferring less aggressive treatment."
59,60,23228527,"Maybe. The pilot study found no significant reduction in urinary free cortisol with music, but a trend toward less extreme stress markers suggests a potential buffering effect that warrants further research."
60,61,15489384,"Yes, reducing spasticity can improve arm function, especially when combined with active rehabilitation."
61,62,23794696,"No, it does not affect the amount of space closure over three months."
62,63,2224269,"Yes, GPs should consider using patients' first names, especially with younger patients, as most patients either like or don't mind it."
63,64,10548670,"Yes, the NIHSS over‑weights language items, giving higher scores for left‑hemisphere strokes with similar lesion volumes."
64,65,15280782,"No, the study found no evidence of an increase in unsafe sexual behaviour among HIV‑infected individuals during the period examined."
65,66,26370095,"Yes, financial incentives are cost‑effective for smoking cessation in pregnancy, with an ICER of about £482 per QALY—well below UK thresholds."
66,67,15065192,"Yes, 3‑D ultrasound‑validated large‑core needle biopsy reliably yields accurate histology, reducing core numbers, procedure time, and under‑estimation rates while maintaining high sensitivity (96.5%) and specificity (100%)."
67,68,9767546,"Yes, the elevated pentosidine, MDA‑lysine and CML in uremic plasma show increased oxidative stress, reflecting a broad derangement in non‑enzymatic carbohydrate and lipid autoxidation."
68,69,23321509,"Yes, achieving complete cytoreduction in quaternary surgery remains associated with improved overall survival, despite higher morbidity, indicating surgical effort still matters."
69,70,24809662,"No, concomitant anterior/apical repair does not provide additional improvement in the overactive bladder component beyond what is achieved with a midurethral sling alone."
70,71,12805495,"No, decision‑analysis models show that anticoagulation after intracerebral hemorrhage—especially lobar—reduces quality‑adjusted life years and is not preferred over no anticoagulation."
71,72,19925761,"No, not always – in selected cases ureteroscopy can be performed without meatus dilation, achieving comparable success and morbidity to procedures with dilation."
72,73,20382292,"Yes, knee extensor strength is positively correlated with dynamic stability, and dynamic stability is positively correlated with functional ambulation in Parkinson’s disease; however, knee extensor strength itself does not directly predict functional ambulation."
73,74,22236315,"Yes, greater driving distance is linked to later‑stage breast cancer and delayed colorectal treatment in Medicaid patients, though the association is weaker for lung cancer."
74,75,17051586,"No, the study found no protective effect of folic acid on congenital heart defects in infants with Down syndrome."
75,76,25007420,"Yes, overall diagnosed disorder rates are similar, but francophones outside Winnipeg show lower suicide and substance‑use disorder rates, and they rate their mental health less positively."
76,77,26556589,"No, in physically active type 1 diabetics the Achilles tendon response to a 10 km run is similar to non‑diabetics; the effect in sedentary T1DM individuals remains unknown."
77,78,26194560,"Yes, oversized cup‑cage reconstruction provides initial stability in THA for osteoporotic acetabular fractures."
78,79,21172844,"Yes, TDP‑43 type shows distinct atrophy patterns in FTLD, but these patterns are also modulated by GRN mutations and FTLD‑MND status."
79,80,27581329,"No, existing equations are not fully applicable; they under‑ or over‑estimate BMR in Chinese adults, especially those overweight/obese. The new Singapore equation achieved ~80% accuracy and a better fit."
80,81,11867487,"Maybe. The study found that 62 % of players believed headgear could prevent concussion, yet only 27 % wore it and coaches were less convinced (33 %). Evidence on actual prevention remains inconclusive."
81,82,9854965,"Yes, dementia and aphasia are underrecognised in motor neuron disease, as multiple studies report cognitive deficits and language impairments that are often overlooked in routine ALS assessment."
82,83,19131405,"Maybe, diffusion‑weighted echo‑planar MRI can hint at subtype differences, but ADC overlap—especially between Warthin tumors and malignancies—limits reliable, definitive prediction."
83,84,18667100,"No, risk factors for suicidal behavior do not differ by affective disorder polarity."
84,85,10605400,"Yes, the study shows INR measurements performed in primary‑care settings using near‑patient testing are reliable and comparable to hospital laboratory results."
85,86,25986020,"Maybe, zero CLABSI can be achieved and sustained for extended periods with rigorous bundles and multidisciplinary vigilance, but long‑term maintenance remains challenging."
86,87,17598882,"Yes, evidence from familial studies indicates that breast cancer prognosis can be inherited."
87,88,25940336,"Yes, certain pre‑residency metrics—USMLE scores, OITE results, academic standing—correlate with objective performance measures, though predictive power varies across studies."
88,89,24014276,"Yes, optimistic older adults show lower mortality and longer survival, especially women, even after adjusting for health and function."
89,90,26113007,"No, arch form is independent of sagittal molar relationship and Bolton tooth‑size discrepancy."
90,91,18222909,"Yes, pectins are involved in both cold acclimation and de‑acclimation of winter oil‑seed rape, influencing cell‑wall stiffness, leaf expansion, and freezing resistance."
91,92,19836806,"No, adjustment is not warranted. The study found only a small inverse relationship between BMI/percent body fat and PSA, insufficient to justify BMI‑based PSA thresholds."
92,93,21801416,"Yes, intracerebroventricular metformin or AICAR injections lowered the amplitude of the ewe’s circadian melatonin rhythm, supporting a role for AMPK in modulating melatonin secretion."
93,94,25819796,"Yes, the isolated right hemisphere can support reading, as demonstrated by the 7 participants who showed varying but generally functional reading abilities after left hemispherectomy."
94,95,22656647,"Yes, higher socioeconomic status is linked to higher acceptance, though proactive invitation letters can reduce the gap."
95,96,22683044,"Yes, open access publishing increases the impact of scientific articles, as evidenced by higher citation rates and a measurable advantage appearing 30–35 months after publication."
96,97,22867778,"Yes, responsibility influences public valuation of health care interventions."
97,98,21658267,"Yes, gains in clinical services strongly predict lower under‑5 mortality; outreach gains also correlate, though less strongly, and family/community improvements (e.g., breastfeeding, nutrition) predict survival gains, especially in Africa."
98,99,20363841,"No, symptoms alone are not reliable predictors of COPD in smokers; they add little beyond age and smoking history."
99,100,20187289,"No, prescriptions alone are not a reliable proxy for asthma in children, as many children with asthma do not receive or fill such prescriptions, and medication use can be influenced by other factors."
100,101,25592625,"Maybe, a brief baseline check (history, HR, BP) is advised, but routine ECG or continuous monitoring is usually unnecessary once normal values are confirmed."
101,102,25859857,"No, neoadjuvant chemotherapy does not alter the frequency or topographic distribution of lymph‑node metastases in cervical cancer, so the extent of lymphadenectomy should remain extensive regardless of NACT response."
102,103,14745753,"Yes, half‑dose CE‑3D‑MRA with 50 % diluted gadolinium at 1 mL/s produces image quality comparable to a full dose for the abdominal aorta and its major branches."
103,104,15939071,"Yes, the study shows that a high cumulative regular insulin dose is associated with increased carotid intima‑media thickness, indicating a higher atherosclerosis risk in type 1 diabetes."
104,105,18594195,"Yes, older patients who refuse a self‑management intervention in the Netherlands differ from those who agree: they are generally less motivated, report poorer health status, lower self‑efficacy, and higher levels of depressive symptoms, which are associated with lower willingness to participate."
105,106,25614468,"Maybe, MRI shows comparable accuracy to MDCT for T and N staging but lower sensitivity than EUS; its role is limited and further studies are needed."
106,107,26879871,"Yes, depression diagnosis and antidepressant prescribing differ by location, showing significant variation across neighbourhoods and ethnic groups."
107,108,18307476,"Yes, the study shows that increasing the maximum SSI benefit by $100 reduces disability among the poorest elderly by roughly 15‑20 %, indicating that SSI does lower disability in this group."
108,109,15151701,"Yes, peer review can help profile quality of care, but its effectiveness depends on structured methods, reviewer training, and clear criteria; without these, reliability and consistency are limited."
109,110,21569408,"No, the study found the deprivation‑mortality relationship to be homogeneous across regions, indicating context does not alter it."
110,111,23587089,"Yes, Dutch primary schools’ food policies need improvement: many lack clear rules, enforcement is inconsistent, and both teachers and parents see the school’s role as supportive but not decisive. Clear, enforceable guidelines, better communication with parents, and collaboration with nutrition experts are recommended to strengthen the policy’s impact on children’s dietary behaviour."
111,112,21881325,"Yes, preoperative statins reduce postoperative atrial fibrillation after CABG."
112,113,26134053,"Yes, the study shows that active outcome feedback is largely absent yet highly valued by residents, indicating it could be leveraged to support deliberate practice and enhance performance in emergency medicine training."
113,114,25274085,"Yes, adding validated SNP scores to clinical models modestly improves discrimination (c‑index rises from ~0.20 to ~0.22), indicating potential benefit, but performance remains limited and further validation is needed."
114,115,19468282,"Yes, it predicts functional outcomes such as chronic ambulation and guides prognosis and rehabilitation planning."
115,116,25371231,"Yes, evidence suggests that low vitamin D levels—both insufficiency and deficiency—are associated with the initiation and progression of osteochondritis dissecans."
116,117,20530150,"No, cholecystectomy alone is not an indication for splenectomy in mild hereditary spherocytosis; splenectomy should be reserved for haematological indications."
117,118,26085176,"Yes, the study shows T1‑weighted imaging alone detects bone metastases with comparable sensitivity and specificity at both 1.5 T and 3 T, and STIR adds no diagnostic benefit, especially at 3 T."
118,119,21256734,"No, baseline pain intensity does not predict a poor opioid response; appropriate titration yields similar outcomes across mild, moderate, and severe pain levels."
119,120,28027677,"Yes, availability of prerecorded VODcasts tends to reduce attendance among first‑year pre‑clinical Graduate Entry to Medicine students."
120,121,17595200,"No, the study found maternal and paternal BMI associations with child BMI were similar, indicating no strong intrauterine influence on obesity at the population level."
121,122,27216167,"Yes, higher educational level was significantly associated with increased odds of specialist contact; other lifestyle and socioeconomic factors (age, smoking, alcohol, BMI, income, employment, ethnicity, marital status) showed no significant association."
122,123,25417760,"Yes, they differ. Perimenopause/post‑menopause raises recurrence risk but not first‑onset; hormone levels are not linked. Prior anxiety, life events, and other psychosocial factors predict first‑onset."
123,124,22365295,"No, prophylactic antibiotics are not necessary for TIV‑AD placement by interventional radiologists."
124,125,25779009,"Yes, it is a study evaluating the bactericidal activity of three cutaneous/mucosal antiseptic solutions in the presence of interfering substances, proposing improvements to the NF EN 13727 European Standard."
125,126,24964725,"Yes, the significant gains in RKI scores and the positive shifts on RAQ items that link faith to recovery demonstrate that culture, attitudes, and faith are relevant and useful components of recovery outcome measures."
126,127,20674150,"Maybe, the 2009 TNM staging shows significant prognostic separation overall, but the lack of statistical difference between pT2b and pT3a suggests room for refinement."
127,128,22668852,"No, after adjusting for weight, age, and other factors, African American women do not require fewer calories to maintain weight."
128,129,11882828,"Yes, tranexamic acid reduces desmopressin‑induced hyperfibrinolysis, lowering postoperative bleeding and transfusion needs."
129,130,22979954,"Yes, the study shows higher failure rates—especially in nulliparous women—and overall rates exceed expectations, indicating that failed IUD insertions in community practice are an under‑recognized problem that warrants further investigation."
130,131,18507507,"Yes, they can be worth the price when robust pharmacoeconomic data demonstrate superior clinical outcomes, reduced long‑term costs, and improved quality of life, but many lack such evidence, so value remains uncertain."
131,132,17323047,"No, invasive diagnosis of nosocomial pneumonia during off‑hours does not delay treatment; the study found that time from bronchoscopy to antibiotic administration was actually shorter than during day shifts."
132,133,25501465,"No, the radiographic scout image is not necessary for pediatric VCUG; it adds non‑negligible dose without providing clinically significant or management‑changing information."
133,134,23949294,"Yes, the study shows >90% of patients had VL <200 copies/mL, half were suppressed on first‑line ART, and only 16% required third‑line drugs, indicating feasibility of long‑term viral load suppression in resource‑limited settings."
134,135,17610439,"Yes, evidence shows higher mortality, lower procedure rates, and delayed care on weekends, indicating lower quality care."
135,136,10158597,"Yes, the study found that a dedicated discharge coordinator improved the quality of hospital discharge planning, though it incurred additional costs."
136,137,21198823,"No, routine dobutamine stress echocardiography does not raise cardiac troponin levels."
137,138,24142776,"Yes, when betamethasone is combined with benzalkonium chloride in gentamicin ear drops, the cochlear toxicity is significantly reduced compared with gentamicin alone."
138,139,22117569,"Yes, the study found an advance care planning model is feasible for community palliative care services."
139,140,19142546,"No, quantitative left‑ventricular regional wall motion does not change after fibrous tissue resection in endomyocardial fibrosis."
140,141,27096199,"No, viral co‑infection does not significantly increase the severity of acute respiratory infection in children."
141,142,10490564,"Yes, profound hypotensive events can precipitate myocardial ischemia by exceeding coronary autoregulatory capacity, leading to ischemic episodes."
142,143,27050505,"Yes, the ACE‑1 DD genotype is linked to higher chronic kidney disease risk in hypertensive patients."
143,144,25155638,"Yes, routine offering of influenza vaccination in office‑based settings can cut racial and ethnic disparities in adult influenza vaccination by roughly half."
144,145,21080127,"Maybe, if the infection is non‑Staphylococcus aureus, symptom duration is short, and polyethylene exchange is performed; initial control is lower but final outcomes can match two‑stage revision."
145,146,23283159,"Yes, obesity at the start of adolescence increases the risk of persistent wheezing."
146,147,24191126,"Yes, CA72‑4 is useful; it is markedly elevated in epithelial ovarian cancer (≈71 %) but rarely in endometrioma (≈14 %), providing a significant discriminative value."
147,148,12769830,"No, depth is not a major prognostic factor; only when size is >5 cm does it add limited information, so staging should rely on grade and size."
148,149,28056802,"Yes, non‑HDL‑C predicts long‑term MACEs better than LDL‑C in post‑AMI patients."
149,150,24922528,"No, family factors did not moderate the association of pubertal stage with alcohol use in 10‑14‑year‑olds."
150,151,24267613,"No, advanced age is not a contraindication; laparoscopic fundoplication shows similar safety, low morbidity, and comparable symptom improvement in elderly patients as in younger ones."
151,152,15388567,"No, most studies in sports‑medicine journals focus on healthy, often sedentary subjects and sports science, with few addressing diagnostic or treatment interventions for injured athletes, limiting their direct relevance to practitioners and athletes."
152,153,19419587,"Yes, transverse sternal plating significantly increases intrathoracic pressure needed for 2 mm separation, improving stability in both primary and secondary closures, especially in high‑risk patients."
153,154,18799291,"Yes, HINT1 is a plausible candidate for schizophrenia. Multiple association studies in Irish families and case‑control samples show nominal significance, especially in a sex‑specific manner. Expression analyses reveal altered HINT1 levels in post‑mortem brains and interactions with diagnosis and genotype. Functional data link HINT1 to dopamine signaling and transcriptional regulation, pathways implicated in schizophrenia pathophysiology."
154,155,19615731,"No, higher BMI was not associated with worse asthma control in this urban cohort."
155,156,18537964,"Yes, physicians’ specialties significantly affect how often and how thoroughly they record medication histories, with certain specialties documenting more depth and frequency relevant to their diagnostic needs."
156,157,25747932,"Yes, early‑life urban exposure and cumulative urban years both independently raise behavioral and physiological NCD risk factors, though not all biological markers show the same pattern."
157,158,25885219,"Yes, the observed shifts—lower plasma creatine, reduced urinary excretion, increased renal AGAT, altered hepatic GAMT, higher heart and kidney creatine, and tissue‑specific CrT1 changes—indicate a maternal metabolic adaptation to supply creatine for fetal growth and maternal tissue demands during gestation."
158,159,26348845,"Yes, rapid prescreening (RPS) flags many glandular cell abnormalities (AGC) on Pap smears, achieving about 36 % sensitivity at the AGC threshold and catching some AGC cases that full screening misses."
159,160,24487044,"Maybe, only for the high‑risk obese‑with‑knee‑injury group when efficacy ≥70 %, annual cost ≤$300, toxicity negligible, and initiation at a young age; otherwise the regimen is not cost‑effective."
160,161,12377809,"Yes, linear anorectal endosonography is valuable in dyschesia, providing clear visualization of the anal sphincter and puborectalis, allowing accurate measurement of length and thickness at rest and during straining, and detecting paradoxical contraction or absent relaxation that characterizes pelvic‑floor dyssynergia."
161,162,16195477,"Yes, perivascular adipose tissue secretes MCP‑1 and IL‑8 at levels comparable to subcutaneous fat, attracts macrophages and T cells to the vessel wall, and expands with high‑fat diet, thereby fostering local inflammation and atherogenesis."
162,163,16678696,"No, continuity of care was poor: only 57% in‑hospital and 3% postdischarge, indicating trainees are not learning complete surgical care."
163,164,18801797,"No, household and food‑shopping environments have only a limited effect on overall fruit and vegetable consumption and do not explain socioeconomic inequalities in intake."
164,165,12153648,"No, birth‑center care during a first pregnancy did not affect whether or when women had a second child."
165,166,17565137,"Yes, the counter‑industry ad changed non‑smokers’ view of movie smoking and lowered their future smoking intent, but it had no effect on smokers’ attitudes and actually increased the proportion of smokers who felt unlikely to quit."
166,167,26460153,"Yes, survivors of cardiac reoperations in octogenarians achieve good functional status and quality of life comparable to age‑matched norms, but the procedure carries a high perioperative mortality rate, so benefit is limited to those who survive the operation."
167,168,8199520,"No, caregivers report dissatisfaction, low support, and physicians often avoid meaningful contact."
168,169,20130378,"No, low birth weight is not a reliable risk indicator for congenital CMV infection."
169,170,8017535,"Yes, the 1990 Youth Risk Behavior Survey shows that as substance use escalates from alcohol/cigarettes to marijuana, cocaine, or other illicit drugs, the likelihood of ever having had sexual intercourse, having four or more partners, and not using a condom at last intercourse increases, indicating a strong association between substance use and HIV‑related sexual risk behaviors."
170,171,24172579,"Yes, sex influences the response to intravenous thrombolysis in ischemic stroke: men show higher mortality and symptomatic intracerebral haemorrhage rates, while functional independence at 3 months is similar between sexes."
171,172,26285789,"No, systematic genotyping does not currently provide useful information for routine management of radioiodine‑refractory thyroid cancers."
172,173,22266735,"Yes, the IADPSG criteria are cost‑effective, producing an ICER of about $20,336 per QALY gained, provided post‑delivery counseling and lifestyle interventions reduce future diabetes risk."
173,174,15052394,"No, higher rates of depression in women are not explained by differential symptom reporting."
174,175,23264436,"No, most Medicare beneficiaries did not receive the recommended initial in‑person follow‑up within 2–12 weeks; adherence improved over time but remains suboptimal, especially among non‑white patients."
175,176,22302658,"Maybe, limb‑salvage improves objective functional capacity (e.g., lower PCI) but does not consistently enhance overall quality‑of‑life scores compared with amputation."
176,177,24684514,"No, individualized targets based on ASA score and baseline Hb are recommended."
177,178,23360491,"Yes, spatial attention modulates early ERP responses to affective prosody, but later processing is largely independent."
178,179,22350859,"Yes, evidence shows pictorial warning labels increase impact among lower‑education smokers, improve knowledge, and reduce smoking‑related health disparities."
179,180,7860319,"Yes, 30‑day data largely capture hospital mortality performance; 180‑day outcomes correlate strongly with 30‑day rankings, and longer periods add little new insight."
180,181,20497146,"Yes, maximal healing occurs when intragastric pH > 4 for about 12–17 h (≈50–70 % of a 24‑h period); beyond that no further benefit."
181,182,23571528,"No, sternal skin conductance shows only 24% concordance with diary‑reported hot flashes, a 45% sensitivity, and 76% false‑negative rate, indicating it is not a reliable surrogate."
182,183,22348433,"Yes, partial expander deflation immediately before radiotherapy increases adverse effects—particularly in the lower expander pole—likely due to heightened radiosensitization from increased blood flow and oxygenation."
183,184,20197761,"No, IBS is not a diagnosis of exclusion; it is diagnosed positively using Rome criteria alone."
184,185,21394762,"Yes, pelvic pain is associated with defecatory symptoms in women with pelvic organ prolapse, as shown by increased odds of pain with higher CRADI‑8 scores and significant links to symptoms such as pain with bowel movements, fecal urgency, incomplete evacuation, and straining."
185,186,12607666,"Yes, extended aortic replacement is justifiable when technically feasible, as it permits complete resection of all dissected tissue and has shown good early and mid‑term outcomes."
186,187,14652839,"No, the study found no difference in distal embolisation between proximal‑first and distal‑first clamp application."
187,188,18719011,"No, an overweight birth cohort in childhood does not necessarily remain overweight in adulthood; recent Japanese female cohorts were more overweight in childhood but thinner as young adults."
188,189,23621776,"No, a history of unintended pregnancy does not lessen the likelihood of desire for sterilization reversal; in fact, unadjusted analyses show higher odds, and adjusted analyses find no significant reduction."
189,190,14655021,"No, juvenile ankylosing spondylitis differs from adult AS in onset, clinical phenotype, and prognosis. Juvenile cases present mainly with peripheral oligoarthritis, enthesitis, and hip/knee involvement, with sacroiliitis developing later, whereas adult AS predominantly involves axial skeleton early. These distinct patterns suggest they are related but not identical diseases."
190,191,28006766,"Yes, high Ki‑67 expression predicts poorer survival and higher disease progression in upper‑tract urothelial carcinoma, making it a prognostic biomarker."
191,192,19575104,"No, foreign bodies do not migrate toward the heart; they may perforate or abscess but not follow a path toward cardiac structures."
192,193,16971978,"Yes, complex coronary lesions (bifurcation and ostial) are significantly more frequent in patients with diabetes mellitus."
193,194,21558951,"No, intrauterine cocaine exposure is not a strong predictor of early‑adolescent delinquency; other factors such as tobacco exposure and violence are more influential."
194,195,24073931,"No, covering the resection margin after distal pancreatectomy does not reduce fistula rates or improve outcomes."
195,196,18472368,"Maybe. Some studies show no difference in control or survival with longer overall treatment time, while others find that extended duration (especially >8 weeks or high non‑treatment‑day ratios) can worsen biochemical control in low‑risk prostate cancer."
196,197,23992109,"Yes, urinary biomarkers provide a non‑invasive assessment of tubular lesions in solitary kidney patients."
197,198,21951591,"Yes, pain‑related cognitions influence motor performance in chronic low back pain, as shown by worse reaction and movement times in patients, especially when pain expectations are provoked."
198,199,15919266,"No, routine adjuvant radiation is not necessary for all stage III thymoma patients; recurrence rates and survival are similar with or without it, suggesting selective use rather than universal application."
199,200,2503176,"Yes, inhibin levels are markedly elevated in hydatidiform mole patients and fall sharply after evacuation, suggesting it is a promising specific circulating marker for the condition."
200,201,20337874,"No, current guidelines are insufficient to ensure prompt diagnosis of ARM, as delayed diagnosis remains common (~32%) and guidelines lack mandatory documentation of anal patency within 24 h."
201,202,19198736,"No, small‑for‑gestational‑age is not a significant risk factor for retinopathy of prematurity; risk factors are similar in SGA and AGA infants."
202,203,22411435,"Yes, the higher risk of serious infections with infliximab versus etanercept appears mainly in patients younger than 65 years; no clear variation was seen by sex, race/ethnicity, BMI, or smoking."
203,204,23792130,"Yes, MR‑US fusion biopsy shows higher detection rates in enlarged prostates compared to standard TRUS biopsy."
204,205,21457946,"Yes, longitudinal MRI studies show progressive loss of gray and white matter and ventricular enlargement in schizophrenia."
205,206,25699562,"Yes, TLI assessed in late childhood predicts suicidal symptoms at young adulthood."
206,207,19648304,"Yes, it improves outcomes—reduces procedural pain, lowers pain scores at follow‑up, increases responder rates, and decreases non‑responder rates compared with palpation‑guided injections."
207,208,21864397,"Yes, combined modality treatment improves survival in nasopharyngeal carcinoma patients with lung metastasis alone, especially for those with disease‑free interval >1 year and age ≤45 years."
208,209,24235894,"No, the study found no overall first‑night effect on sleep bruxism severity in young, healthy subjects."
209,210,25793749,"Yes, Web‑based participants reported higher psychological symptom burden, while physical symptom burden was comparable between Web‑based and clinic samples."
210,211,10173769,"Yes, the Barthel index alone is not fully adequate; it serves as a proxy but other scales are needed for comprehensive outcome assessment."
211,212,20354380,"Yes, many women residents report delaying childbearing because they fear career setbacks, such as reduced training opportunities, increased complications, or interference with career plans."
212,213,9616411,"Yes, GP hospitals lower general hospital admissions and bed‑day utilisation, especially for common diagnoses such as cancer, stroke, fractures, and asthma."
213,214,12484580,"Yes, written information sheets significantly improve patients’ recall of consent details for total hip arthroplasty."
214,215,7664228,"No, earlier discharge did not adversely affect quality of care; readmission rates and post‑discharge physician visits remained unchanged."
215,216,22233470,"No, benefits are largely pro‑rich—especially in private‑for‑profit and inpatient care—so distribution does not align with need‑based universal coverage."
216,217,17971187,"No, family history does not reliably predict hyperlipidemia in children; the study found no significant association, so all children over 5 should be screened."
217,218,25079920,"Yes, parents reliably recall that their child is overweight (≈97 %) after BMI screening, but they remember only about 39 % of the detailed information given, and their understanding of BMI concepts and related advice is generally poor."
218,219,17355582,"Yes, better ambulatory process of care is associated with improved health‑related quality of life outcomes in patients with chronic disease."
219,220,12419743,"No, survival is not superior; response rates are similar, but single‑agent mitoxantrone offers better quality of life."
220,221,26163474,"Yes, sublingual varices are associated with hypertension (OR ≈ 2.25, sensitivity ≈ 0.48, specificity ≈ 0.82)."
221,222,14968373,"No, CT cannot reliably predict the level of CSF block in tuberculous hydrocephalus; air‑encephalography remains the gold standard for distinguishing communicating from non‑communicating cases."
222,223,8916748,"Yes, socioeconomic differences in mortality persist after retirement."
223,224,16361634,"Yes, about 7% of women with synchronous endometrial and ovarian cancers meet clinical or molecular criteria for Lynch syndrome."
224,225,20605051,"Yes, the study shows that adopting case‑mix reimbursement encourages hospitals to establish care programmes and use process‑oriented performance measures, fostering a process‑oriented delivery of care."
225,226,24614851,"Yes, spinal‑cord signs (T2‑high signal on MRI and pyramidal‑tract sign) predict poorer neurological outcomes in cervical spondylotic amyotrophy."
226,227,26965932,"Maybe, DES (E‑ZES) still shows lower ischemic events and stent‑thrombosis rates than BMS, even with short DAPT, but BMS can be justified in selected high‑bleeding‑risk patients where the bleeding risk outweighs the ischemic benefit."
227,228,19711462,"Maybe, web‑based systems can standardise care, but uptake hinges on infrastructure, clinician attitudes, and hospital policies."
228,229,28196511,"No, SSA is not yet ready to manage the increased burden of ART‑related adverse effects under the WHO “test and treat” policy; urgent system strengthening and data collection are required."
229,230,24591144,"Yes, elderly patients with oropharyngeal carcinoma are undertreated—fewer receive aggressive therapy, yet they gain similar survival benefits when treated."
230,231,25752725,"Yes, evidence indicates that schizophrenia patients with exceptionally high pre‑morbid IQ differ clinically—showing more affective, fewer negative symptoms, better insight and functioning—supporting a distinct subtype, often termed “superphrenia.”"
231,232,24606627,"Yes, remote physician‑examiners can participate in OSCEs. In the study, remote examiners scored students in six reOSCE stations with significant correlations to local examiners (r = 0.41–0.80 for checklists, r = 0.21–0.77 for global ratings). Students and remote examiners reported high acceptance, indicating feasibility."
232,233,20629769,"Yes, primary angioplasty is an acceptable alternative to thrombolysis, with overall high patient and carer satisfaction and some advantages in speed of treatment, despite minor inconvenience for carers."
233,234,23149821,"Maybe, screening HIV‑infected patients with gated myocardial perfusion SPECT could be considered for those at high cardiovascular risk, as the study found a low but notable prevalence of silent myocardial ischemia."
234,235,11483547,"No, aggressive use of polyvalent antivenin for rattlesnake bites did not cause serious acute side effects; only mild urticaria occurred in 18% of patients."
235,236,26209118,"No, unenhanced fat‑suppressed T1‑weighted MRI does not reliably distinguish bone infarcts from acute osteomyelitis in children with sickle cell disease; high marrow signal appears in both, and other unenhanced MRI parameters are not discriminative."
236,237,21848798,"Yes, Golytely yields a higher adenoma detection rate (26.2% vs. 16.1% for MiraLAX) and the multivariate analysis shows this difference is statistically significant (OR ≈ 2.3, P ≈ 0.04)."
237,238,27549226,"Yes, MPH graduates report enhanced leadership, policy advocacy, and management skills that translate into improved health service delivery, workforce capacity, and system reforms in low‑ and middle‑income countries."
238,239,26516021,"Yes, evidence-based practice improves patient outcomes."
239,240,23736032,"Yes, the study shows that the vast majority of breast‑cancer patients receive the treatment decided at MDT meetings; only about 17.8 % of discordant decisions were unjustifiable, with most changes due to patient choice or new information."
240,241,23002947,"No, feeding tube insertion and its timing do not improve survival."
241,242,15053041,"Yes, isoproterenol‑induced heart‑rate increases acutely reduce aortic stiffness in hypertensive patients."
242,243,24751724,"Yes, studies show BAME groups are more likely to die in hospitals and less likely at home or hospice compared to UK‑born or European‑born patients."
243,244,21368683,"Yes, patients with serious mental illness are more likely to be admitted to nursing homes with higher deficiency citations for overall and health‑related care."
244,245,16713745,"Yes, IL‑8 levels in pancreatic juice reliably distinguish a normal pancreas from chronic pancreatitis or pancreatic cancer, though they do not differentiate between the two disease states."
245,246,24669960,"No, sex does not influence rt‑PA effectiveness."
246,247,8738894,"Maybe, the study shows a moderately increased diabetes risk (MH‑OR ≈ 1.2–1.8) among glass workers potentially exposed to arsenic, especially when combined with cardiovascular disease, but the evidence is not definitive."
247,248,24671913,"Yes, the SYNTAX score predicts in‑hospital outcomes (no‑reflow, mortality, reinfarction, and LV function) in STEMI patients undergoing primary PCI."
248,249,23598835,"No, severe pain immediately after spinal augmentation does not predict worse long‑term outcomes."
249,250,10834864,"No, antiphospholipid antibodies were not linked to increased AVN risk in SLE after adjusting for steroid exposure; corticosteroid use remains the primary risk factor."
250,251,25521278,"Yes, plate clearing is associated with higher BMI and may be a risk factor for obesity."
251,252,23422012,"Maybe, it appears to be institution‑specific rather than a global trend; each center should monitor its own MRSA vancomycin MICs."
252,253,24577079,"No, strategy training improved older adults’ WM recall but did not substantially reduce the age‑related deficit."
253,254,12848629,"Yes, 9 months of chemotherapy is sufficient for tuberculous enterocolitis, with no recurrence observed in the study."
254,255,22849512,"Yes, neighbourhood social capital is positively associated with sports participation, but availability of sports facilities alone is not significantly related."
255,256,27642458,"No, the boycott call did not significantly reduce coverage (93% vs 94% previous), though it slightly increased parental refusals."
256,257,25503376,"Yes, airway surgery reduces serum lipid levels in OSA patients, especially those with pre‑operative dyslipidemia, improving TG, LDL, HDL and markedly lowering LP(a)."
257,258,24318956,"Yes, digoxin use is linked to a lower prostate cancer risk, particularly in men with frequent PSA testing."
258,259,26044262,"No, income‑related differences in active travel are not associated with physical environmental characteristics."
259,260,18670651,"Yes, the post‑ERCP rise in TNFα and IL‑6 (and the relative drop in IL‑4) mirrors the inflammatory surge seen in pancreatitis, whereas IL‑2 levels remain unchanged and do not track the inflammatory activity."
260,261,12607120,"No, the study found no significant difference in continence scores or anorectal manometry between patients with leakage and those without."
261,262,21914194,"Yes, experts across Europe still largely agree on core principles of good practice for migrant health care—such as equal access, cultural sensitivity, and empowerment—though some discordance exists on specific issues and implementation details."
262,263,24516646,"Yes, the study shows ISAC 112 is reproducible, with good intra‑, inter‑assay, inter‑batch and inter‑laboratory agreement and low coefficient‑of‑variation values."
263,264,28247485,"Yes, the first urinary albumin/creatinine ratio independently predicts maternal and neonatal adverse outcomes in suspected preeclampsia."
264,265,16647887,"No, treated hypothyroidism does not increase the risk of pregnancy complications."
265,266,16498158,"Yes, atropine is recommended as an adjunct to intramuscular ketamine sedation in children because it significantly reduces hypersalivation and may lower post‑procedural vomiting, with no serious adverse events reported."
266,267,24622801,"Yes, it reduces bacterial colonization and biofilm formation in vitro."
267,268,11247896,"Maybe, it can inform risk‑assessment and counseling, but due to high phenotypic variability, mutation data alone rarely dictate specific surgical or surveillance choices."
268,269,19145527,"Yes, most EMS professionals believe they should participate in disease prevention."
269,270,18568239,"Yes, experience improves efficiency—senior surgeons resect tissue faster and more completely—but it does not significantly change complication rates such as TUR syndrome or bleeding."
270,271,22075911,"Yes, recruits in the Army show higher dental decay and treatment needs than Royal Navy and RAF recruits, indicating a significant differential."
271,272,22768311,"Yes, evidence links HCMV infection to higher hypertension risk, though findings vary."
272,273,23359100,"Yes, etoricoxib 90 mg once daily for seven days effectively prevented heterotopic ossification after cemented primary total hip arthroplasty."
273,274,22303473,"No, the randomized trial found that structured family meetings did not prevent the onset of depression or anxiety disorders in caregivers of dementia patients."
274,275,24270957,"Yes, combined GH and hyperbaric oxygen therapy improves healing of left ischemic and non‑ischemic colonic anastomoses more than either treatment alone."
275,276,9920954,"Yes, hospitals ranked high on “America’s Best Hospitals” were associated with lower 30‑day mortality for elderly acute myocardial infarction patients, largely due to higher aspirin and beta‑blocker use."
276,277,24739448,"No, the FDA suicidality warning did not produce a significant change in antiepileptic drug prescription claims."
277,278,21592383,"No, the CCB falls short of fully addressing caregiver burden; eligibility limits, low compensation, and short duration undermine its effectiveness as a public health response."
278,279,11053064,"Yes, fatigue is strongly linked to fibromyalgia in primary Sjögren’s syndrome; 12 % of pSS patients had FM, all FM patients reported fatigue, and fatigue prevalence (68 %) was higher in pSS than in lupus (50 %)."
279,280,24098953,"Yes, the pilot study shows IgM‑enriched IVIG reduces short‑term mortality in VLBW infants with proven sepsis, with no adverse effect on secondary outcomes; however, randomized controlled trials are required to confirm efficacy."
280,281,17329379,"Yes, the study shows GFRUP’s guidelines are largely applicable in PICU practice, with most cases following the procedure, though timing of meetings and nurse involvement pose challenges."
281,282,27288618,"No, inhaled prophylactic heparin did not reduce ventilator‑associated pneumonia or improve outcomes in mechanically ventilated ICU patients."
282,283,25810292,"Yes, the study demonstrates high reproducibility and routine applicability of minimally invasive mitral valve repair with artificial chords."
283,284,16216859,"No, a well‑developed collateral circulation does not predispose to restenosis after PCI."
284,285,22521460,"No, early cesarean delivery does not significantly improve maternal or perinatal outcomes compared with planned vaginal delivery in eclamptic women."
285,286,19578820,"Yes, most records include opioid dependence and MMT, but 30% lack opioid‑dependence documentation and 11% lack MMT documentation."
286,287,21228436,"Yes, the study found that an experiential curriculum on medication error investigation led to significant positive shifts in students’ safety attitudes, increased awareness of error potential, and greater comfort reporting issues."
287,288,23506394,"Yes, the study shows malnutrition is common in hemodialysis patients and correlates with arterial calcification and higher BMP2/MGP expression, indicating it may act as a new inducer."
288,289,15483019,"Yes, patients eligible for adjuvant chemotherapy after cystectomy show better survival and lower progression rates, indicating a favorable prognostic factor."
289,290,24783217,"Yes, Ki‑67 can help predict response to neoadjuvant chemotherapy, with higher proliferation indices often correlating with better pathological complete response, though results vary and cut‑offs lack standardization."
290,291,17916877,"Yes, a 15‑min infusion lowers akathisia incidence (29.3 % vs 6.5 %) without altering headache relief—pain scores improved similarly for both 2‑min bolus and 15‑min infusion."
291,292,22513023,"No, overall they do not age prematurely; only some conditions (e.g., hypertension, respiratory disease, diabetes) appear earlier."
292,293,27146470,"No, adherence is low; about 36 % of patients missed doses or appointments, and only 13.9 % received direct observation, indicating poor compliance."
293,294,23147106,"No, peak concentration is not required; trough levels and AUC/MIC are adequate for efficacy and safety monitoring."
